incident_id,vehicle_id,date,type,disruption_likelihood,impact_on_delivery_h,order_id
1,31,2017-12-16,averia,0.6763,17.4,7e2ab154f3fc2e53ff80d58b7647b787
2,51,2017-10-27,averia,0.7936,11.1,894688f5124158773f73df86a3b83c6f
3,52,2018-01-26,retraso_trafico,1.0,4.9,b72cc1f71e3b599e3d2e7c4a41f6ea07
4,53,2018-01-20,condicion_climatica,1.0,11.3,117c312b89fc4ef46fca3f4b0c53829b
5,5,2018-06-11,condicion_climatica,0.8824,2.4,db5a3eab52ef5c18c745c172a5050809
6,38,2017-12-15,averia,0.9664,7.2,2f43e00527fc0602c116560861680ecd
7,1,2018-02-16,falla_mecanica_menor,0.7509,3.9,4f9b0bffe6ac71baea3848199b860f19
8,38,2017-06-02,condicion_climatica,1.0,5.5,9b04ee502585bbf5ea1c396717eaac34
9,37,2018-03-21,averia,0.5344,5.6,2567acdbfc6fa8d47fce09510677b955
10,43,2018-02-15,retraso_trafico,0.7868,1.9,819228bb978a781e564b6de402397c19
11,19,2017-05-18,retraso_trafico,0.8059,3.3,8a5631237c1d8626971f2867b25c076e
12,25,2018-01-25,retraso_trafico,0.7473,3.9,05df1c1ff1b3e0ba073493d2ca0bdffc
13,60,2017-01-31,condicion_climatica,0.5863,9.3,0c5d85fbd4b20a1d9d5fc6a29e739f36
14,37,2018-02-24,falla_mecanica_menor,0.4545,3.8,07b6fba80722b4ba2988ef68f8e20c9f
15,22,2018-04-15,retraso_trafico,0.8812,5.8,ad5358e0c5bbbde6f15e29855ba10bb5
16,50,2017-08-25,falla_mecanica_menor,0.8154,2.5,ca86f28287cc70b03cbb6db9c80f5a84
17,22,2018-03-27,retraso_trafico,0.6184,1.3,4623bbe84fc86655ac713dc181295a28
18,32,2017-06-04,condicion_climatica,0.3911,2.4,4f37cbf1e88e6a573c864f42e1072dd0
19,29,2017-09-14,accidente,0.7246,12.0,d8e82d1f482cdb6ddce0701ace3bc6c8
20,41,2018-08-18,retraso_trafico,0.2119,2.5,94a17118656ebafc4951d0f42859c168
21,58,2018-03-20,retraso_trafico,0.327,5.9,d8b81d0afc8e1dc9c448772c8789d612
22,36,2018-08-23,averia,0.7382,19.3,6550f76a630f229b798ea19ef27694d9
23,40,2017-10-25,averia,0.702,19.7,a732b8bd0437cccab9e945143ad0a775
24,41,2018-08-18,averia,0.9963,21.3,cad4f1f1630718b17426b3f335d0404e
25,36,2017-08-16,falla_mecanica_menor,0.9378,3.7,86795953649e4ff4f2edada496f38e6c
26,24,2017-08-29,averia,0.946,8.7,7630cf9ad47735d82f65e6e87beefb73
27,32,2017-12-18,condicion_climatica,1.0,10.0,98bd948995276012ef529fe379949f4a
28,52,2018-05-19,condicion_climatica,0.8891,10.9,dda00bd9d2607be3fdb9db2abe33b9b7
29,42,2018-06-12,condicion_climatica,0.5853,10.9,e67dfbc421e0d2908ef7e2c96d222f42
30,48,2017-08-24,retraso_trafico,0.9833,3.0,a198fadedc070d85fe672afa298f1a84
31,42,2018-06-25,averia,0.1398,7.3,4048feff4f2e6e394bcaf4981d27a9bd
32,45,2018-08-18,condicion_climatica,0.5632,7.9,4f917f92cc24478eff10b08c7a8d0d3c
33,6,2017-07-05,condicion_climatica,0.8521,3.6,da4c436373694f136c48e1ead3632f06
34,27,2018-07-15,averia,0.5869,14.4,a695e8fc1b0a6e9c814da33ed8cd9703
35,2,2017-05-31,averia,1.0,14.4,0ccb884361ec00003176dab0ea647f59
36,5,2018-02-16,averia,0.9184,9.7,bdb4eaf05d279b03ac661a14b8c05557
37,33,2017-07-31,condicion_climatica,0.684,3.8,9d4be303e6a9cebfccda2d29624ca472
38,24,2017-08-10,retraso_trafico,0.9892,4.1,2c13bb8f7c76a004da31e89b0b06d9af
39,1,2018-08-05,condicion_climatica,1.0,3.8,ed2a96e455e3b014a6e99e5671873b69
40,8,2018-03-14,condicion_climatica,0.517,2.6,7b138921061fdd90eace63dea3d27475
41,15,2018-06-09,accidente,0.2766,25.7,92e0e57ece13a66d7232aa795367d00b
42,4,2018-02-19,falla_mecanica_menor,0.3491,1.9,224d5440ae7516a5ca867b2d5311147b
43,35,2017-05-23,falla_mecanica_menor,0.6036,3.4,6771f603cb0053ec81ea51a2569ffcd5
44,47,2017-08-17,falla_mecanica_menor,1.0,1.2,f9bdbd23ce1300c00fbe319f518dcd74
45,39,2018-08-06,retraso_trafico,0.6675,4.0,4d0b1ea51ea051ef9f4765df8148c0cd
46,10,2018-06-29,averia,0.5422,9.4,8b834cd52afbdf1c2837ce5b7e9c6f21
47,8,2018-03-27,condicion_climatica,0.8324,5.9,9463979a72f79c0324a07095d572007e
48,36,2018-07-29,condicion_climatica,0.7835,5.0,0c06a823dbc08a3948528a087cc01906
49,41,2017-01-19,retraso_trafico,1.0,4.1,0f91be4a9bf9ffd2c1ace53b9e5dd9e2
50,42,2018-02-13,retraso_trafico,0.8654,3.7,ccebcd5c2e0f34354c3a594331678a52
51,16,2017-12-08,retraso_trafico,0.9579,2.9,ed36a885373249eb36b298e9907b5ac3
52,30,2018-04-15,condicion_climatica,0.9153,9.7,bbabc62c81566b606962e10a6f96e9c0
53,34,2018-02-20,retraso_trafico,0.8462,5.5,d51b2f84d150215cc2dedd0b60308876
54,12,2018-01-30,retraso_trafico,1.0,3.1,d4086112e1a1dfb1c53e132fd85ab97a
55,58,2018-02-08,retraso_trafico,0.7956,2.8,38428b9d195d4ce34ece330a56375cc6
56,13,2018-05-18,averia,0.4905,18.7,4836de5d09ae58d55773d2e0179dccba
57,20,2017-05-15,retraso_trafico,0.7235,3.5,1cad5655bb2058c43754fe8e8c98c4ba
58,20,2017-10-05,falla_mecanica_menor,0.7632,2.5,016d1bdf6efab4f6b805df1c03043113
59,7,2018-06-22,retraso_trafico,0.9114,5.0,908c02868bb2a9b847e64b23139137e5
60,31,2018-01-11,retraso_trafico,0.6981,4.9,06a02ea4efeed60e7e8e29a50d4bedaf
61,6,2017-08-14,condicion_climatica,1.0,11.0,86cd8ffe3eccc0207618a3187a294ea1
62,21,2018-01-08,retraso_trafico,0.4983,2.5,489d362ded79f4394b61b6e58453ab18
63,40,2018-02-05,condicion_climatica,0.9467,9.5,97400d97515bc5f8457c78d57a53ee5c
64,59,2018-06-11,retraso_trafico,0.5679,3.9,fdb987001ececccfd2e9320c8115d125
65,31,2018-02-23,retraso_trafico,0.4905,3.5,ebc1b6869013db46733e56deb933dd5a
66,16,2018-06-10,retraso_trafico,0.5192,2.9,c478aa87a01bd4882dec6d81fda7897e
67,8,2018-01-03,condicion_climatica,0.912,2.4,3c33046864727b932e3c4087844f091c
68,32,2017-04-03,averia,1.0,20.1,f1f920036ae5e94e294eeb5bf898b9d6
69,48,2018-06-30,averia,1.0,17.2,fa73021d06471826a5740f3188024ce2
70,19,2017-08-14,retraso_trafico,1.0,4.1,8464065239cc8397a5e71c0669d924ab
71,7,2017-10-06,falla_mecanica_menor,0.8873,2.0,c421ebe75a8bcaabd8540cfae6aa4a7f
72,13,2017-12-01,retraso_trafico,0.5709,1.5,b047dac5341ea96271595f661f547ede
73,20,2017-05-06,retraso_trafico,0.8523,4.2,eb16f27e232c80b012a9b0f0d95a9f67
74,21,2018-06-13,retraso_trafico,0.3181,3.1,654a7709a6364f1f2225033be8993d31
75,30,2017-11-26,retraso_trafico,1.0,2.6,1377241a1bc26c8414cbcdd017870afb
76,21,2017-02-24,condicion_climatica,1.0,3.5,b9112da66c99f7f73aed69802cb358f7
77,37,2018-07-19,retraso_trafico,0.9637,4.7,623a385bdb7d45cd3a9411fcee8e2c53
78,50,2018-05-09,retraso_trafico,0.9142,5.7,8775db0297a64cd48d3ea12be875d907
79,37,2017-08-07,retraso_trafico,0.8473,1.1,622cd02bfa274728c8d0260bc7c492a2
80,37,2017-12-27,retraso_trafico,0.859,4.4,87f652e7b494335099f630e05edcf3b9
81,28,2018-04-29,condicion_climatica,0.9765,8.9,f4c9ae3260949e6ff7e337d1a722db4d
82,38,2018-06-12,retraso_trafico,1.0,5.1,40e61df3e13139ca0731f9f2d68732b5
83,38,2018-02-07,retraso_trafico,0.967,3.0,0ac6093ec7bb2a5eb1da4961999ee9d6
84,2,2017-03-14,retraso_trafico,0.7601,2.6,e55e4860fd8e46e38f351f994f9e06cb
85,14,2018-02-19,averia,0.4319,9.9,36e694cf4cbc2a4803200c35e84abdc4
86,51,2018-05-14,condicion_climatica,0.7259,5.2,d44e4f353925550e6ac4d8442f956d0b
87,48,2017-11-25,retraso_trafico,0.9964,2.3,7f2810de522b451a990407ada69ff9d0
88,13,2017-07-17,retraso_trafico,0.5666,1.5,35aa2c55c4f28de4a5fba10c0952561d
89,36,2018-03-03,retraso_trafico,0.5246,3.1,434ee413138c6ead70939d4a56e0a29b
90,9,2018-03-04,accidente,1.0,34.5,619476e805415f3f855b5e0f2494836d
91,45,2018-07-01,averia,1.0,16.2,2ae87534d2afc8b5a768988977c8d582
92,14,2018-03-15,condicion_climatica,0.9921,9.5,e7b75dcb0795b77469ac7446ec900380
93,43,2017-08-23,retraso_trafico,0.9456,1.2,abf60bca751436919479c6ad94cf5c0b
94,6,2018-01-27,condicion_climatica,0.9042,4.8,17cc6728043d53cc948551dfbf0a338b
95,4,2017-06-01,falla_mecanica_menor,0.6362,2.2,1d7ee49ee66da430b533a85af951430c
96,48,2017-05-18,condicion_climatica,0.9115,9.9,0b0bf8f9977e22517521efeefa4b7a27
97,9,2018-08-01,condicion_climatica,0.8467,10.8,c7542d0d83ead101b058770578cc04c3
98,54,2018-04-12,condicion_climatica,0.5726,11.4,19b8a677a41f55d06c3beda4849717b5
99,59,2018-03-16,condicion_climatica,0.4142,2.2,226bdeb6252bfee90f63517f430be2e9
100,9,2018-05-21,condicion_climatica,1.0,7.9,4e1de8ce601dce8d9ec0049bb09af89d
101,32,2017-11-29,retraso_trafico,1.0,3.7,19e2a5909c8b0167ecbe280ecf35112c
102,58,2017-11-29,condicion_climatica,0.1763,4.9,bb4fb8e6263745e0b5dfb72b42a9b7e5
103,60,2017-07-05,averia,0.8946,17.9,0666806082c797ed8410aadc2e08f286
104,24,2018-04-15,falla_mecanica_menor,0.9349,1.2,503a894a01eda7b5fdd5cc5ba7eeaf4f
105,30,2018-01-01,retraso_trafico,0.5866,2.4,a1b053243040fd2e535ffcd708f05c7f
106,43,2017-05-30,retraso_trafico,0.991,4.3,67c41f8c7f43495ef9156232d80a9e0b
107,25,2017-10-02,averia,0.4533,12.6,5242fa332c499504758af265bbca7bde
108,16,2018-08-09,retraso_trafico,0.8304,4.8,dcdf7dd18209c50593d1b6cdf2392e18
109,12,2017-03-30,averia,0.9461,16.8,39c16eab44c2a583e8015a4505fc1dd1
110,32,2018-01-14,condicion_climatica,0.8773,5.0,ea5a4621227b0158f41da12e948e6267
111,22,2017-07-25,averia,0.5633,13.5,9ea3e77998212b1f268aa1753f3d421d
112,16,2018-06-05,retraso_trafico,1.0,1.3,45884a7283a93dd46695ead0cf9c0e95
113,15,2018-03-21,averia,0.8661,16.8,933b44007775d08defe992a330429cbb
114,12,2017-10-10,averia,0.5551,8.7,e4b86afb67e591d71050d108a2672dbb
115,12,2018-04-11,retraso_trafico,0.5836,4.2,617d980a730141906f5899331ad6db06
116,2,2017-03-31,condicion_climatica,1.0,6.8,20793c7d8b2f96312e51e2aa27204159
117,9,2018-01-17,condicion_climatica,1.0,11.5,d67bc62fb98a4a57ebf154cfbbaefca0
118,50,2018-04-05,falla_mecanica_menor,0.574,2.3,efade7725d5dfe59a8c281511cea69e2
119,44,2018-03-17,retraso_trafico,1.0,2.5,a21eacf4f3cbf9db2541da1ecb2e6cf0
120,36,2018-05-06,retraso_trafico,0.5485,3.0,48e70325bb404002e8ab78b3cf46a5fb
121,12,2018-04-28,retraso_trafico,1.0,1.4,851c1ec08214c18baed04be1c576fbd4
122,48,2018-08-16,falla_mecanica_menor,0.6917,2.7,e561fa177791f05209e4557ba7366347
123,9,2017-12-15,condicion_climatica,0.3269,6.3,87fbaf80a5baf8a4b61821115117f999
124,4,2017-10-31,retraso_trafico,0.6806,1.0,05d4aa8f649013fe68b769fa43ba7646
125,37,2018-03-25,retraso_trafico,1.0,2.0,b351c57f3466ec0b11aa1696b052068d
126,29,2018-05-06,retraso_trafico,1.0,3.0,43fa7a93e747753c3b50ab4a0be0e633
127,45,2017-12-08,averia,0.9561,22.1,7898e04c6122e0ceb6ad07f8707bb415
128,1,2017-12-05,condicion_climatica,1.0,2.3,a2774eabce91067c32cfb2813ac902ad
129,32,2017-12-27,condicion_climatica,0.5,9.5,69503da6ea02f63348e7bcbbb5420a50
130,50,2018-01-31,averia,1.0,14.7,236000cc7c90d723a7db9afa31f73e72
131,18,2018-03-05,condicion_climatica,0.617,7.6,4a8850f69928d666a410ca68a461f867
132,10,2017-09-04,condicion_climatica,1.0,10.9,fba2ee5d3cfe6651522da5384c3af63a
133,36,2017-08-13,retraso_trafico,0.8522,5.5,94e804cbf3da3ae66126b5d81e1f72fc
134,22,2018-08-29,retraso_trafico,0.7481,5.3,1342ab50383d7471a3bfd75ca93d38d6
135,21,2017-02-13,retraso_trafico,0.5487,4.6,17bac873da4c588c3111d7399f91673e
136,50,2018-02-04,retraso_trafico,0.7949,5.8,d579ab4fe27352cb09cfa39a9e4f25f4
137,25,2017-10-23,averia,0.9302,10.7,5d6a226e826a98e31be8fa150a5a6952
138,48,2017-02-21,retraso_trafico,0.7175,4.1,a00a8c938ecc721a55b033b93e8deeee
139,39,2017-08-23,falla_mecanica_menor,0.8908,3.2,819928f65fed7471ab4f5a39391bd67f
140,10,2018-06-28,averia,1.0,22.4,fc3ff005fe8350241fc153d6828070c4
141,42,2018-04-29,retraso_trafico,0.9169,5.8,7bbf6d61df34d5a28a8b892095b05264
142,38,2017-05-01,condicion_climatica,0.8999,8.6,ae6bf543002a1635b6158f90b3fcdeb7
143,6,2018-08-11,averia,0.9227,20.3,cc91a8e555c5d0b61066e4be9483fa57
144,47,2017-05-31,retraso_trafico,0.3001,1.2,73267bb8b187041d0921ae0d6e56e644
145,53,2018-01-08,averia,0.5209,23.5,5b9a7fae2bc9ceadc539d174314bd4a7
146,9,2018-07-02,retraso_trafico,0.9894,1.6,4d72fbd8a8a12d4012b8578725c97a06
147,13,2018-04-09,averia,0.7886,6.5,21196c30747231d579091396af990f0e
148,7,2018-05-11,retraso_trafico,0.3321,3.5,bfd9e46406df093343381a91996cb660
149,15,2017-05-22,retraso_trafico,0.3937,2.7,ca7a62dce548a9bd31b4fd4f12af30d8
150,59,2017-12-02,retraso_trafico,0.6594,1.4,e1e51d84ada825cd2396a682884d7c5c
151,22,2017-08-02,accidente,1.0,31.9,7ff1a09b20dab40c3d68630eb3b56a22
152,12,2018-07-29,averia,0.8396,15.5,6ee9a292ea3ec8f5ede12921f5afb2f3
153,43,2018-04-24,condicion_climatica,0.3228,2.6,a9a682eb2347718eaae4a75d99f205d2
154,22,2017-08-27,condicion_climatica,0.3879,8.7,950751565654ebfd1a4665d3c818e694
155,4,2017-11-29,falla_mecanica_menor,0.8729,2.5,1a96dbd0041decf9c11c051b4f13d676
156,8,2017-09-19,retraso_trafico,1.0,4.5,ab77be4cf9bf132ca4d82049e786e528
157,25,2018-01-27,falla_mecanica_menor,1.0,2.1,a13a672c837fcc0a47e85f93f3a8de73
158,47,2017-09-24,falla_mecanica_menor,0.988,3.0,36ff0e6c1dc200e440f805f289b4be74
159,44,2018-05-23,retraso_trafico,0.5958,1.1,6bbd90ca863235a9127bcc432f30af08
160,8,2017-11-10,condicion_climatica,0.5948,10.9,645a389e60ffe5af0bdc4800a14c36e2
161,41,2018-01-28,averia,1.0,12.7,1155a271e649284c3e901dbdda76e841
162,21,2018-02-09,falla_mecanica_menor,0.3791,3.8,11d1d2c41d418db52862561ad533739a
163,59,2018-08-13,falla_mecanica_menor,0.8781,3.1,bcaa7f7240deb32b0410ee6cc085d9b4
164,24,2018-03-26,averia,0.6961,16.1,fbd299c9b305701ce40810926aa2fc80
165,44,2018-05-09,averia,0.6181,10.1,07f57d42b535756c6e83baa0a5bcb322
166,12,2018-08-20,condicion_climatica,0.6672,3.2,5be9af49f40fc3bbb1c3c8aa5b7d8ee9
167,30,2018-04-02,retraso_trafico,0.6473,1.5,5487a8ac1699754d975f853ce8bb9321
168,27,2017-03-17,averia,0.8617,6.8,ee43d4bf4491386fa4837c502b9c3f4e
169,19,2018-05-13,condicion_climatica,0.7971,3.7,a0efff1e00b9e23eebde352c8808ce5a
170,41,2018-04-27,retraso_trafico,0.8894,4.5,a6ecc069c60805396f6a256b7b8e0883
171,12,2017-11-13,condicion_climatica,0.8384,8.7,421266486e0fff23de13b5302127280e
172,37,2017-08-04,retraso_trafico,0.9721,5.7,fd571ab12e8d263eaf309774eedfcfeb
173,43,2017-11-08,averia,0.7775,17.9,1544c3a5e5f00c3c65b8a7d5b83d7b04
174,18,2018-05-11,averia,0.6913,10.1,e95cac7e9ed8e477d726d47f72f420c6
175,55,2018-06-19,condicion_climatica,0.7639,7.4,ba6fe5e92a31200b06b69c99171eacf8
176,2,2017-09-01,condicion_climatica,0.7074,9.3,727d1e48f072a26b71d59a5238160e63
177,36,2017-08-30,condicion_climatica,0.5153,5.7,cdbe57b33f10dd54db2421744ab4a045
178,1,2018-03-08,falla_mecanica_menor,1.0,2.4,3359d2d84d5a8f9b5f53c65f926c5ec1
179,60,2018-01-09,retraso_trafico,1.0,1.1,1c0eb7262ceb60db69b3825f1fb1deb8
180,59,2017-06-30,averia,0.4149,4.3,cc43a0291c8a1508aa42c1f78ddd204a
181,1,2018-05-19,retraso_trafico,0.9941,3.1,632ac5c2bf3c8aeafd09f914775789c3
182,41,2018-04-01,retraso_trafico,0.8725,1.8,cc156335b424a3dea39dd5b6f15a0edb
183,51,2018-03-24,retraso_trafico,0.5918,4.1,b1526a2bd67c99a417bbd10df7904bb0
184,27,2017-08-20,retraso_trafico,0.8248,3.8,aa07fc0f496d65986abc9044683b8800
185,44,2018-03-30,retraso_trafico,0.9668,2.4,135d10c8c1fb10e298bb58356509e2c7
186,42,2018-06-12,falla_mecanica_menor,0.633,2.5,692fd4925e0a7e3c946566b4626f0f75
187,53,2018-04-19,condicion_climatica,0.9046,6.5,25d3072dc56915e5a39b1b745be7e001
188,42,2017-10-03,retraso_trafico,0.7576,4.6,987b7884b5b6e23a2b4d35d8213815a2
189,22,2017-04-11,retraso_trafico,1.0,1.1,b8795e01eda8fcba56bfad837fa68d92
190,55,2017-10-26,retraso_trafico,0.8516,3.2,cb01f5da9344f4c8dce9d954754b4253
191,58,2017-02-07,retraso_trafico,0.4777,5.4,87bced03e631b959304311f077bfbe31
192,2,2018-03-18,condicion_climatica,0.6655,4.8,fefbe15ebcd87ab3fb8577e635a8b31c
193,55,2017-10-17,retraso_trafico,0.8558,5.4,da792ccf2fb581023240f57c7ad5c14a
194,9,2018-08-15,condicion_climatica,0.5078,3.7,946d4f5359317f054ef617725b284cc3
195,17,2018-01-08,condicion_climatica,0.7921,10.4,1f04c2d89c92de520d7c6d5708b5b676
196,55,2017-09-18,falla_mecanica_menor,1.0,3.0,7bbf1280be83a8ea2790e7b3a5aab7e6
197,3,2017-09-12,falla_mecanica_menor,0.4328,1.5,23923af7b4df1da5db096c921e728325
198,34,2018-08-24,averia,0.6501,23.3,d543201a9b42a1402ff97e65b439a48b
199,14,2018-04-11,retraso_trafico,0.6346,4.1,f1fbc76b5a7cfbf5170cba46cbc93c24
200,41,2018-06-03,retraso_trafico,0.6484,2.6,c531cb50fa0506125473379b2d74356b
201,25,2017-07-05,condicion_climatica,0.3934,8.1,825c221a4e981f278e9c5ec6ead83a3f
202,13,2018-01-03,condicion_climatica,0.9542,8.5,c60956035ba2a58820be572c70648e28
203,58,2017-03-28,condicion_climatica,0.9835,2.5,7daacf43d9593e9a2959cc753578ce09
204,16,2018-02-20,averia,1.0,17.2,9e4e44e1a6c68a8d59b97d5e6c241974
205,47,2018-02-26,averia,0.952,7.9,d1e0427b410886678a52f73caa44e264
206,38,2018-04-27,retraso_trafico,0.559,2.5,cfa852b36d4337ce761694088ba477d8
207,33,2018-01-30,retraso_trafico,0.6737,3.0,7a4e109ca305e244583e6d58edbb3725
208,16,2017-12-19,condicion_climatica,0.8143,9.3,930fb714ff2992c4ff14bf920af830e6
209,57,2017-05-18,retraso_trafico,0.4774,4.5,ef53ed0382d7f4a3ce54b8e4a0ba7143
210,56,2018-05-20,retraso_trafico,0.876,4.5,931eb9b18a6471d1f635ff15fcbde0ca
211,19,2017-05-23,condicion_climatica,0.7529,2.6,ed286021929210cd8973f975041a275a
212,36,2017-03-04,falla_mecanica_menor,0.9876,2.4,d5a2a83ddd838aa8ea9297e7d3c773fb
213,13,2018-08-14,retraso_trafico,0.8499,1.3,a41466cb3e72f333ad56e60b2d2c1ec8
214,10,2017-02-24,averia,0.5708,11.7,88a385737ede49900eeccbcd1d16fa00
215,53,2018-02-22,averia,1.0,15.3,6b0eaae462243e328c81413a0b1968ed
216,7,2018-07-30,condicion_climatica,0.6387,2.2,4bcfd4cbbe95542bb16ad7ba325e2dfa
217,6,2017-08-26,falla_mecanica_menor,1.0,2.2,f551ed5f4c40a33b4922f6d2bd276941
218,58,2018-08-21,falla_mecanica_menor,0.9097,1.0,91ba8089d2fac808ba2eebac6c8c8819
219,36,2018-08-07,condicion_climatica,1.0,9.9,b899ac30c0df28d003611ad4999aa487
220,51,2017-12-10,retraso_trafico,0.5409,1.8,88857d91dc3370190060f4b06041e708
221,24,2017-07-13,condicion_climatica,0.3804,4.6,bddeec8b20313e26adb47e0293e54a7d
222,6,2018-03-25,condicion_climatica,0.8268,3.5,af32f548778c455ef24c466f397130b3
223,21,2018-06-01,condicion_climatica,0.7516,6.3,4f10217309e749b2c974370ca1f4d36e
224,44,2018-03-13,condicion_climatica,1.0,3.2,4dae17135a98e9bd142551fd799f7b0f
225,38,2017-07-27,retraso_trafico,0.9399,4.4,41d047e77cc83775301117a02c15b4ca
226,60,2018-03-02,retraso_trafico,0.7311,5.1,9870255ce4fd27e8b651ee15e606d903
227,49,2017-07-28,retraso_trafico,0.675,4.8,7de03e8d15c7de252f740627b5f666a0
228,57,2018-06-17,condicion_climatica,0.5862,9.7,0acdae809654a2de1235d18a12cf73f3
229,22,2018-01-24,averia,0.8515,16.9,e2b075864104d008c831b5c105a76608
230,40,2018-08-16,condicion_climatica,0.6823,3.1,e466da8b1fce311e8469cb62530c18a9
231,4,2017-11-07,retraso_trafico,0.9233,4.9,548c4aaaafce95ab8c06ac6a2f38d1cf
232,7,2017-05-01,retraso_trafico,0.7911,1.2,51a794671126e0829276fe7de804043e
233,50,2018-03-03,averia,0.8086,23.1,259ed824424260153076008ccc088840
234,54,2018-04-10,retraso_trafico,1.0,3.5,6856cad14147606a83cb29cb4feffce3
235,2,2018-01-10,retraso_trafico,0.708,4.6,e179df200326739d8a8bc2353c2c7699
236,2,2018-03-12,falla_mecanica_menor,0.7159,2.1,82bda23fb0584ed5750d372e9b597e4d
237,47,2018-01-22,condicion_climatica,1.0,8.6,0580802ab0d4809dc16b4c9002c01a27
238,7,2017-12-16,condicion_climatica,0.3869,10.3,af448eb4a17a94e4880096aeeb95a826
239,2,2018-06-18,condicion_climatica,0.8347,3.2,c62746805b3e3593801b7880cd85c8f5
240,11,2018-02-16,falla_mecanica_menor,0.624,1.6,93e89f81c82a22b8095dd19f7f973abe
241,13,2018-04-07,averia,1.0,17.0,575cf745e50a19f7d43cb7831c5c76ed
242,7,2018-06-13,retraso_trafico,0.788,5.7,6004599e0ca050d5d2e6b6cc27616061
243,48,2018-04-28,averia,0.4079,7.2,2b4bc6bc210c5033966e5f88858ea019
244,60,2017-10-30,accidente,1.0,12.6,0446aaa642b81cd046c44edda61ed010
245,5,2018-04-16,retraso_trafico,0.9357,1.2,79f8cc02c20efcfa018854bba9f9ebc8
246,6,2018-07-10,condicion_climatica,0.8465,2.0,8c23a5662eb362f46a3434c07e30f009
247,1,2018-08-25,averia,0.7544,21.6,d15b257b7d9942a18c578ac0b3483139
248,40,2017-10-26,falla_mecanica_menor,0.3158,1.7,2ecc1d9cebb1daded906e43f4c445a5f
249,19,2018-01-22,falla_mecanica_menor,0.8456,2.0,6feb1191d85c6196e2dde76966fdb45a
250,25,2017-09-06,averia,0.7889,21.2,2179f6c7ed393f3abe065e8d69e7ed1e
251,38,2018-05-13,retraso_trafico,0.5583,2.8,a9e0a6c6c03e55d8c372293aeacfefbf
252,2,2017-11-24,retraso_trafico,0.9245,3.6,2d759f2f4fc0dc05845a71118b1870e1
253,52,2017-12-17,averia,1.0,8.3,5b49cb2d5b6c3ec3583118c9601ff6a4
254,57,2018-07-02,condicion_climatica,0.4983,4.9,9cfa13a566f8072bb6af2c225db04e5f
255,34,2017-07-17,condicion_climatica,0.5228,2.6,ae40329a07e105f799f1b2d7c2f4c81a
256,2,2017-12-19,condicion_climatica,0.9569,9.1,e821c71ba6efed0813bbc0a01a95f24d
257,31,2017-10-15,condicion_climatica,0.9837,5.7,e53f0cfe74143e4d79c05a2df7e80411
258,12,2018-05-09,averia,0.4935,7.0,4dba50963d750e691239a5fb64bed86f
259,10,2018-03-27,retraso_trafico,0.7754,2.1,af1ffd059ac0a5f3996b4fe6c2863116
260,59,2017-01-25,condicion_climatica,0.8123,9.1,7c28cd51bc7b7b5b8e81ae0bb7f17340
261,56,2016-10-11,condicion_climatica,0.6151,8.5,021d08e4057e5b6414c8d2f69f4f72a0
262,54,2018-02-18,accidente,0.9198,21.5,90ec36af71b9d7450e0db5083efc90fe
263,52,2018-01-21,retraso_trafico,0.6861,5.4,b0980803dc397415a4aee2d3a7c2604d
264,55,2018-08-02,condicion_climatica,0.3653,9.1,04b7f4eff7b30fc23df0be1f249113a5
265,35,2018-06-09,condicion_climatica,0.0,5.1,592b0d429e4f22e5e82fa1ae3ea6a768
266,37,2018-03-07,retraso_trafico,0.6065,1.8,c05223a5f3e8d1dac89df5bfdcb58661
267,26,2018-08-16,retraso_trafico,0.9522,3.4,82494202b66a95f0b6298e21f88b95ad
268,31,2017-12-09,falla_mecanica_menor,1.0,1.0,7c1157b0ae1b27fe44017fbc2ccdb8a3
269,19,2017-10-30,condicion_climatica,1.0,3.4,de87be44e83ebc323acd6d4caec3ca57
270,21,2018-07-28,retraso_trafico,1.0,2.2,60a7df16f9a8d8f38bd974b8a873167d
271,1,2017-02-04,condicion_climatica,0.7242,6.6,721e8bafa01037b2af767f8de9617d97
272,51,2018-07-27,accidente,0.8197,43.8,a58d2e45e365fdb3ee3cdac17e1be44a
273,11,2018-05-06,retraso_trafico,0.6853,3.3,bbcd8e46520fed222134c829d40f79a6
274,28,2018-04-25,retraso_trafico,0.7824,3.4,7cb79316d2abe37e16ec83a07afb2895
275,33,2017-12-25,averia,0.9273,8.9,6621d32aa07764fa7759c523c9001bb2
276,52,2018-05-31,averia,0.9517,5.4,3e52730ef2fac6c1dc97b85aa5180ff0
277,7,2018-06-02,retraso_trafico,0.8505,5.4,928e8e158d1096bf9bad69d9e927b6b0
278,11,2017-08-16,condicion_climatica,1.0,3.7,8145c63ff6601f1c1aa707a322a8aa99
279,17,2018-06-25,falla_mecanica_menor,0.7289,4.0,25991ff9d06bf9a881b1e293b7187065
280,13,2018-03-05,condicion_climatica,1.0,10.3,73e675969b9e5495c9d1c8d4b3b21e1e
281,25,2018-07-16,retraso_trafico,0.8449,3.3,469dba1d869ad7ac257e09c9f8947b4e
282,34,2017-05-10,averia,0.9307,21.9,40a0d420733e7978f30e7a63616bba22
283,53,2017-11-23,retraso_trafico,0.5608,5.6,f61217ba862409d7241c2d23ac2c41b0
284,58,2017-05-14,retraso_trafico,0.318,5.2,fbfc97df1457d7d38a31cb4ffd994f6f
285,13,2018-06-19,retraso_trafico,0.6165,5.7,20179c04ba0e2e024542349ec1d5d263
286,37,2018-01-08,retraso_trafico,0.5586,1.6,023b3575b6649cf01cb239c0e9603262
287,50,2018-05-08,falla_mecanica_menor,0.9178,2.5,994c03114fc5a6345ad5e3b7aeac3e30
288,31,2018-03-04,retraso_trafico,0.7125,1.4,cfcb538b0e3d703532d8676f72674a66
289,57,2017-05-18,accidente,0.7534,16.4,5b0b2aa2743719f29545ae7a34007b8f
290,57,2018-01-14,condicion_climatica,0.8248,2.2,d58d1cce5f4ddbf91dec67d59eadd035
291,38,2018-02-02,averia,1.0,8.6,9cac107eb297225b3dde9b28a2bff0ff
292,2,2017-10-10,falla_mecanica_menor,0.3975,3.2,36102c60cdae5d6d01fd40b0b5db5857
293,40,2018-02-14,condicion_climatica,1.0,3.2,68520da728cf03bfb3ac593e7a6eedb0
294,40,2018-03-06,retraso_trafico,0.5942,1.6,40a62332da0cae00581de556c36c00ac
295,44,2017-03-20,retraso_trafico,0.7568,2.5,5d5158a88e86989b64a41c1c2aff9125
296,37,2018-07-26,averia,1.0,13.9,133a94aa41cab8ad1d4cf02c2636b9cc
297,3,2017-04-10,retraso_trafico,0.8681,5.6,a2c943e39eba3f96ca656df556454b97
298,25,2018-01-07,retraso_trafico,0.7447,2.1,efc0a4486f951c342875c6ffdeca315a
299,11,2018-01-06,retraso_trafico,0.6499,3.5,b94f8c4cf21758ae29b895f3edc412d6
300,27,2018-07-26,averia,0.2144,22.1,3822b25e989ac059e7f232678b67a465
301,19,2017-10-04,condicion_climatica,1.0,11.8,59a9185f4ae4b284bf06962763f4317d
302,8,2017-04-15,retraso_trafico,0.6795,1.1,ea921667f0ab37edbe094d0e67c9d454
303,31,2017-08-26,retraso_trafico,0.5509,5.9,283b742fe68780cce8df4470d11ac981
304,1,2018-08-20,averia,0.9486,10.8,fe2a47da00335a2a5952630b366abb76
305,20,2017-02-25,retraso_trafico,0.2187,5.6,b549db79344ec0935332f80fda6b63e0
306,51,2017-09-21,averia,1.0,21.8,814449e266f5cbff53f6e336abd1dd5a
307,55,2017-08-16,falla_mecanica_menor,0.7458,3.4,beb460eb01804a14aaee60f14c3247b5
308,41,2018-02-07,falla_mecanica_menor,0.6123,1.6,13b4f8c4b570d25d95bfd3c915ed9c38
309,12,2018-01-21,retraso_trafico,1.0,3.4,3b29577134414b4e92667a99da76dbd1
310,60,2018-01-30,retraso_trafico,0.6544,5.0,41a0bc525912e2ff3cc9edddcfa89007
311,53,2017-11-28,averia,0.5761,22.1,c99f7c8803c7a958c31ba67e7432ba16
312,50,2017-04-29,condicion_climatica,0.5251,7.2,ddf16d77e858a32f36e10c289a28ef61
313,7,2017-10-01,falla_mecanica_menor,0.723,2.1,1cb44c843df038496648b84a904aafa6
314,50,2017-04-18,averia,0.6192,9.6,7a398cc355d3a1a2d9101b5879b40cc8
315,29,2018-08-02,averia,1.0,14.4,312ca70771f7faab638a5aefeaaea172
316,51,2017-06-25,falla_mecanica_menor,0.9964,2.2,bb2481cfc7467d4d8ee14699270dd7e8
317,59,2017-11-20,retraso_trafico,0.8436,2.0,6961987bf1f3af131cc426530c982cc7
318,41,2018-07-11,averia,1.0,22.9,3ee9cf1702011ef8cb10312b07124ec7
319,17,2017-07-24,condicion_climatica,0.4082,9.8,da779b6680b82d9dc38f900be7380323
320,35,2017-09-03,retraso_trafico,1.0,3.3,116916cf522fb4386293fb7cfa886e7e
321,27,2017-07-23,retraso_trafico,0.8663,5.2,799236014ffd7f07bb4ab4172f2f9a56
322,30,2018-04-13,retraso_trafico,0.9198,4.6,10fbf4deeecbf5381ea7de8d87603c0f
323,27,2018-04-13,condicion_climatica,0.7287,9.0,1c3a0db39be54440c72e0111f46856e6
324,5,2018-07-27,averia,0.7815,21.0,0c349a33319c2d39efe799b472d71e7d
325,28,2018-04-04,accidente,1.0,11.4,d674f43f35a8b46f907663eeabefb819
326,9,2017-08-16,retraso_trafico,1.0,3.9,e27677cc62d6c8851e3b143c2e020291
327,22,2018-03-18,retraso_trafico,0.2682,1.5,2e7b020eeca2d5b86d5263a996d540bb
328,17,2018-05-06,condicion_climatica,0.7579,11.7,a0f1211e31ceacafc826779466a6d82b
329,4,2017-12-13,condicion_climatica,0.7545,5.2,a7586f18de9c78a682d841ea07939673
330,56,2017-06-08,condicion_climatica,0.2988,8.1,73dc3e4baa93bb0d493ffa7a8d1ffad3
331,32,2018-08-07,falla_mecanica_menor,0.7369,3.6,537690295b4d85739ba8cbf72ece30b6
332,12,2018-07-19,retraso_trafico,1.0,1.8,957109fd6a6321b74f0d9cf8969aff76
333,7,2018-01-12,retraso_trafico,1.0,5.0,0c5c8063a673f3c44b6499053e534ccb
334,52,2018-08-18,accidente,0.6729,33.4,125f493c9aa37e5e79a34e7b602da0a4
335,57,2018-05-14,retraso_trafico,0.6299,1.3,b76a3d04749c4594b548c8bf8c76270d
336,33,2018-07-08,averia,0.8015,21.9,d8c637c43a0a5a1c7ee79aad5ae359a2
337,7,2018-07-21,condicion_climatica,0.8079,7.8,e96e01f8670b7127f79534c069c3cd20
338,38,2017-09-07,condicion_climatica,0.8915,9.3,80509330a373b52445d3c8622c3fb9b6
339,58,2018-02-12,averia,0.7406,15.1,f5ac2f2da6f2f8228a83d6ee71909439
340,24,2018-06-16,retraso_trafico,0.863,5.3,0e252f244129af793f666f4b89a83478
341,29,2018-03-14,retraso_trafico,1.0,2.9,d02810c489d42d7e54dd19b8d7c9d91a
342,53,2018-05-05,condicion_climatica,0.8469,10.3,4ef23acabdb7440d19895d1e64443342
343,19,2018-08-12,retraso_trafico,0.6882,5.2,ec533ae9aa5bd7c370f7da7f9dbd6f64
344,13,2018-07-09,falla_mecanica_menor,0.9955,2.4,1fed99a98b731643b3b81a56f08b4bfa
345,29,2018-05-19,retraso_trafico,0.384,3.9,8a8c365841ef48982c95bbf95f9b7d02
346,29,2017-12-11,retraso_trafico,0.8713,4.9,36ea02534d94c9d58bbbd06fddb3fa9a
347,42,2017-10-20,retraso_trafico,1.0,5.2,68047069acb8883614bc980ad28ae9af
348,4,2018-07-04,condicion_climatica,1.0,9.8,ab0e3f0ce09583e2bb01c40b6b4e32b5
349,27,2017-07-05,condicion_climatica,0.9955,7.6,a2e6b3c462fbefc8709b2eb5f51f809b
350,44,2018-01-26,averia,0.9779,16.8,3048257a09e97a57f58f5d0586cc01a3
351,1,2018-04-29,condicion_climatica,0.8209,6.7,f96d59ecdb3f162337162d9bd1b7cabc
352,47,2018-05-09,retraso_trafico,0.8971,4.2,c463f0035fecd4a308f67cfe0bef72a3
353,58,2018-08-15,retraso_trafico,0.3082,3.6,ef6f25d7157243ccf3dea7d938259533
354,19,2018-08-05,retraso_trafico,0.6294,2.0,a00b62f3da02851a10f9dabf2708cfb9
355,2,2018-01-06,retraso_trafico,1.0,4.3,712f5ae305be29ba538edb90e7d8d321
356,41,2017-07-29,retraso_trafico,0.6556,5.9,ae5fe00be1af79fd3662e2696e3eab95
357,16,2018-05-11,condicion_climatica,0.995,8.2,5afaa7b618c8776fad63ca23a14a8035
358,42,2017-10-28,retraso_trafico,0.76,3.4,da0661322b03e6cc7ebe7e98961b9bac
359,25,2018-06-11,falla_mecanica_menor,0.3309,1.5,63c6cc7ed0b8a61178a9ec1faa7770a6
360,36,2018-03-27,averia,0.7517,21.2,f4eadb63785a85c5624767458b5f5cc6
361,33,2017-09-10,retraso_trafico,0.7287,3.6,ddde14c0021be582f5f7b9ce86b901d5
362,13,2017-12-04,averia,1.0,7.9,d26844690f17c5d19b50a5862b8d2a45
363,8,2017-07-24,averia,0.6738,14.4,f238657140944de62a948d0c66b25f73
364,56,2018-03-24,averia,0.7272,4.4,7ab737441b79ec93e9e9b1335f22a30c
365,7,2018-05-21,retraso_trafico,0.9835,4.0,fe168a6c6b0558d8b3767bdb616f87a4
366,29,2018-08-17,condicion_climatica,0.9996,10.2,75fd71aadc94da494ae8e9010c38d4d1
367,44,2017-03-08,averia,0.0919,6.4,5718fc130d653929872f0481438d3f66
368,39,2018-04-08,averia,0.3959,5.1,8d7de30c33f737a080cdd433ec8670e4
369,3,2017-06-27,accidente,0.7154,19.8,40087b9fa8303af7faf04a2eae4930d2
370,57,2017-10-19,retraso_trafico,0.2126,3.6,5a3b1c29a49756e75f1ef513383c0c12
371,40,2017-03-31,averia,0.0,14.5,545c329642c609a7e1e3ab759eed9dc5
372,59,2018-07-05,condicion_climatica,0.304,4.0,b65e9f6d886f2fd5807096ed8f4a72fc
373,8,2017-09-18,averia,0.0,23.9,200cb3a47d4f37e4c7a76abf51fd7ef1
374,55,2018-08-29,averia,0.9656,8.5,2ed5305b914f9e070f396f7d29287aff
375,12,2018-08-12,retraso_trafico,1.0,3.7,b5b9c285b121f832e405d1de17e9db46
376,13,2018-03-26,retraso_trafico,0.9643,5.0,5b8bdf149fa5dca5978d5209a06ea960
377,13,2018-01-10,accidente,0.8395,10.0,71154ee4c79f3dd93a78abaa38b08e4f
378,4,2018-07-20,retraso_trafico,0.5454,5.3,e5121f24a3ef1cb4b742aba33736755e
379,16,2018-06-22,accidente,0.8092,17.8,e54613f3313c396f77d8280b9121ea2e
380,30,2018-01-26,condicion_climatica,0.5034,7.4,342abacf5185442bacf95ce406225c6c
381,53,2017-07-17,averia,0.5523,6.7,ac699d120c768095409c6a373ed364de
382,47,2017-11-03,retraso_trafico,0.946,3.3,215f3324d1e0ac9abd788d1ac6d65b9d
383,55,2017-11-28,retraso_trafico,0.5449,3.7,dba28a189fd1425d68f33018e1d88808
384,31,2018-05-05,condicion_climatica,0.7484,2.3,81aa3cffc965f29788470b3e2550da67
385,21,2017-06-08,retraso_trafico,0.6615,3.7,78f60565caf7dc3b87f6e1e9b03b691d
386,43,2018-05-25,condicion_climatica,0.9844,6.8,8ddd6fc19a466ec0847fec42d69824c6
387,10,2017-08-14,averia,0.8796,9.0,9b1c817fd98473c0a0dab2a95b5979a6
388,49,2017-11-22,retraso_trafico,1.0,4.0,732afdd5420c25c298c18de68006fbd6
389,34,2017-11-18,retraso_trafico,1.0,1.9,ec8dd53b57b008ba78824972ccab7314
390,2,2018-02-07,accidente,0.8508,30.2,36782087b0d4f8cd6daa340872006259
391,53,2017-06-05,averia,0.7171,19.8,7a962b095b0922e93689020736751c96
392,24,2018-08-12,retraso_trafico,0.6413,1.2,a373ffc34c4613f5136ec29b5af247e4
393,28,2018-04-21,condicion_climatica,1.0,5.1,519848aec23e707e7000d416d01c5054
394,19,2017-05-07,averia,0.5614,19.8,576209b9fa58032b16db7d94289dd794
395,2,2018-05-29,condicion_climatica,1.0,5.8,29c5f9828f58dd08c018601e91da6759
396,39,2017-10-22,retraso_trafico,0.7395,4.3,80c4ad268f53ce7cf84d89479e4e6701
397,16,2017-07-07,condicion_climatica,0.5715,3.8,d04d69f547962363d9ddba414975a8cf
398,16,2017-07-30,averia,1.0,23.0,136d740adc5aa0d3ad07f279eeb5b665
399,49,2017-08-04,retraso_trafico,0.4045,2.1,ba8d16a572292d042403094d3c0fc354
400,1,2018-03-16,retraso_trafico,0.4622,3.3,e6c64e2ecfcd5ab01c9e7df01884c9d1
401,42,2018-03-15,averia,0.5523,23.0,2f1d5b7529ef8603fe34724e65a9f03e
402,18,2018-03-05,averia,0.807,6.1,2a2bc83b78d61f7b6c3a3e00c9b94956
403,36,2018-03-08,falla_mecanica_menor,0.4312,3.7,b924597838a7ba1e624e99fbd62cc560
404,40,2017-09-22,retraso_trafico,1.0,5.7,661e77bbf3e487db278f9fdef584550b
405,27,2018-04-08,accidente,0.5631,38.7,a5fd46480530fe84051edbf96b8beb9c
406,29,2018-07-07,condicion_climatica,0.7096,3.6,d0a72f8bcc1f2045167eaa548647e77c
407,27,2017-10-05,condicion_climatica,0.3563,11.2,cca9cf1218eaed08b0a72632895408ce
408,35,2018-03-25,retraso_trafico,0.7987,3.2,dfacafa5fce5542f18db6d6bb7ed5d16
409,19,2017-02-09,retraso_trafico,0.6111,4.2,6bc3c200db7e637a78b05d8984dcf66f
410,49,2018-05-29,averia,0.7339,21.4,5d38e21bcfe6ead5e9e882d4f8c828b1
411,58,2017-12-11,retraso_trafico,0.9657,4.9,f71c29e41d9d12d65f0e05f17fc6cecd
412,31,2017-12-13,retraso_trafico,0.842,4.5,23e9f8ff4531eef8fbeb21efcf4ca260
413,48,2018-05-24,accidente,0.6835,15.5,c4dad201936ed30eef3c94fafa59ed6e
414,20,2018-07-31,condicion_climatica,0.7728,8.9,952c3a4510a7db68bfa6a957bdfa0aeb
415,24,2018-04-30,condicion_climatica,1.0,5.3,c7068b2d09a51ca53dd0a06c2526be34
416,33,2017-10-20,condicion_climatica,0.8355,7.9,5a44c448d2ec7d62bb57cf35e6154e20
417,33,2018-07-29,retraso_trafico,0.968,3.4,47deff0f69fd02d0085bd77d6c9c0181
418,6,2017-11-13,accidente,0.7571,45.9,3e1f23a0732ed12cf355a855e7b84a58
419,6,2018-06-27,retraso_trafico,0.2452,5.0,55a54184af6cdb5cbd95d124883c2dbb
420,42,2017-09-24,retraso_trafico,1.0,3.4,7907fd0ffa8e1d3235f7d764ac286263
421,26,2018-04-14,averia,0.8438,21.7,aea98a9d19779475e8dd3302d7eb5ff3
422,25,2017-09-25,accidente,0.7365,41.3,868d2668d3bff66258de12631b298034
423,40,2017-10-05,retraso_trafico,0.9974,2.9,c0e6a4b9d9b4fb7364f6010863708cbd
424,31,2018-06-13,averia,1.0,20.8,bf73701b5b5b3896c9530b11ec89e8d9
425,46,2018-08-24,condicion_climatica,0.6218,10.3,d822122b00c0dbaddd3694846fdc262c
426,22,2018-04-04,retraso_trafico,0.819,2.7,7cbb15d12a1bb13fde596f305857b22e
427,43,2017-10-17,retraso_trafico,0.7791,4.5,9a54562498faf18f39a0e387976e11a5
428,38,2018-08-06,retraso_trafico,0.8889,5.1,2464a4f54814d3de636541955feeb947
429,13,2018-07-16,condicion_climatica,0.4553,11.1,38abfeb6bcb069a97c3d5e8100f94715
430,14,2018-04-03,retraso_trafico,0.9796,5.4,7bd0fa6cc96710fda7c735ed00b3c018
431,39,2018-06-30,retraso_trafico,0.7918,1.6,a5e7e590a77dc838c0311d33e0c88abb
432,42,2018-02-01,condicion_climatica,0.9574,6.5,24b2265078f470c6e64f81625408f93e
433,10,2018-08-09,averia,0.6792,7.9,6fd7aad38ed11be7812e861b8947f7d4
434,8,2017-12-24,averia,0.1839,5.7,19d199373015a403f1dad61de94637a8
435,40,2018-05-09,averia,0.7237,7.9,edf3091b65403afebeb2a7cbb1682b6f
436,37,2017-01-26,retraso_trafico,0.666,4.8,091ac0791556275533697b36e2b00ff4
437,31,2017-12-29,falla_mecanica_menor,1.0,1.4,eaa327106ae5437fcdfca397f45beca9
438,29,2017-02-04,falla_mecanica_menor,0.5038,3.4,57f7bb7d658b442616fce795fcc30146
439,13,2018-03-31,retraso_trafico,0.4274,1.5,54444139e38a74e40f21503caf8d3ef5
440,7,2017-09-15,condicion_climatica,0.5707,5.9,ac3ae04e5a2751b8cfd9baaa3dc58638
441,26,2018-04-27,falla_mecanica_menor,0.8293,2.5,10d9a4341b71723e4e9f55a51d649207
442,58,2017-12-13,condicion_climatica,0.6509,10.0,dd5d0d5c3c3b67e1e49686ecc9b692fc
443,47,2018-02-19,retraso_trafico,0.6133,6.0,18eb4d832e52cddbe2f64a22e306b8d2
444,60,2017-08-28,retraso_trafico,1.0,4.9,ac494f2492ac7cf8a41a392e48a51235
445,8,2018-01-02,retraso_trafico,0.915,3.5,3b03215cb91b5bb4f662af34c196bb34
446,11,2018-02-24,condicion_climatica,1.0,5.1,79b7eb93349ff756b079e5cb0195cd1f
447,51,2017-09-14,condicion_climatica,0.5763,9.3,6938607d864e891477d4b5d25ad507eb
448,7,2017-06-30,retraso_trafico,0.7273,5.1,99bc429ddaa03f67e02a463a20c2379f
449,30,2018-03-06,falla_mecanica_menor,0.3819,3.5,999dc37323684cefef388a9b58436118
450,4,2018-04-25,retraso_trafico,0.7293,2.4,14af65d7109058f32b35ed10a594cfc0
451,37,2017-11-11,retraso_trafico,0.7473,3.2,1525f8f0c2985955d93907fa19a9cc3a
452,25,2018-03-10,retraso_trafico,1.0,3.0,6f7cd7fe9082def530646e04996eb8a7
453,46,2018-08-03,condicion_climatica,0.5858,7.3,5640d8d8b0a6c23956f12c8dedfef8e3
454,6,2018-01-25,retraso_trafico,0.6163,3.0,621e03f779410292b15f82803b88fabd
455,10,2017-06-19,condicion_climatica,0.6645,3.7,50095280c67784024321b92405711172
456,30,2017-06-13,retraso_trafico,0.9855,3.1,22cfe8ea8be0dde8f8190b9fa000e365
457,30,2018-05-07,retraso_trafico,0.75,5.3,f9df671328c983159e6f49c929679f5c
458,22,2017-10-12,falla_mecanica_menor,0.8764,3.7,a21f7cbfcb4757dd5866a2673dc059b6
459,22,2018-08-20,averia,1.0,19.9,920c5e9d5a8a142e714aed65b5e06f8f
460,38,2018-05-15,condicion_climatica,0.7894,2.7,01787af385123b93ba50c5f05530ee12
461,29,2017-11-08,condicion_climatica,0.5147,2.3,51bf8106a8d1c81d402b04fe983b9b0c
462,58,2017-02-09,condicion_climatica,0.788,11.9,be0321747be0efc1c7241a5e985dd299
463,42,2018-06-12,condicion_climatica,0.991,6.1,dc03f474e6aa58b6f44b644ebc988d49
464,6,2017-11-30,falla_mecanica_menor,0.1373,2.0,9883ff3bcb04d3bb8dd9874de9f97354
465,15,2018-08-02,retraso_trafico,1.0,4.3,5e149681ce0a38cbd1ab43422be73a56
466,58,2017-08-10,averia,1.0,7.4,126b4962a09981cf9da3c8dc0470154c
467,33,2017-06-05,falla_mecanica_menor,1.0,1.5,092adae6d0744065b0482cb014c671c9
468,8,2017-10-15,averia,0.604,6.3,a5c29e65ba3d6d39d26e1e989f10f798
469,35,2018-06-15,averia,1.0,15.9,ce399271de0275f62753cadf440e3012
470,14,2018-01-27,retraso_trafico,0.7912,4.4,94112abf17930ce3b21294d61f34cde5
471,35,2018-05-08,accidente,0.7421,16.4,5fcbc2f469eaa436b81cbaa4c05eedab
472,38,2018-03-31,retraso_trafico,0.9951,3.2,e695c369ebd0ccf83008a14e42167d2b
473,6,2018-02-26,falla_mecanica_menor,0.5179,1.3,d9fb924d08e165eff00a9745385a2a36
474,52,2017-09-14,averia,0.7647,12.6,a80d320548df722e3676bfd8d636825e
475,22,2018-08-07,retraso_trafico,1.0,2.1,65480799a0ea99cc43f86d3af16e9d1c
476,10,2018-05-03,condicion_climatica,1.0,9.8,0acba0d89b659e968c61996fce491be6
477,45,2017-02-27,falla_mecanica_menor,0.525,2.4,e1552c6d3287763b12753fe05f2c722a
478,25,2017-09-26,averia,0.8261,6.0,0c897c38d294bbc817bc78528cb47e27
479,49,2017-06-26,averia,0.7853,5.3,6ff3a48be8338a98cb2c89c335514cfe
480,10,2018-01-05,condicion_climatica,1.0,4.7,bc2875d103c239620c7d56924ce991df
481,59,2018-08-01,retraso_trafico,0.9777,2.3,0a4c05d2e1ae812a342af2f5c9a34b36
482,55,2018-08-01,retraso_trafico,1.0,4.4,9674b842cc1b2c01f254872763800c1e
483,58,2018-05-21,retraso_trafico,0.2995,2.7,c5bff3d6b9585e55844afce2a2061259
484,8,2017-08-15,averia,0.4619,8.6,c9658b7487e1dbbf57f82493f398ed15
485,60,2017-07-14,condicion_climatica,1.0,6.9,f255dee03c0e577afd1457dbcfe7c264
486,14,2018-05-06,averia,0.9792,10.9,c844fe47e745e3199e1f985e6dec1618
487,17,2018-03-19,retraso_trafico,1.0,4.0,6d335a14529f4ffa4219793d5b5a9772
488,7,2018-01-30,retraso_trafico,1.0,4.5,c435a12c69420ebee5a5e0f5cfded1e0
489,2,2018-05-15,retraso_trafico,0.44,2.6,0e387099da9e67758ef1bee4f17095d3
490,42,2017-11-04,condicion_climatica,0.6472,3.2,93aeb5597e77e0da848f2118531a7d3a
491,25,2018-08-06,averia,1.0,19.4,3fc0be2b864e9efc63373bcbafbb16ea
492,10,2017-11-29,retraso_trafico,1.0,2.9,f5a46e0d0f766ca0dd73ed331959ce00
493,35,2017-12-18,averia,0.8018,15.3,0b0448ca144af06370f09b67224e0eec
494,24,2018-05-16,averia,0.3867,12.4,aa6007edd65e5c1396560755e4eaa6da
495,10,2017-05-24,accidente,0.3532,42.8,882532a9d3af41e668e0d305aa7bfe2a
496,30,2018-04-18,condicion_climatica,0.7092,4.4,97710347ca7f753c166b48121724ce84
497,1,2017-12-10,accidente,0.606,24.5,fb12e9f8e4aa61f0bce6b3afc7694dcf
498,33,2017-11-08,averia,0.2851,21.1,e5e40991ee40d56c69312d1736f84cdd
499,22,2018-03-31,averia,0.8399,13.2,cacd9b95a18d1b88b7f52fc53c2fdfc9
500,53,2018-01-31,condicion_climatica,1.0,3.7,be2c6e8995f1834bb439041b254f9662
501,7,2017-11-16,falla_mecanica_menor,0.7056,3.6,6779326a03f96624c0f23a80b2d4d2e4
502,57,2017-04-08,retraso_trafico,0.8237,4.3,9d3988465ae7ab02782cfc42f83ff58e
503,10,2017-07-14,retraso_trafico,0.6867,5.6,abd0736f947aa672d9254ad3cfaca4ff
504,2,2018-04-04,condicion_climatica,0.8334,11.8,8dc15e4b00578c78f90a16dd481552f7
505,59,2018-01-24,retraso_trafico,0.9426,5.2,8edd2076400f12faa67a3917145f6450
506,36,2018-02-08,retraso_trafico,0.7303,3.6,36ca3c87ca7562cf9be42d80a0abe097
507,53,2018-05-17,condicion_climatica,1.0,5.5,ae374449d2caf70b0df8b7504bad8bdd
508,5,2018-01-15,condicion_climatica,1.0,11.3,3330e0ac5e3abce6584d048a5bed523e
509,25,2017-04-23,averia,0.8497,4.3,11e1ed3bdff66e40249e686b93e657ba
510,30,2017-09-16,retraso_trafico,0.755,5.8,a38c0e50b66c0d87a55e783e07f8b1aa
511,30,2017-11-07,condicion_climatica,0.7424,8.1,34aed6e4313d7573b0d3b459f3a805ea
512,31,2018-05-16,retraso_trafico,0.9641,5.2,0533030deeaf4b83feea1ea004f2ddb5
513,23,2018-02-27,retraso_trafico,1.0,4.8,c7ffb347c8b6adfd234f93bf03ee2e2f
514,11,2017-08-22,condicion_climatica,0.7386,7.4,2e6410e400b80d9d36756c4c9b0c141d
515,29,2017-12-12,retraso_trafico,0.6238,2.7,047723564a4f371af7f16f08f08ae0e0
516,10,2018-01-02,averia,0.7912,14.4,dbbce23ef93cc9ebfe5a8859f1018962
517,48,2018-04-17,condicion_climatica,0.8431,9.8,02bcd06d9bfda1c2a4037560bed7b90f
518,34,2018-04-12,retraso_trafico,0.9654,5.8,52bf28ebedb0f11a3ba0efec670acd4e
519,2,2017-04-28,falla_mecanica_menor,0.7834,2.6,d5f7a7805bc55f3aa5f0c267ac2c77ed
520,35,2018-08-24,retraso_trafico,0.641,4.6,a8cc5640bb6e6bf0280850917666c4d5
521,58,2018-08-18,retraso_trafico,0.7971,3.2,b8e11074d7fd4b6123ebcc4af964381c
522,10,2018-02-28,condicion_climatica,0.7603,4.9,405059897f5d5fb7e349800c44920c61
523,6,2017-05-07,condicion_climatica,0.3362,9.8,22481cdbb6f8a97cee4e2ba46d59c024
524,24,2018-04-21,retraso_trafico,0.6594,3.8,4574f007160b73672228b5b6b27f8b92
525,6,2018-05-20,falla_mecanica_menor,1.0,2.2,501e09201e883a7018d34ba1a20e903b
526,18,2018-06-23,retraso_trafico,1.0,3.6,b677863ada4ac26c87c61f4e1ee78b85
527,13,2017-05-06,condicion_climatica,0.4931,8.2,a3a5d73f1d5b6acf698fdd0e795d2ec5
528,30,2017-07-21,retraso_trafico,0.5314,1.6,191019adbccb0d2a1f8bf25e117c9252
529,54,2018-01-08,retraso_trafico,0.7509,2.9,a89197bd4c78a468357435c73ea03bdd
530,24,2017-12-18,averia,0.2393,7.1,69ad29a3aba936e80ea906bf73c631a8
531,4,2018-05-13,retraso_trafico,0.935,3.8,cdd732749e9346c0ad3217aaf6ebd2e3
532,41,2017-10-19,averia,0.8983,10.5,156824260a71270937eda941cd291a58
533,23,2017-07-12,retraso_trafico,0.316,3.0,5ba2ed250b6f47416b0a787bd4deba63
534,10,2017-12-11,retraso_trafico,0.906,4.9,41c291a561e0257e25d6a75037e5a6a1
535,42,2018-07-02,condicion_climatica,0.9051,9.3,741653b1b2d0d37c62f1a1f90e93f02d
536,47,2018-04-01,condicion_climatica,0.961,12.0,87362ced3e155e82485e17f95f7f79c6
537,39,2017-02-14,falla_mecanica_menor,0.6283,2.9,3b8a3138cb95908731feea1a6e456ecc
538,24,2017-12-12,accidente,0.8989,21.8,caa6045d366628b2fe9115e7e99bd399
539,28,2017-08-30,condicion_climatica,1.0,4.0,fc37fc97974eb26b3d77d89d6c9c5f6a
540,6,2017-12-12,condicion_climatica,1.0,4.4,5f308941ed9b7d5b0a5031e2929f17eb
541,10,2018-04-04,averia,1.0,15.3,2f91341b841ba610e8981cabfcef4989
542,53,2017-11-28,retraso_trafico,0.7456,1.8,f4ca52bb4cdf0d58abc5784ded7c43b9
543,44,2018-04-27,retraso_trafico,0.7367,2.2,2d7a8c97e529d66fad6f5eef0f44d6a4
544,1,2018-02-13,condicion_climatica,0.7152,9.8,8e7d4bae45bbc64cdde3523afff196d6
545,49,2017-07-18,averia,0.8835,10.9,7416d9c6f5591dce41f59d37ad4bb455
546,50,2017-09-12,retraso_trafico,1.0,5.7,ce34eeaea4785aa1d4b7004019247aeb
547,41,2017-09-17,averia,0.4422,22.2,72b3e44d921d5ac99bd4a388569be765
548,31,2018-06-08,retraso_trafico,1.0,4.5,9804b55805c8c19afdf0e9af3e494a0b
549,30,2018-02-26,retraso_trafico,0.7658,4.4,2c9f9957886293ce9bc43dee12fa1adb
550,48,2017-12-01,falla_mecanica_menor,1.0,2.3,6cd91ba388e06035714e1776db85ec11
551,34,2017-11-12,retraso_trafico,0.6675,1.9,bb9ba5f4ae44424a81aa5d9e8d322835
552,50,2017-06-15,retraso_trafico,1.0,5.5,9b9993961d216f751b2b4cf2c85e1e85
553,13,2017-12-05,averia,1.0,16.1,723f99b0beda55330ece6bebc46b3d5b
554,17,2018-02-16,condicion_climatica,0.7897,9.1,38f1e6ca3a0de904e7597fd07ad95b6f
555,33,2017-08-21,retraso_trafico,0.5629,5.1,8595563cdfdd7b6274ba3dfef7ab6ed8
556,43,2017-10-02,condicion_climatica,0.8789,6.9,47f126e7f64951d597355b1f8e2d2f49
557,40,2018-05-21,retraso_trafico,0.7536,5.5,b2f3774fcd52e817b5f0e8b459e1db17
558,22,2017-12-24,retraso_trafico,1.0,5.2,ed1436604076711db664bd5063508cc6
559,8,2018-06-11,condicion_climatica,0.8252,6.5,64ff87188034c4f3dcd52e63db7d045f
560,15,2018-03-09,condicion_climatica,0.6789,5.1,7ff9b10e71f943448ffa7bcb62acd1aa
561,47,2017-03-12,condicion_climatica,0.3655,3.2,85031edc7b58dbec75ff2e24d7365e13
562,51,2018-08-14,condicion_climatica,0.7312,4.0,848cde78cd7e1fb3095502b79217a7ce
563,49,2017-04-09,retraso_trafico,0.7835,3.0,57e33a9ea02141930bcf5e4e0fdb7b4c
564,1,2018-06-06,retraso_trafico,0.8785,5.6,6725e06b0845f932b78f46292e937422
565,58,2017-03-06,retraso_trafico,1.0,1.3,6eab6f37ff2d390d23be84642739b500
566,29,2018-03-13,retraso_trafico,0.8258,3.5,7741a0c0ccbb42c74fb27c570c7e5354
567,4,2018-06-08,averia,0.7806,11.7,b323a1bf3949211f3d9fbc43772534e6
568,58,2018-03-11,condicion_climatica,0.9046,6.0,c7e76557ba75c7bf080e84d4b2601806
569,22,2017-06-09,averia,0.8055,6.6,816d5d441d23818493578fb1db0a22ad
570,51,2018-06-27,condicion_climatica,1.0,7.4,5d062811114a1d4fa25eeb314ae05bb1
571,34,2017-10-02,retraso_trafico,0.6652,5.1,a5a5b331d29606783958e39e046d4024
572,58,2017-04-22,retraso_trafico,0.9018,4.4,712f2292ec222ac15f99e7320aa4ad44
573,5,2017-11-21,accidente,0.805,40.3,bf43f434abcaa2f045548a0592ee5e3c
574,48,2018-02-18,retraso_trafico,0.8161,5.6,7eb947ee7c01b2d8872bc456302687ac
575,57,2018-05-17,averia,0.6405,16.7,29013a776f4baa9f0bfb378214a78da7
576,60,2017-05-12,retraso_trafico,1.0,2.1,544bad401327a8f0de6786c7ccd73c8b
577,42,2018-03-19,averia,0.7376,23.1,0cae3fb9a90f5aeeb7b3770b88f77851
578,40,2018-08-01,accidente,0.6554,38.3,62468ec3bde7ad016b389b68516dceb1
579,16,2017-12-29,averia,0.8866,22.1,b30e55fe9fd40e07925199c964a7ef3f
580,6,2017-11-20,retraso_trafico,0.4466,1.7,3863d44c3edaefd7c3da616211c0d936
581,1,2018-07-08,retraso_trafico,0.983,3.9,550c9803e94828d5b3c5c891561b7200
582,24,2017-02-10,averia,0.4747,12.7,2deb17060fc1ce18a85eba953ddcdeaf
583,42,2017-06-14,retraso_trafico,0.766,1.2,a41ea90d3b4f4a5ab7ebb216052db212
584,25,2018-05-30,retraso_trafico,1.0,3.4,2ee0dd09094bb9568b06bc1ffbe9f4ec
585,41,2018-06-17,averia,0.5932,9.2,cff26b49480fa8c4917fed0c71a61e21
586,22,2017-10-13,falla_mecanica_menor,1.0,1.8,9f2a805b0495acbda211c48398c8d606
587,34,2018-08-07,falla_mecanica_menor,0.7201,3.9,3912b0f176edb52c40f760e27d055456
588,24,2017-06-10,averia,1.0,18.7,96b2e80dae1e727fd9f346aeb278d1fc
589,30,2017-08-11,averia,0.8627,18.4,7dccc310577a4bbf99e57f1ae7ac587b
590,27,2018-03-14,falla_mecanica_menor,0.6022,1.3,19fbc3165fe906b098d02a6bc25d5318
591,22,2018-04-30,condicion_climatica,0.4521,7.3,0f405243033441a7910849f7f26fec2b
592,12,2018-01-26,retraso_trafico,0.5705,5.4,06c8b01414c769ebb36a9cd0fdb97baf
593,12,2018-08-07,condicion_climatica,0.7213,10.7,bdc82a7dd7a5afa642e590e280475da0
594,22,2018-05-29,condicion_climatica,0.6311,4.0,d65c4249ab7af6bab389533d3e320eb4
595,3,2018-01-09,averia,0.571,10.9,bb6ad5da18745c25ea9a43797598dfb7
596,7,2017-06-04,averia,0.5752,15.0,f4d71a4da431f1650c221ad918e22290
597,15,2017-10-14,accidente,1.0,22.3,0930b4554e6a2135e7132b897c3809f7
598,29,2017-10-16,averia,1.0,23.8,35a837720015a5cf47f5ff1f1f3a898a
599,55,2018-07-03,retraso_trafico,1.0,4.2,dd804880e8bbe570f05a48fe008632e2
600,41,2018-04-12,falla_mecanica_menor,1.0,4.0,1429ead4eddb0eb9b28d692f0fbb7692
601,5,2018-08-14,condicion_climatica,0.4403,6.7,8e378f2d3b581a5c5ce099dd32dfb422
602,51,2018-03-17,accidente,0.7915,27.9,510bff1cf06be1143d3b6698df2fd486
603,43,2017-11-17,retraso_trafico,0.99,2.4,9dcd4c42eb5a67201aaeb894461bab83
604,50,2018-03-01,retraso_trafico,0.6618,5.8,88cbdeaeb8c50426897ba268a0b163e6
605,4,2017-05-16,averia,0.6973,12.2,71ea8340051d1eb026b7f104899eafe9
606,19,2018-06-25,condicion_climatica,0.9255,3.9,2ed2aef2fa258dd0d58efbaf2eba622a
607,22,2018-04-23,averia,0.7105,13.9,16aa7d10b833ccd4307a1159ba08d071
608,7,2018-08-21,averia,0.7554,19.2,ac8cb2fea06770a98357d5e17a82b627
609,7,2017-11-26,averia,0.3722,11.8,6a87a0371f263aa8c1779c2c115c1427
610,6,2018-08-07,retraso_trafico,1.0,2.9,b067f7c5967819ff5e1cff8bd3814a6d
611,33,2018-06-19,accidente,1.0,44.9,64c04b1fbf1d65307ee77fa046ea3b7a
612,57,2017-09-14,retraso_trafico,0.983,5.2,8b6ca3212d045d15ba0abeca92515201
613,46,2018-04-14,retraso_trafico,0.6978,2.5,26e1b052ba34536f5766198e15bed1c2
614,25,2017-10-28,retraso_trafico,0.4871,2.9,d3762703e4549c646c1f000b5094abea
615,30,2018-05-06,condicion_climatica,0.9042,8.7,9cbc9568dccaf53e33a60ed966a8a94c
616,19,2018-05-08,falla_mecanica_menor,1.0,2.3,626add0c9183e7802564bf732e183dd1
617,57,2017-07-26,retraso_trafico,0.6258,5.8,82a71647905d5965a2d4c6e237ad3e61
618,60,2018-03-26,condicion_climatica,0.8846,8.8,c494a0ccf52e43b779d85717ac428496
619,35,2017-10-04,averia,0.6007,18.3,407408433ee2a9ed77984aa5a06e2b2e
620,7,2018-07-22,condicion_climatica,0.5314,4.7,a49dc0169f9bb6d3ac9829bdebd12299
621,34,2017-12-07,condicion_climatica,0.9609,2.2,60cff1372b45d7f481adbab11476d143
622,24,2017-12-15,retraso_trafico,1.0,3.6,86757b84a26b96e53be8c8090ae9f96b
623,10,2017-10-06,retraso_trafico,0.6405,4.4,6305aec3fc288054e3c30457795f98a8
624,24,2018-04-28,falla_mecanica_menor,1.0,3.0,5225e054c102b5a1d35f4741e8d6c718
625,8,2018-01-08,retraso_trafico,0.7612,4.8,f7bb1808de8fcbb7b751fd8f7687f14d
626,14,2017-09-20,condicion_climatica,0.5176,11.1,8484c5fe4c5e00deaa868795d62d1db9
627,28,2018-01-25,falla_mecanica_menor,0.8413,3.3,eab1a39f86d8586c5bd5d18ec94b18d4
628,43,2017-10-03,retraso_trafico,0.3177,3.3,cccf9681b96cdd1beb7f99ddf8b59b18
629,31,2018-04-06,condicion_climatica,0.5792,10.5,072500f428180f8c177181dd1e027d5b
630,31,2018-01-09,averia,0.7972,19.8,a37d25b4ab180d76025262df3c90cd3d
631,39,2018-01-10,averia,1.0,22.3,eb91575e0aa379948936984f822ef76c
632,24,2018-06-12,retraso_trafico,0.9568,5.0,657092a7391a08ae27775a441765b3bc
633,11,2017-04-12,accidente,0.7514,14.7,7af96e4998e17a87ca43a79b93e112c9
634,40,2018-07-31,averia,1.0,19.5,cfebb97f36814d6f42de3df1e03d0210
635,19,2018-06-27,falla_mecanica_menor,0.9192,2.3,c2d61723f3e69b1e2bb9cc9c638c0b5e
636,27,2017-04-08,condicion_climatica,0.5207,11.0,4c03716ec6e1d9291c862446c7d03fcc
637,46,2018-02-07,averia,0.7631,5.0,c8395c703a6133dc947b6b371b2551aa
638,56,2017-11-14,retraso_trafico,0.5257,3.1,23b808b68625191fb96d7174795a65f7
639,13,2017-05-01,retraso_trafico,0.7132,1.5,57cf4d744c7a883ddf948f733a52da42
640,54,2017-06-01,retraso_trafico,0.9181,3.4,c455e8ff84c22c9e3b3e1f5c8c8ef95c
641,16,2018-02-06,condicion_climatica,0.7777,11.8,01ba82170ebb683c73793bb809bbf1b9
642,51,2017-09-21,condicion_climatica,0.4774,11.5,9bee2a0789ef47ce6515c171c803a285
643,27,2018-01-14,falla_mecanica_menor,0.4112,2.0,89cbe85970695c78a58dd5f1d0e0fd35
644,57,2017-04-18,retraso_trafico,0.842,2.2,cd3558a10d854487b4f907e9b326a4fc
645,53,2018-02-08,retraso_trafico,1.0,2.8,0d23d5f95886d46d2deaee6f7282316a
646,13,2018-05-18,retraso_trafico,1.0,4.8,b1600c1915c18f85050002d08b6274a3
647,18,2018-05-18,condicion_climatica,0.9857,2.8,91e6838f3091d5ea8d82bc61a52b5d58
648,3,2017-09-12,averia,0.871,5.3,7e5821896794f7ee1e792ef610915f78
649,57,2018-07-28,retraso_trafico,0.8398,2.2,132c1bd080e7310cff7fac26d6d3ee31
650,25,2017-12-18,falla_mecanica_menor,0.9607,3.6,eb4d09476b0c4b4e17bee697d1adde36
651,28,2018-05-08,condicion_climatica,1.0,10.8,0f6fe79488ecaa34f835af7fec461439
652,24,2018-08-19,accidente,0.5719,32.1,c45408df26d1ce2b64518a9a9d65fd04
653,54,2018-06-06,falla_mecanica_menor,1.0,1.3,379281cb6937d39c00978dd24e8a71bb
654,7,2018-02-07,retraso_trafico,1.0,2.4,97ea8a6df3851db9452426e8aace15eb
655,25,2018-08-05,averia,0.884,5.7,6df0e5a8b0965f06d2e1219c846e1ad8
656,36,2018-08-13,condicion_climatica,0.7003,5.9,755a4d6ab201a238e51bc1d1ab18365a
657,10,2018-01-23,retraso_trafico,0.7212,2.3,9d77978d536fd7c6ca5ec414b63e1459
658,22,2018-08-20,condicion_climatica,0.6462,11.4,10d5f0eaccc82a1edadfdf784a8c2928
659,13,2018-05-24,retraso_trafico,0.8006,2.2,76c534dbb4c5ca67809898e7426097b5
660,35,2018-02-05,retraso_trafico,0.9425,5.6,8bbe236f21b3f7ff0a158c3161cac5ef
661,3,2017-04-29,retraso_trafico,1.0,3.7,ab3564822a24b5d7496a7ca54b0a2f62
662,54,2018-02-28,retraso_trafico,0.9826,3.1,ed10ac24a1a673552fcceb839887e8fd
663,42,2018-05-04,condicion_climatica,0.7232,3.2,33f11ddd5042dcc18008c3f804d67a7c
664,51,2018-08-15,averia,0.928,20.3,95169e040d35061fb85e797d1c163573
665,56,2017-12-17,falla_mecanica_menor,0.7202,1.5,a0eb4b1d3b5e4c29890291cc63a8eb20
666,33,2017-08-16,retraso_trafico,0.8854,2.8,3806e97292af7b9430f6981372925843
667,54,2018-03-07,falla_mecanica_menor,0.6664,1.2,0c6f709251c3df262aeb79458ad96a1d
668,3,2017-03-04,retraso_trafico,0.7364,4.4,7198e283e4a0c1146dcc3f5bedd276c2
669,26,2018-07-25,accidente,0.6991,37.3,64d7f23b722e9e54a995c7500c4926df
670,60,2017-05-06,retraso_trafico,0.9137,5.2,71df939ed0ea6fc3549a76728ae598d6
671,10,2018-06-10,averia,0.4966,7.3,9583e5c37c1a090275e8af994d6b3231
672,42,2018-05-10,averia,0.6487,11.7,3f4962fa52ddc4ab0d5a20355623cae2
673,45,2017-09-14,retraso_trafico,0.8378,4.4,5f890a619c8d23b671705de61578d238
674,43,2018-04-20,retraso_trafico,0.4638,3.3,6d92b8b8958a7955c3184410f45293f3
675,34,2018-05-14,condicion_climatica,0.7141,9.3,f92af4956f690ebc9200d25029ce7c06
676,38,2017-09-21,averia,1.0,12.4,0d43520077226a0a081c80ed9ca95751
677,58,2017-01-29,falla_mecanica_menor,0.5338,2.1,1489856fc5e3169af6b06edbc1aeb1b1
678,25,2018-03-15,condicion_climatica,1.0,5.7,a4a4243e6aa0b17774fc8f9c4ebc9fd0
679,58,2017-07-20,condicion_climatica,0.6629,5.8,5498bf7c13194844d474e73da1ab8bb1
680,29,2018-01-08,condicion_climatica,1.0,2.4,f06d767fc2a50ef403402d3ce1d5c7c8
681,49,2017-08-13,retraso_trafico,1.0,2.3,9f3dfb593f24a7bbc85f61b1690fcc28
682,16,2017-10-16,condicion_climatica,0.933,5.9,9dafa19eb6a1375cea8727c41ea74ca4
683,31,2017-04-25,averia,0.5638,5.0,104cf29a266be8f412ca30ec4cdab145
684,35,2017-06-30,retraso_trafico,0.7618,4.4,ec186af7a6d14a2a52ea8cc8059c0030
685,33,2017-11-02,falla_mecanica_menor,0.8152,2.4,3f6a8913c968855b8dd129dabbaae898
686,42,2017-12-21,retraso_trafico,0.9274,5.7,7da6a06739b42989ec5e12d459d84b18
687,34,2018-03-01,averia,0.68,17.0,9eb33d99dc51609493052a2822975ebc
688,41,2018-02-24,retraso_trafico,0.9564,5.3,638fa07954d987db6c7cc971c365eca5
689,8,2017-04-20,retraso_trafico,0.762,3.5,79f0079f45f137b3a4d31ebbd20de6c2
690,6,2018-08-19,retraso_trafico,0.8954,5.1,da95823b29f9ce7bcc4deebe1e568aff
691,41,2017-06-10,falla_mecanica_menor,0.5463,2.3,2a54e112de618e1603bfc032d05b0828
692,13,2018-04-07,retraso_trafico,0.5146,2.4,d4af27263fce5b006a6818766ed90fc9
693,16,2018-08-13,condicion_climatica,0.973,5.1,fafff116dd16dce96698db22844e3146
694,36,2017-08-06,retraso_trafico,1.0,3.7,1afefea8a6500c83df5bfc6e4f2eec4a
695,3,2018-03-19,averia,0.9613,14.5,08fd8d3e4e30f796d703584db2e27e1a
696,33,2017-03-21,accidente,0.5553,9.7,b10bb212c9f36af4c11fae51593de14d
697,4,2018-07-13,falla_mecanica_menor,0.7569,3.9,871a8acf3aa24b340ca528120ddea498
698,59,2017-10-06,condicion_climatica,0.7284,3.7,c79fa1e8485d41926511c2c2074a5f9c
699,33,2018-03-04,retraso_trafico,0.7455,2.0,df638e8bbe2b487525b22f5c7a5c9231
700,41,2017-02-04,averia,0.4745,10.7,adbbe31eab3ec8799e71b8fd89956464
701,46,2018-01-25,retraso_trafico,0.5115,6.0,a0613f72de8eeb0386bff92454492f6a
702,8,2018-05-04,averia,0.8941,4.3,fc698f330ec7fb74859071cc6cb29772
703,30,2017-08-22,falla_mecanica_menor,1.0,3.4,189ede25eb8522abcbd3592d08811f85
704,42,2017-05-26,accidente,0.7367,21.7,e288eff5f9db507c90e43976f4e83a5d
705,35,2018-08-18,accidente,0.7534,41.4,43b1a119dc947cc0fbf512a8763d2c15
706,6,2018-03-01,retraso_trafico,0.6607,1.9,14676aebeb151a1fa4f20e8fc3544621
707,57,2018-02-28,averia,0.1612,22.6,a4e68ccc93701454c492e5c54e86c9a2
708,23,2018-07-22,retraso_trafico,0.8668,2.9,ff130512369110d4190cde918edc039f
709,52,2018-02-24,condicion_climatica,1.0,11.1,e11d8c8f1891edccae172ab330782a34
710,1,2017-07-03,averia,0.5866,20.6,fdf459030a31d8361d80f9994ad7f8c4
711,19,2017-11-10,retraso_trafico,0.631,5.1,02542d42d329f6514533eef3af91edf9
712,25,2017-07-27,condicion_climatica,1.0,2.0,a90b081d0efa436e072d5328ecd904a4
713,49,2018-04-22,retraso_trafico,0.9959,5.0,de6385a70e9d74e2aa426dcf6d21c9e1
714,8,2017-11-01,retraso_trafico,1.0,3.4,7b2e128ff26556462b7d217f1b67600b
715,47,2017-09-30,condicion_climatica,0.4663,3.4,c05a69ea679c56b6437490f5d8eb7a77
716,29,2018-01-09,retraso_trafico,0.3497,5.8,bac2b6fc8f5a8adbd94a4f4ed0f510d1
717,41,2018-06-03,condicion_climatica,0.5892,7.0,67b0b5998d225c031727557708e9bfb3
718,43,2018-04-07,retraso_trafico,0.8105,2.8,d262943abbea3ae2db6528a4261ba247
719,25,2018-07-18,retraso_trafico,0.9569,2.1,5c41c8b1cb46ca2a7fdd390e960d9ade
720,33,2018-07-18,averia,0.7521,21.8,cdeb08f89f720090a01797f553cc8fcc
721,27,2018-03-27,retraso_trafico,0.4132,4.7,5c70dd56919e4ecb33f8d48067944b48
722,33,2017-03-15,condicion_climatica,0.7029,2.5,a216d63457e3501eeab4375752f0fbbe
723,5,2018-06-09,averia,0.5914,19.5,83ce097e3397deaca1b9af25b0e0b469
724,8,2018-08-02,retraso_trafico,1.0,4.1,5ced3c3a76ef7d2ab6b014b379d414fe
725,22,2018-06-12,averia,0.8692,18.9,adfc15ddc7db115f9785cf9893d93031
726,37,2017-11-27,retraso_trafico,1.0,4.9,65ded6e061f051ce3ae4a69b6870ac24
727,33,2017-12-17,retraso_trafico,1.0,2.1,2d893645a0ed6af2455f026ee2bd15d1
728,60,2018-04-18,condicion_climatica,0.8526,8.0,77139c08bb5f077f2b8dd52a1ea309a2
729,16,2018-08-03,averia,0.8688,16.6,d23bc376aeb971eadf9129860f03c047
730,12,2018-02-25,falla_mecanica_menor,1.0,1.9,8a7074d44436c26d7e0bd110395d0fe6
731,41,2018-05-25,condicion_climatica,0.579,11.3,ce79ae0eb1e344fbf19835147efc64e4
732,41,2018-08-15,retraso_trafico,1.0,3.5,7abe0cad12e4aec0091551e7153275d3
733,28,2017-07-15,condicion_climatica,1.0,2.9,905c3d04fa7c2003ae6931a5ab967ad1
734,27,2017-12-27,retraso_trafico,1.0,2.4,e7ad5555cd68853b98cff91be575f605
735,36,2017-12-19,averia,0.8732,11.1,5510961b19757530245aca63bf486893
736,49,2017-12-02,accidente,0.4679,44.4,c19d18cdc29fd917b9e655f55503a665
737,57,2017-11-10,falla_mecanica_menor,0.6413,3.9,2ed2cecbd0a129265173791a944b3a43
738,54,2018-08-08,falla_mecanica_menor,1.0,3.5,6cbddb4b9fd4c71ee2b7a0012dfe2fe3
739,18,2018-01-08,retraso_trafico,0.5537,3.2,dd9aa4781edd47b13197cd4745fa846b
740,37,2018-01-20,retraso_trafico,0.18,5.6,ccacf38d836bb451f51a555780ea425c
741,29,2018-07-05,condicion_climatica,0.9881,4.5,59e2aa6cada46ead4c4520d965785640
742,14,2018-03-16,condicion_climatica,0.644,4.5,23afc00db0b1c005196306f02e1c1178
743,57,2017-08-20,retraso_trafico,0.5655,3.1,8306cf8a11247ad0a271068a168cd83d
744,3,2017-05-09,condicion_climatica,0.787,6.1,f25ef046203c850005cd4200f7f8c190
745,36,2018-08-01,condicion_climatica,0.6099,10.4,d974607c57ca915767ed00355b0a7bcb
746,29,2018-07-19,condicion_climatica,1.0,2.9,3c3757e099924a1ef846889be651f146
747,45,2018-08-07,falla_mecanica_menor,0.4023,2.6,42c384d95181d3ee567e8639ff74fff9
748,57,2017-12-23,accidente,0.2965,18.7,e5535466d23681cc97013097a0644150
749,7,2018-07-05,retraso_trafico,0.7749,2.0,0132f39e8ad9b42ad2d41c847f44c0ed
750,47,2018-07-19,retraso_trafico,0.8218,1.4,d6a55340021ebcaf3b321d5a34c6c31e
751,12,2018-05-03,retraso_trafico,1.0,3.9,24341ac85c8c726efbf9b78eb47982aa
752,10,2018-07-22,retraso_trafico,1.0,5.1,a11ebb9e9f1a018eea99fe7105f2d897
753,22,2018-05-01,averia,0.5732,4.7,b0b61472cd1ff0e9f1450c6ae4c8d5a4
754,21,2017-12-17,condicion_climatica,0.8616,7.1,7b5d37ba26248e70f9b6c863d1964ed2
755,53,2017-02-07,condicion_climatica,1.0,5.6,06dec2690e0cd75d327646a81fdba74d
756,42,2017-12-02,falla_mecanica_menor,1.0,2.4,bb91772fe8f68f797df661e137151fd0
757,25,2017-11-29,retraso_trafico,0.9034,1.8,239f80de3a90292c837e69ec8ff3c4f3
758,41,2018-02-24,retraso_trafico,0.9191,3.2,b84ecc7b64445484f0775bf89f139fcf
759,40,2018-07-02,falla_mecanica_menor,1.0,3.0,5d3a8d8e8b6ececb6cecca1da56f46fc
760,26,2017-11-24,retraso_trafico,0.7776,4.9,8a12018fd6af932819b6e06b6e3eeba7
761,21,2018-03-25,retraso_trafico,0.8115,2.6,d28adc2e98b0adf1d9f65347488600e7
762,30,2017-10-30,averia,0.9058,15.6,2a7c74e0d94688e2a05240e3831ebb84
763,32,2018-05-21,condicion_climatica,0.4962,3.3,5739eb8dc1389c46e5ff8fc605a6ba44
764,39,2017-12-04,retraso_trafico,0.707,1.5,7124ccc1150a93e9f1d52032ebb1135c
765,42,2018-07-30,condicion_climatica,0.8405,2.9,d0917c0a88a601949cde7cec1331de4e
766,53,2017-11-11,retraso_trafico,0.868,3.7,9c4f3693a36ba481e0d9da739679660c
767,20,2018-02-23,averia,0.6214,9.4,813b5a476617fd4a0d4f49f875a6e99b
768,48,2018-02-04,condicion_climatica,0.707,2.4,07dee0f0916a444098de4beea749c5e5
769,27,2017-12-24,retraso_trafico,0.4871,4.6,fe4033b5e6c7a364a7c3e22083414f85
770,41,2017-08-01,condicion_climatica,0.1134,7.7,ca3a17e05aaef4739aa16cc63be8a117
771,43,2018-08-27,averia,0.7019,20.7,796033ffde6ba06e0abe387e36ee8fe0
772,57,2018-07-20,retraso_trafico,0.3605,2.8,b4d7995506859f96187970c8275ee66c
773,4,2017-12-05,averia,0.6022,12.9,50ef86138cef1c3745888df8e7ac74dd
774,8,2018-04-03,condicion_climatica,1.0,7.9,29fe4737eeefc4e09a905f66b9b8989c
775,17,2018-06-17,falla_mecanica_menor,0.8456,1.7,11ea58a620fd9de597a9f914ee52d9c9
776,57,2018-05-03,condicion_climatica,0.9117,4.2,46982dfdb7eb17de20078571fe8cbd34
777,6,2018-02-15,retraso_trafico,0.4564,1.4,e6cb268ffb0ba3f571bbc8b60a2e90fe
778,27,2017-08-09,averia,0.9198,23.4,3877e5bf296cc5b88537eab728ede326
779,50,2018-07-29,falla_mecanica_menor,0.6589,2.8,9fe26c640da2c51c4f699a364a195ccd
780,60,2017-11-29,averia,0.3785,17.1,7b2980930a29eada8d40bdc3932a7257
781,40,2017-09-11,averia,0.4348,17.8,cd76219509e0336ea669b48075e068e1
782,2,2017-03-20,retraso_trafico,0.8511,1.1,41827e4e8d543efd8589dd2b2578c1d5
783,41,2018-06-08,retraso_trafico,0.7497,5.9,75b2ac15a31245a1ee2eda6e41c8e85d
784,12,2018-06-07,averia,1.0,15.6,78ea241c511db7faf8d464cb4c58d87e
785,35,2018-06-30,retraso_trafico,0.7621,5.5,d8620e7ce05898d127530e10ba2c78f7
786,53,2017-06-07,retraso_trafico,0.2567,3.7,6f8d53661cb6c0103f103915644d0a06
787,43,2017-01-27,retraso_trafico,1.0,2.7,4269e9f98b1e74f0732bc93de6aaca6f
788,12,2018-03-27,retraso_trafico,0.8992,3.0,ce1f8664cb48d6603b021058b0463368
789,44,2018-07-06,falla_mecanica_menor,1.0,2.8,5a6e89bbd9436596a727dee37c59a9da
790,2,2018-05-30,condicion_climatica,1.0,7.2,9389b64e7d922e3b0c30f8026e418e64
791,43,2018-07-27,condicion_climatica,1.0,11.5,7b5dc68850daf14f7b74396f30647f6e
792,7,2018-05-19,condicion_climatica,0.7271,12.0,756fbe4ee70c4866a3cfb2facf6d7ec8
793,8,2017-11-27,retraso_trafico,0.2288,2.7,e71fb9d75d9348bd9a1cd5abeb2187ee
794,13,2018-01-10,condicion_climatica,0.5324,11.0,2e328ffa7af7bf06a2af0b74cfb14f64
795,13,2017-04-16,condicion_climatica,1.0,10.3,282161fa6e9f9cbcbaf8ea340d4ee7f9
796,49,2017-11-10,retraso_trafico,0.9236,2.9,0cf7571add1c69ad1e6c35589c2a8876
797,8,2018-01-10,retraso_trafico,0.7458,5.6,7b75f8f560e99f2ae0446d1369bf2ebf
798,19,2017-12-02,retraso_trafico,0.9067,2.2,290673dd0e92d677725fdb80ce26d46f
799,30,2018-05-09,condicion_climatica,0.7514,9.1,81490cadb782481738db4092957faf74
800,36,2017-07-13,retraso_trafico,0.3564,4.7,81d4e3ab663ca6c51e659ad5b31457e7
801,36,2017-09-27,condicion_climatica,0.9125,9.9,c442147fb67e965dd93f9c2a185daeaa
802,34,2017-07-21,retraso_trafico,0.4604,3.1,24726ba5765952ef5ee938ed34d73844
803,3,2018-03-26,condicion_climatica,0.5541,4.4,9149cd995e116bfe5be90e2659e468a0
804,51,2018-03-31,falla_mecanica_menor,1.0,1.9,741b9a72e9fd971d25772f8e3ea14205
805,55,2018-07-31,retraso_trafico,0.8557,5.2,fe850e3531d2e102d8d58b4403fe8069
806,13,2017-04-06,falla_mecanica_menor,0.9305,1.8,98567268fada7e240bf12be972e03a19
807,40,2017-12-06,retraso_trafico,0.9847,1.8,08920300c97e9c4ef7728df49f6317b3
808,38,2018-02-10,averia,0.6091,6.0,53d98d6f5af9e1734271f43a0aa46f26
809,28,2017-10-25,retraso_trafico,1.0,3.1,5a328406a89e62a595591f1a4cdeaa91
810,51,2018-07-07,averia,0.636,19.6,3805a46a72cba13fc8a3920d6da681c7
811,36,2018-03-30,averia,0.6497,19.5,35fdc6a25ee3a21b000346caeee26e29
812,48,2018-06-15,falla_mecanica_menor,0.7552,3.2,2e6d1a5b1078618ff4227f69b4b37e3b
813,34,2017-07-08,retraso_trafico,1.0,1.9,21ff9e52b420083bfc502b827916d069
814,36,2018-06-26,accidente,0.493,11.1,f19173015566f0318e6e12ea9dc36b11
815,36,2017-06-13,condicion_climatica,1.0,9.4,7199dc9a44c0b42b4341b93f376623e5
816,5,2018-07-12,averia,1.0,23.5,230571d6e34263b58881343939b5baea
817,47,2018-02-25,retraso_trafico,1.0,4.0,040c71e2bb944537100baa9dfff8e2ac
818,54,2017-08-14,falla_mecanica_menor,0.9861,2.6,783c795ca45c01ac1ebe459d8c26751d
819,4,2018-08-25,retraso_trafico,0.5825,3.6,345f3128d7ec2b4fe1b30bef9c24ac82
820,31,2018-05-10,retraso_trafico,1.0,5.5,d92a35dc65d930c859ecff392b7ec4ce
821,44,2018-07-24,averia,0.5035,17.0,b4876d0dae2cb7cd0b814c6ec0ddb757
822,56,2018-05-11,averia,0.5427,22.5,67eb7c81571cbef8a805401a76352600
823,53,2018-06-29,retraso_trafico,1.0,1.2,2130488399245a8d0444111813b29d86
824,15,2018-05-03,retraso_trafico,0.9942,4.1,eb6bf171200b90eb73d01a3f2096691a
825,31,2018-02-27,retraso_trafico,0.6161,3.2,e3807cb03bd879bb71c662d016a448d8
826,60,2017-09-13,retraso_trafico,0.935,4.6,0dac8f895806df31441bc1a5aa485a4e
827,2,2018-02-14,retraso_trafico,0.7775,2.3,3d5297364b0d752cbbb48a11a58eef00
828,44,2017-12-07,retraso_trafico,1.0,3.5,2c024a45efe2ae33a9efefcb6e75e92d
829,58,2017-04-14,accidente,0.7079,46.5,f0755fcb1af1b9abe9557b550c00f691
830,25,2018-05-05,condicion_climatica,1.0,5.7,bd31b009e1dbc47fc7c250b1e2cf5440
831,21,2017-12-28,averia,0.9877,15.1,74f9ee0e66467cc93728042775469e4e
832,55,2017-04-15,averia,0.6112,10.1,c505a1999c5ad6aacc8339242d824073
833,33,2018-01-28,retraso_trafico,0.8951,3.3,1d21d12aea4b6b1a7debf1e5e5604734
834,30,2017-03-14,averia,1.0,12.6,5e1efbce448f504da54b954d24342d74
835,32,2017-10-01,condicion_climatica,0.8082,6.0,17c552e9739b1fd0c1385b93eeb07953
836,34,2017-05-19,condicion_climatica,1.0,11.0,3ed44f394dcafefbeb7377f0450ba269
837,30,2017-04-11,retraso_trafico,1.0,2.4,c5080a16e1592695ec1c6cf3bad4e7f8
838,57,2018-07-30,retraso_trafico,0.8089,2.4,8682a030870edcce6a8b8299b68aa4d6
839,36,2017-08-12,retraso_trafico,1.0,2.2,00c95282163553a982f38481f9488481
840,59,2018-06-26,condicion_climatica,0.983,8.5,f4b9868b45403be3ef96c4f41744570a
841,9,2018-04-25,averia,0.7458,16.7,827440c00ada8331c87737e4c4fbcd2e
842,60,2018-08-07,falla_mecanica_menor,0.4328,1.4,7cdb98b018309556c5994e4a200213c0
843,12,2018-02-18,retraso_trafico,0.8416,4.7,21d032917e4ed1476f16ce92d0d8fdd4
844,50,2017-08-17,retraso_trafico,0.9824,3.3,7b552795a31c3247f5e0d3bc02addcfe
845,28,2018-07-24,retraso_trafico,1.0,2.5,259f388570f65b0d8c575f826cbdedf6
846,41,2018-01-14,condicion_climatica,0.6082,10.7,6c45e2d6cf05790573c8247e28c24a91
847,28,2018-06-26,condicion_climatica,0.7673,2.7,b93b11d71e901cb13e0c8a5f80ee67c6
848,13,2018-05-27,retraso_trafico,0.6737,2.1,932a3be1b6a43815872ae094f24afd2b
849,12,2017-12-24,retraso_trafico,0.9071,4.5,1674cd4deb921f97a794a8401ce9017b
850,17,2017-11-26,retraso_trafico,0.3371,3.0,efd6e545a0e34fcc1b5a8fe60d9026ec
851,13,2018-08-13,retraso_trafico,1.0,4.0,611a2fcea0dd6ddfd383514c75a6834b
852,31,2018-05-16,retraso_trafico,0.7562,5.2,628923e74a955e432c826a2e0da83406
853,25,2018-08-18,accidente,0.7387,28.4,1d0ec3f28fc4f0dfe429d70f0f2acf7f
854,13,2017-05-16,retraso_trafico,0.796,1.5,5af5ca095ad252181b2d59519e3714db
855,59,2018-07-05,accidente,0.7925,25.4,227a77cf2c1425f0207076c524b1bb5e
856,38,2018-08-22,falla_mecanica_menor,1.0,1.8,80d817467dc3d0a4bb5ab8986c962b1f
857,16,2018-06-03,retraso_trafico,0.73,1.5,f2c32ffe6169d6332ed88c7d49ad6936
858,39,2018-04-29,condicion_climatica,0.3319,4.9,c82aafbe44928b0afb27adf31ff6e78a
859,25,2018-06-16,accidente,1.0,44.0,95261f608a64bbbe760a212b4d48a4ee
860,41,2018-05-14,condicion_climatica,1.0,4.4,d5b8e12d70cbd872a14afea28d0a989c
861,4,2018-05-11,averia,1.0,22.2,38933687de905dff1914deea4ce58a0d
862,45,2018-03-01,condicion_climatica,0.3163,7.0,58cd1eb79e3ed5abe07691143092d982
863,30,2017-11-30,retraso_trafico,0.5226,5.1,68507de712879fdc905ed762ee009d0b
864,21,2017-04-11,condicion_climatica,0.7762,5.1,826e8ed6853186bc70550a793129c288
865,19,2017-09-16,retraso_trafico,0.5993,2.3,a6711e454e2bbe3bb021ec7fcfd3c6ac
866,40,2018-07-23,falla_mecanica_menor,0.8732,2.5,f635c6eec2310dbda391c16a6eada675
867,8,2017-03-31,retraso_trafico,1.0,4.6,64a6930359fc275c86dcadea2086895c
868,15,2018-07-10,retraso_trafico,0.6962,1.9,dd96d2bc36b1b3227d9defe815e46b7e
869,35,2017-11-12,retraso_trafico,1.0,2.3,b75a194685421be6ebb7b18c2ec9faa3
870,4,2018-08-14,condicion_climatica,0.9523,6.3,afb288542740b18ca4e5dbf1544db413
871,10,2018-03-31,retraso_trafico,1.0,4.5,58e1a22619f23efd803e43cc8c65908e
872,51,2018-06-05,condicion_climatica,0.8336,4.7,e73f1e4b75fb2dfc4c18f8c2afd75687
873,42,2018-07-09,condicion_climatica,1.0,5.6,47ce198e173de34ed4c92187e82717ac
874,5,2018-05-31,accidente,0.9784,19.7,72538f54faf4237f1b1f533a804f6061
875,54,2017-07-13,retraso_trafico,0.3648,3.4,2da401a4708b2c6309e7cdf0cfa5419a
876,45,2017-09-20,retraso_trafico,0.6206,4.0,ae9a9e54b4927c718d4e66073b5acf33
877,35,2018-02-18,condicion_climatica,0.9021,3.2,aaf8bab1b669bb91ff3ebc7396d45ce4
878,40,2017-12-24,condicion_climatica,0.5921,7.9,6a1ac461a015123f2d4daef591933747
879,9,2018-06-16,averia,0.4128,18.6,4170c6a8a42c20c1356a88bcbf187efb
880,15,2017-10-07,retraso_trafico,1.0,4.8,81f15a8caa9410d3483393a17f7e1745
881,9,2018-07-23,accidente,0.6768,11.0,2cdc4c50ebeabd8fd87582544e8e46a6
882,12,2017-11-08,retraso_trafico,0.8233,4.7,1c8e9b2af72bd475a280fe4e56ca4364
883,37,2018-01-17,condicion_climatica,1.0,2.9,b6f97ad9a7a85e2ad594c746a46dab44
884,13,2018-05-03,falla_mecanica_menor,0.7848,3.2,3223fda0de8d832b8e1224f6add1245d
885,38,2017-06-11,retraso_trafico,1.0,4.0,c05e7a155611cc12aedafb3d0440f105
886,58,2018-03-14,retraso_trafico,0.8803,2.9,2e36e67d9f5da20bc4617f15a48b91d3
887,17,2018-05-14,retraso_trafico,0.5466,1.7,abb9f3409081aa15446fa8ae9add98db
888,39,2018-04-16,averia,0.4959,11.8,fe642627ef34edffd9e897365f2d0449
889,3,2017-08-28,retraso_trafico,0.761,4.5,5ba2971983dbd7066539c01bcaad029d
890,27,2018-05-19,retraso_trafico,0.4979,1.8,7bd48b3739f397fed1450cf240bd27a5
891,25,2017-09-23,condicion_climatica,0.4314,3.9,de1f7486e03b78ba57d0f814b925ead3
892,38,2017-03-15,accidente,0.5579,29.3,fcadcc442807c2370f7d45ae2bcce264
893,48,2017-05-31,retraso_trafico,0.8294,5.7,ce6f24ccb16af897b7650022beead374
894,50,2017-07-30,condicion_climatica,0.9678,5.4,ca228c2c6dc307c077c98d26bb8de09d
895,54,2018-01-11,retraso_trafico,0.7876,6.0,e3b81e11591d22a361bd292adad69ca7
896,46,2018-07-07,averia,0.8245,15.0,7cb67275a494651008ed5b1f0353ddce
897,6,2018-07-26,retraso_trafico,0.9919,5.3,db6dae09bac5138ab59b6d6c0a1c5284
898,29,2017-12-04,retraso_trafico,0.9601,1.1,48f748418f436ecce9310b169835b995
899,34,2017-05-21,retraso_trafico,0.9028,5.4,b8f3f5cc5ad4103e17b5d0bd4266d69d
900,29,2018-04-13,falla_mecanica_menor,0.5637,2.9,b8b755f4dbfb058b20c5c4ef662ddc9f
901,53,2017-02-12,retraso_trafico,1.0,5.2,e819c0a367da758c5e60ddaee6890dc0
902,43,2018-04-02,averia,0.8833,19.2,af2bf9b846ff40006f0b5b856151f468
903,3,2018-06-03,condicion_climatica,0.5337,3.9,5ae255c95ad57c93f6b3a623b8b5505f
904,15,2017-05-06,retraso_trafico,0.6815,1.4,2a845fcc04905f947eaf328adb74e528
905,24,2018-05-22,retraso_trafico,0.8864,3.8,da095f1f4d7e0e3111772d51a08ad079
906,58,2017-12-14,retraso_trafico,0.6969,5.6,71e378d732b6816d87b711bd2911b854
907,38,2017-09-16,averia,0.8576,22.9,8a9da308d726841021141d81dea615b1
908,6,2017-10-14,retraso_trafico,0.8948,5.8,0fcc817e41a60bbb439c5ce638f62f31
909,43,2018-07-18,condicion_climatica,0.9268,7.1,0a31cde0de75146ec6aa043161f74cf3
910,9,2018-04-07,falla_mecanica_menor,1.0,2.1,ab8aefb183a8140b544a1eba6a139101
911,6,2018-02-26,averia,1.0,10.9,2a8132eaf9676f8a46d18b33cfe3a993
912,1,2017-05-22,condicion_climatica,1.0,8.6,80b9515e62b3dcb4da3c324967e6af86
913,7,2018-03-13,averia,0.8359,15.3,0de2d81b96096126e5ac518128fb3daa
914,41,2017-11-13,retraso_trafico,0.6137,1.1,286416c179ad55d3866ac9b330dec836
915,3,2017-10-17,averia,0.6882,5.7,854237a365a9bcdaae803b2fe7a630d1
916,57,2017-05-28,falla_mecanica_menor,0.4026,3.2,0c489872e351bedd37f08d3d940806d3
917,25,2018-06-02,falla_mecanica_menor,0.7205,3.4,2bcf195f4b476e9e1a4bd6d139db37ea
918,7,2018-06-19,condicion_climatica,0.2024,8.6,b2882c91557edcc086bc11bc8aa0805a
919,7,2017-10-17,falla_mecanica_menor,0.5424,2.3,5188cf1701fceace6ec6f14b40773f97
920,54,2018-04-02,retraso_trafico,0.9708,5.5,5a40a4c413dcda147caa00259a1732de
921,34,2018-04-03,condicion_climatica,0.7515,9.2,94a8d8bcc1d121eda5d59670f27d48e8
922,53,2017-12-13,condicion_climatica,0.4479,11.7,a69ec1a52a9dc2098fa6fbe6a47545a7
923,25,2018-05-08,accidente,0.8802,34.7,d133e52fb7806aa87cec35e47a1d06ce
924,10,2017-06-06,condicion_climatica,0.8789,4.4,5a133748846e3aa5322b5d4004d4eca4
925,58,2017-09-22,falla_mecanica_menor,1.0,3.2,9ba2ade828138782788e9a94fe1b2770
926,51,2017-11-26,averia,0.791,20.2,f4eda4d97fa21f60b8c95b433085d2f4
927,46,2017-04-29,averia,1.0,5.4,2930a715e49bf6193fd54abfb9da0d7b
928,25,2018-07-23,averia,0.3868,17.8,759aedc35b7caf0ca563b0b72614e9d5
929,19,2018-05-26,condicion_climatica,0.6574,6.6,e0dbf52e0c78f9be2caeaa5d799a83ea
930,4,2018-02-24,retraso_trafico,0.7791,4.8,2179922b1506749061ded19fb85a12d6
931,34,2018-03-29,averia,0.5521,10.5,85a00341850d3ac099340d190e2ec046
932,26,2018-02-09,condicion_climatica,0.5563,2.6,aabe36f3706e352ac62dcb1caa6d9d79
933,12,2017-12-03,condicion_climatica,0.9794,7.9,1cfced67fb82caa7fb2b4521de6e18e7
934,4,2018-02-27,averia,1.0,16.4,b4547d5f620b508ff80fb940f8d17274
935,5,2018-04-04,averia,1.0,11.1,e9e50d9850f15582d9f237afa91748c7
936,42,2017-11-29,falla_mecanica_menor,0.7844,2.7,9960ee97c2f8d801a200a01893b3942f
937,40,2017-05-10,averia,0.9634,7.5,7884c6faab9a4bbe9835842887be94cf
938,37,2018-01-12,retraso_trafico,1.0,4.6,d7ac124b50e54544b4cb85315b5f2793
939,17,2018-05-20,falla_mecanica_menor,0.8526,2.5,37e96fc1d814b16ee6b763bd52e9e0de
940,58,2018-05-09,retraso_trafico,1.0,3.2,5ba66d346be6e2116fed589d3d644346
941,22,2017-02-13,averia,0.7748,10.3,bb780b0ed67fce7c92b2772fde29bc6e
942,21,2017-05-12,accidente,0.9108,8.2,da0831d4484d6bb80afb9ddc8c12068c
943,42,2017-07-21,retraso_trafico,0.8058,4.2,eef74475f10dcef7d91f261873e054fe
944,24,2017-10-22,retraso_trafico,0.8538,2.2,f1450c491bd196d4089076234a1b5cae
945,23,2018-04-26,retraso_trafico,0.9191,3.1,1d8c63ae552e28d9aab13aa5a92dc389
946,16,2017-08-16,condicion_climatica,1.0,5.9,1d08b0ef8f21fe7710ecb1e433e25c0f
947,48,2018-08-14,condicion_climatica,0.8051,10.9,ac57a5e116e95f1b04e07e0b57a5f6f5
948,50,2017-02-22,retraso_trafico,0.6123,1.9,54a6430e873dab60295a0a83b82464d2
949,13,2017-10-02,condicion_climatica,0.5029,4.3,7cebfb16674d9fddd60acfd3f9256cbe
950,3,2018-01-13,retraso_trafico,0.4416,5.2,531202443efb276e104f75af96ec510b
951,1,2018-08-05,condicion_climatica,0.5275,6.4,fad1f2027ab155751ea0746b70f81921
952,55,2018-03-14,retraso_trafico,0.3966,1.7,756e696d1e7ff7fd6728f59e92e22651
953,7,2018-05-21,condicion_climatica,0.8661,7.3,88f183200120ee67658ffac046c2c078
954,7,2018-02-05,retraso_trafico,1.0,4.7,60808ac1c068fd05819ae92b344d9b0a
955,16,2017-12-11,averia,0.6021,11.3,b52ea8d12cbdea8a6b2be328a2e8ae55
956,1,2018-06-14,retraso_trafico,0.8534,2.7,9e68e57b1d59b0b5e5f9c13701af153e
957,12,2018-06-24,condicion_climatica,1.0,3.6,13bd28c9fb3f72368af23530f1231cb2
958,37,2017-08-15,retraso_trafico,0.8333,5.9,34225a124aef4e4ad2d5df2c52c57e1d
959,35,2018-02-19,condicion_climatica,1.0,2.4,edcde7cec7551bfe6606a221822941fe
960,44,2017-08-14,averia,0.4177,23.2,5dcc65f0f55ef1d3cfe2d7c90349e23c
961,13,2017-11-06,averia,0.9637,4.3,da9fa9ec3c77fa353f8eb20146bc9d6d
962,41,2017-06-28,retraso_trafico,0.7026,5.4,55a479bf08c3471a0ba7dc91746f2557
963,59,2017-03-05,accidente,1.0,39.3,a9c5309c8e09098f6ff30217e5f05292
964,33,2018-05-09,condicion_climatica,0.3255,9.7,e6a1dffced3033ae0e4838aece8aabc6
965,16,2018-06-28,averia,1.0,11.9,6917e117776da5f60f8403c2120ecb68
966,35,2017-10-08,falla_mecanica_menor,0.9873,1.4,5bd9862e9eb167d733096279f6b353ed
967,34,2017-06-04,retraso_trafico,0.643,3.7,5fba11dd999d40df0cc6c2169f2babc2
968,16,2017-07-21,condicion_climatica,0.5502,5.3,9561a9943b36636b3756df14b0aa72fc
969,25,2017-11-10,retraso_trafico,1.0,2.1,6d4c45be223296bf5be3d2612fffcf3b
970,24,2017-08-12,retraso_trafico,0.5067,1.3,08ad3a94339e1bddb2167b3c51faa4ac
971,21,2017-06-26,averia,0.8166,14.8,35a54a3bcc71cd258454f11c9229e9a5
972,7,2017-12-14,retraso_trafico,0.4047,4.2,9526afac09af0c00e87b74eb7290b6ec
973,57,2018-04-22,falla_mecanica_menor,0.2108,3.3,b12c22449b10c20ca59c61ae92eb3e72
974,40,2018-06-25,falla_mecanica_menor,0.505,1.3,07f970754e737efe221e6349eeb5a8e7
975,46,2017-06-14,averia,0.6182,21.1,bc05a22dab5b2a8b948ca9b0bac61373
976,54,2018-03-28,averia,0.3964,11.0,6e5fda4cd8dbfe3f9c8485b8d10d7503
977,31,2018-03-20,retraso_trafico,0.5392,4.9,5a8badb776e5585c274fe19201012249
978,3,2018-07-26,condicion_climatica,1.0,3.4,32d264c87f67556abfb9ddeb89d4277b
979,8,2018-08-13,falla_mecanica_menor,0.9299,3.2,171b2216b2d1b1f42bc9481f06dfaa40
980,27,2018-01-10,falla_mecanica_menor,0.6977,4.0,8f64289fd97cf4fe86ff2cf5ddd6d653
981,25,2017-12-23,retraso_trafico,0.5665,2.5,744bb613bca97aa5b1e31acbe8d2215b
982,56,2017-09-22,retraso_trafico,1.0,4.5,a56954062ba1fb4580bb7f36d175e552
983,41,2017-03-06,averia,0.8037,21.3,9ad384830a3bad800634d385f5f4d435
984,28,2018-05-22,retraso_trafico,0.6522,2.0,2063f9d50e384c34de535da7619f8aa6
985,24,2018-04-20,condicion_climatica,0.9572,4.1,b5946695c1837e21323da65699b4e187
986,36,2018-07-24,falla_mecanica_menor,0.9888,1.4,99496f27b38d83724e8dea944a320b44
987,47,2017-04-27,falla_mecanica_menor,0.3114,2.5,2fb37b5e58616af008e9835632fdce7c
988,6,2017-12-10,averia,0.1858,14.7,1d93a1f67fad3e9c8db7cf8ba268c790
989,53,2017-06-17,averia,0.982,15.2,ec2849a3e5771d9f27e2158628b8fc62
990,51,2018-07-14,retraso_trafico,1.0,1.7,8c5e882bb85543c0975f68712ea66b5f
991,51,2017-02-27,retraso_trafico,1.0,1.9,2a7e28cc85f95bc55c3d8aff8cc416b1
992,42,2018-02-07,retraso_trafico,0.4043,4.4,45fb3f449f9ca45f89ba2d2b062e495b
993,42,2018-08-02,falla_mecanica_menor,0.2951,3.5,fa501c06e7a60e98b43e678fd5205c37
994,2,2017-12-21,retraso_trafico,0.948,5.8,d65f5dae0f306445c7b9d4a37a07f1b7
995,57,2017-11-30,falla_mecanica_menor,0.2829,3.6,833d827e76a8693a05a5d8b6337fa218
996,31,2018-04-11,retraso_trafico,0.7474,5.2,8dc78af1cf59ea64fd1cbc09304b02c7
997,13,2017-03-25,falla_mecanica_menor,1.0,2.7,e77d85bec584c36b9558adc732947c76
998,38,2018-04-29,retraso_trafico,1.0,1.3,d8148e06f2f2b366a0c8df064103223b
999,43,2017-12-09,condicion_climatica,0.68,7.8,f7a3c0a5fc27b55750ca588c7d0c8aa3
1000,13,2017-08-03,retraso_trafico,0.9038,4.1,f40cab00f0f0f6d8f315adcda77fd5cb
1001,29,2018-05-08,averia,0.8568,14.2,fcab87cc4b99e2bf27ba067107607f7b
1002,39,2018-05-01,retraso_trafico,0.7564,4.6,0a40305560dea2cdc17c6661f222375d
1003,43,2018-03-22,falla_mecanica_menor,1.0,1.3,f26c31dc999a7994a4369c805f0bd029
1004,60,2018-02-01,condicion_climatica,0.2435,5.3,a20fd8d03db72237712932934935ab14
1005,56,2018-02-10,retraso_trafico,0.3759,2.2,62bec84b920514dd9d777e095fb5be2b
1006,14,2018-02-13,retraso_trafico,0.5165,6.0,577dbf4b3668adb656ec29c2ce049ab1
1007,6,2018-08-01,retraso_trafico,0.5093,4.7,0d17115bd61c612a87f11a25e904f8fc
1008,35,2017-11-23,averia,0.4752,10.7,f325b35e41a32e923f723a5689176149
1009,43,2017-08-20,falla_mecanica_menor,0.9053,2.4,b1334405900ad1c02d3521d59b962c6a
1010,27,2017-11-07,condicion_climatica,0.5592,2.2,f642a23f1bb1153eeba8cc4d86a05b97
1011,27,2017-12-07,falla_mecanica_menor,0.9144,3.5,2f9461545e91fb9fde10a190a2986c34
1012,53,2017-07-19,retraso_trafico,1.0,3.6,61b3b6333b91d2908d5b7ab095ffb8f1
1013,13,2018-05-08,condicion_climatica,0.257,2.4,3de92648437ce8d6e9d3b60f36cfa537
1014,54,2018-05-02,retraso_trafico,1.0,3.2,0c0a67b96b88d50a44c1cf028cda65a5
1015,15,2018-07-25,condicion_climatica,0.9453,3.6,3315a8038d5ead17040d6658a1377c7f
1016,38,2018-07-22,condicion_climatica,0.95,3.7,d16083ed35e57acd01a5ce52c16e5349
1017,49,2018-04-14,retraso_trafico,1.0,5.6,a65f65e30792ce1c3492008e544cd0da
1018,54,2018-03-15,condicion_climatica,0.5563,6.0,106179e2ad058eef3f7aa5b8f7dea1b0
1019,7,2018-04-26,condicion_climatica,0.7518,7.5,ac71263052acddd3b2031b5937f8fc30
1020,10,2018-04-27,condicion_climatica,0.7377,4.6,3b10c12d389da3bd306ab31f1867c754
1021,50,2018-02-22,retraso_trafico,0.3796,4.2,cfbc27fc3b0b3946a3dea53be0022108
1022,38,2017-11-16,condicion_climatica,1.0,3.7,60b8a11deea4c6884ae1c301e145f695
1023,10,2018-01-18,condicion_climatica,0.4149,8.9,41ed8506413669db4dc723ccad490421
1024,31,2018-07-16,retraso_trafico,1.0,2.0,fa4646aff1ebffa86487953e4143125b
1025,18,2018-07-17,averia,0.2504,14.5,ef21ebeb08690a0a1e20959c4d9f6357
1026,25,2018-08-14,averia,1.0,15.2,80eae376fddb50c28eb0e4857691de4f
1027,11,2017-12-30,averia,1.0,10.4,c468889241b5b0b1e079f4ef8ff2b86a
1028,37,2017-09-11,condicion_climatica,0.8935,8.8,a7a6f07430f4582429b12cd0c2bcfd3e
1029,38,2017-11-26,retraso_trafico,0.5628,2.6,01a921eb5bf5df0c2990e62563ceca49
1030,58,2017-12-14,averia,0.4308,8.9,416e49799e9260d93c8f636ce6661a55
1031,39,2017-12-24,accidente,0.7082,40.6,497463bc831a82dc0db5cdbb85c3a33b
1032,44,2017-09-10,falla_mecanica_menor,0.451,3.8,6bf889c14abae234b970354de7914c61
1033,51,2017-04-21,falla_mecanica_menor,0.7634,2.1,78d2db6fea6e971731e4b1b858f4435c
1034,17,2017-04-06,retraso_trafico,1.0,5.5,a8cf68ff08fc00910fdb589e444e23b4
1035,18,2018-01-07,retraso_trafico,0.9141,2.1,d089955a4f09c3d031b4a8b99017417c
1036,50,2017-03-31,retraso_trafico,0.6131,3.1,8c6dfc3056be4a27212a845d5f2bddc5
1037,25,2017-04-25,averia,0.954,20.6,04b16351c3a70c83b9f8f1fe295cb450
1038,39,2018-03-04,retraso_trafico,0.7024,3.9,512f7787a2182fd11754598a2a1b4e03
1039,49,2018-07-03,condicion_climatica,1.0,8.5,5a41aefdf8010bbd69a5264f69213b73
1040,40,2018-06-03,condicion_climatica,0.815,9.6,0989d111cfe79cf0bbdea443f1caf9b7
1041,49,2018-07-19,falla_mecanica_menor,0.8742,3.3,5515bb89b509d97aa78d434bc96ecee3
1042,39,2018-02-25,averia,0.8111,4.6,3ead4ba601979178b8073243e9878d9e
1043,29,2018-07-04,averia,0.6989,6.1,f3b71bda51bcde2c100176e4932c4492
1044,40,2017-06-11,retraso_trafico,0.9052,4.7,e96343d353d85658fdfef8ba65b57ea9
1045,3,2017-11-29,condicion_climatica,1.0,3.1,aff6796e5ce68e2c614234e4121fff13
1046,22,2018-01-17,retraso_trafico,0.8176,1.6,24812bb88ca7c88144814233a1d6f78e
1047,34,2017-08-28,retraso_trafico,0.7116,5.4,df5130410a20fcd7faec983640e48078
1048,48,2018-04-05,retraso_trafico,1.0,2.3,3311b1573fa138150d43e80f46c7d1cb
1049,13,2017-07-26,condicion_climatica,0.7175,5.2,2ca9036cf880a76f0a41894ede902e55
1050,33,2017-07-26,retraso_trafico,0.3595,2.8,88c2f1df68b3360d2a6c71cf40941035
1051,45,2018-01-21,accidente,1.0,10.2,42b6b03433736aa4bf2d0c5861b17879
1052,31,2018-04-05,condicion_climatica,0.9692,5.8,0721528eb05d8e5bd84d8220c5d4de19
1053,33,2017-10-21,condicion_climatica,0.7002,7.4,df6a6216c9ad1e49d9d48201dea50a9d
1054,41,2018-04-17,retraso_trafico,0.588,4.8,500ae586f3dab7aba8557a29f0073de4
1055,41,2018-04-14,retraso_trafico,1.0,2.7,9870d16ec4826588030fbb115e76ba70
1056,44,2018-03-29,retraso_trafico,0.6331,1.0,c347fb49d9d46619d71b2551fc83d6cf
1057,42,2017-03-25,retraso_trafico,0.6921,1.9,247775a3bf20c748cd22b1521899ffa7
1058,21,2017-11-25,condicion_climatica,0.8731,4.2,17e880ea1c52e7b2c6ac7485147bc060
1059,5,2018-03-02,retraso_trafico,0.9991,4.3,151c27c128aed0a8f60f8ed31c5d62f2
1060,2,2018-04-05,retraso_trafico,0.7038,5.1,c40c5d575c4ace5fdeaa53f94c039aa3
1061,36,2018-04-06,retraso_trafico,1.0,3.8,a1b0f9ee69a79c509eff098467a2fbb0
1062,31,2017-02-08,averia,0.5304,14.2,1973095f2596945f9dcc773608d8cad2
1063,52,2017-11-02,accidente,0.6072,35.7,81a4a5d32cb95aad3ce81680b8634b11
1064,9,2018-02-21,condicion_climatica,0.6805,8.2,950d953d1c32b47c840a17f3661427a4
1065,10,2018-07-05,retraso_trafico,0.6594,1.5,396e93059094c4e5ebf8af645cb91e03
1066,43,2017-06-14,averia,0.86,11.1,ea34eae68a8f3d0332107c30b071c7a9
1067,51,2017-03-25,averia,0.9364,19.0,7c7b50bf10378ca615ca44f0413bc73b
1068,42,2018-01-05,retraso_trafico,1.0,1.7,0955f133d0afa54f738fd6ac4c9bc83b
1069,37,2017-05-21,retraso_trafico,1.0,1.7,4b16d0a302a6bd19d22825d08d17d973
1070,4,2018-03-29,condicion_climatica,0.9761,4.2,49e7c284dac8e61eb27d5842576527ed
1071,41,2018-03-31,averia,1.0,20.0,de2ab566764e5148ccab8476d2cf1806
1072,2,2017-12-06,retraso_trafico,0.6674,2.0,960dbad4c14e64cd6b327fdccdb2d231
1073,14,2018-03-09,retraso_trafico,0.5283,3.6,9aa0695aafd26e856023e7dc62d3d878
1074,56,2018-03-24,retraso_trafico,0.6828,2.1,bbc82e918e96057462aa6983e7035fe5
1075,27,2017-07-25,retraso_trafico,0.7158,2.4,33a67fb276caf546d718a4b4d19fea26
1076,8,2017-09-26,falla_mecanica_menor,0.1202,3.2,3347d1c2249e2e53f4ebb12db1ebdf91
1077,13,2018-07-26,retraso_trafico,0.6467,1.8,503f675df334896d388f06d20d5dc540
1078,39,2017-05-16,retraso_trafico,1.0,2.6,e3852ebb9e79c3422a17692da2c89ee5
1079,46,2017-04-04,retraso_trafico,0.6986,4.7,9f1d14a57c14b6fff699b45a39d60bc5
1080,53,2017-09-07,condicion_climatica,0.6568,7.5,6c7eda5a953efb5c1b6214592902069a
1081,24,2017-05-29,retraso_trafico,1.0,2.8,434cecee7d1a65fc65358a632b6f725f
1082,15,2018-08-09,averia,0.8119,7.7,0cc61cbbb97b708ac85f95f24e7e4439
1083,46,2017-03-24,retraso_trafico,0.5814,4.1,217bb07ca5be930bc84e050acb4817c2
1084,43,2017-11-26,retraso_trafico,0.6091,5.5,ce57e26ac36a4383eded595d2e878000
1085,60,2017-12-15,condicion_climatica,0.6493,6.1,491e0cbf42a355f2797b69226d4db636
1086,8,2017-10-14,accidente,1.0,19.7,d27e244ebc24f5dccc83996e2ba9abdd
1087,11,2018-04-25,retraso_trafico,1.0,1.3,a9016dde97a6a447890dd748aa844b85
1088,46,2017-10-02,retraso_trafico,0.6796,5.2,ce52a7a6fba6e7475592bcb989ff0487
1089,48,2018-04-10,retraso_trafico,0.738,5.7,5b908ef05527e15afdc4a901b502d54a
1090,46,2018-06-07,averia,0.3103,23.4,95d9d2979d40161be87292ff88563cba
1091,36,2017-09-30,retraso_trafico,1.0,1.7,effafe41a13010ada8a0e7a8f1412a30
1092,33,2017-09-09,condicion_climatica,0.9484,5.6,83e064bc8c54fef04698774d069eed59
1093,60,2017-06-01,averia,1.0,5.0,b9be721c953bcf3a003fc4492a3155a1
1094,42,2018-08-22,condicion_climatica,0.7721,5.8,110217d362db03668a0c1388db3fa1bd
1095,16,2018-01-10,condicion_climatica,0.7007,3.8,64961856ac3ecffc69c5714564e17d39
1096,33,2017-11-28,averia,0.6518,11.6,536ed688b4241b1de09816d56b845537
1097,10,2018-08-01,retraso_trafico,0.9281,4.6,0c80c82bdef7f227e7483cdd3c94f697
1098,23,2018-05-07,retraso_trafico,0.5838,3.6,ad5ca87a6601228af735af74e4077178
1099,4,2018-04-19,retraso_trafico,0.7992,3.3,df36d28de846593cdbc153e28f195cd5
1100,42,2018-06-28,averia,1.0,12.6,ba4088023bb3056caca3d40810844bf6
1101,14,2018-08-15,condicion_climatica,0.9823,6.8,d6facb241e387bcff2026c6cc25eaf68
1102,32,2018-03-04,falla_mecanica_menor,0.8348,2.5,f6ba6de181266b918292db17ba6616b8
1103,56,2017-05-15,retraso_trafico,0.9254,2.1,858dc2838532d6ec487b622925f25c56
1104,58,2017-05-01,averia,0.9112,23.5,d7d3d5db0f040ecfad8982f09f73d075
1105,31,2018-03-10,falla_mecanica_menor,0.6207,3.2,ef39e8a01edeec8664b6fa8ebc5f3b9f
1106,48,2018-07-23,averia,0.8192,10.5,1e575fc9d2c56fa7889923cd298830f1
1107,48,2017-02-14,condicion_climatica,0.6077,4.9,4ad3c4a5d22d7d873f7fa8ba7ef86c9f
1108,41,2017-09-25,averia,0.5189,15.0,fff6889749958e42b47a7977a4cf0ea0
1109,22,2017-10-11,condicion_climatica,0.8628,4.9,fe198069c03f548e40276d7c9d67c9a3
1110,24,2018-08-22,averia,0.3501,23.2,cb4fa9a6d95ef2b84743087f2cac2b17
1111,6,2018-05-18,retraso_trafico,1.0,3.8,8b47e7e04a986e036f10ab10bae91a4b
1112,29,2018-07-30,retraso_trafico,0.6081,1.2,9109f2cca26d92ac4e064bb93da37c74
1113,8,2017-12-01,condicion_climatica,0.8322,11.2,7c6985797df04a52bd0d0b4b2b2bfb61
1114,41,2018-02-23,retraso_trafico,0.7863,2.3,ba6b736a4a402bcefa049a41b3a98c55
1115,36,2017-02-17,retraso_trafico,1.0,1.7,60b276464a67309733a0662e758e9875
1116,47,2018-04-14,averia,0.6594,8.7,cd3deb6d2ee0f10e0a411706fea52dbc
1117,35,2018-08-24,accidente,0.6734,15.8,ef2960fc071e710c211bfd7d7de5ca8e
1118,23,2018-02-27,falla_mecanica_menor,0.8242,1.2,ffabaa69e709f1ec58faf2f706c8c8ee
1119,35,2017-11-21,condicion_climatica,0.6824,3.0,89aa5a1ef8d3384037aafd0237d6bfed
1120,22,2018-05-28,retraso_trafico,0.6321,4.7,9cdc72b55b79350079c72ed8a2e8ee17
1121,57,2018-05-16,condicion_climatica,0.7993,5.3,d710dadcf1f25993f76835a786761250
1122,35,2017-12-05,retraso_trafico,1.0,4.6,448a8d1f2ea019c4016c1e6f75d01dc7
1123,19,2018-03-26,retraso_trafico,0.5057,5.3,9941a0a6225e94809b6d9955bb16b594
1124,21,2017-11-23,retraso_trafico,0.7002,1.7,18e1040478d9e22d2f785cd537be7220
1125,57,2017-11-15,retraso_trafico,0.9432,3.9,bde5891c6b5d690163ceae7143c288f4
1126,27,2018-01-12,retraso_trafico,1.0,5.2,484e1ab05a56b8ad354e449200a41742
1127,13,2018-04-28,condicion_climatica,1.0,10.9,f3315317ae9053985e17b5378e2e6e51
1128,54,2017-12-29,condicion_climatica,0.7705,8.8,df339f81c46dc0bf186cb6307d7cdb6a
1129,9,2018-01-25,retraso_trafico,1.0,5.1,814ea040061a40f0e1c8e5decbc2f507
1130,30,2018-08-06,condicion_climatica,1.0,5.8,8efd19a2f9ba6e65f7061e74df5d337e
1131,22,2017-11-08,averia,0.5827,7.1,5845efeb1a7164fc3885f465a37ebd46
1132,6,2017-06-02,averia,1.0,23.5,9a22a84b533a8c4cbd2f9200d8003b2c
1133,41,2018-01-06,falla_mecanica_menor,0.9122,2.0,3103711a12d2c4c5a35a9fe7b3308543
1134,8,2017-02-03,condicion_climatica,0.2828,10.3,adf684f287283640cb375a2e8ada8c82
1135,17,2018-08-08,averia,1.0,10.4,2878b4e373a9556df9aa1708a4e5c3c8
1136,27,2018-07-02,condicion_climatica,0.8101,2.9,7de07ec95928feca2cc51d11d2561f3c
1137,36,2018-01-21,condicion_climatica,0.7488,10.9,f244880fcf6548e9e5f1c2dccc19ed8f
1138,41,2018-01-30,falla_mecanica_menor,0.9066,1.1,7f3a85f7f81ab955b7d591fbc71087b0
1139,12,2018-03-05,falla_mecanica_menor,0.9818,3.4,e1e0cfc8398a7bcd9699fe42c1651566
1140,53,2018-08-23,averia,0.452,6.3,8b02a2a9b1ae5a5e5e840795cdc70fc3
1141,6,2018-08-18,averia,0.5571,23.8,1dfe6a690d7897fc421a5bd2529b7f47
1142,12,2017-07-11,condicion_climatica,1.0,2.6,b14ae2aa6b78c0919c5199b5f6cd3b05
1143,38,2017-10-02,averia,1.0,20.1,29b354bf7c5d99aba28b180fa56a2aef
1144,10,2018-04-15,retraso_trafico,0.763,4.1,be8ab651d9a385206918a02d21d0cc33
1145,25,2018-07-19,averia,0.5164,17.6,b539ce2adefd8069df8b63856d7837f3
1146,28,2018-01-20,averia,1.0,14.2,d0187cf305e08f85775b03f6de2cff7b
1147,39,2017-10-12,condicion_climatica,0.5545,8.6,41272756ecddd9a9ed0180413cc22fb6
1148,59,2018-08-18,retraso_trafico,1.0,1.6,8b4b66868641eb5fc2bc090dc4f702f7
1149,4,2017-08-13,retraso_trafico,0.5322,5.4,616f3163d12cbaf681d34413542802bd
1150,14,2017-10-31,retraso_trafico,0.5932,5.7,68cf478815ffa4303ea186d76a791cdd
1151,56,2018-05-31,retraso_trafico,0.8189,2.0,58317a8b3dfbcadbd945cb80dda94304
1152,57,2018-07-26,averia,0.482,9.2,f717c8f177b0e2927fb48196bc6b6383
1153,32,2018-07-19,condicion_climatica,1.0,3.1,1fc71eb4a30dced088d988c57e751078
1154,28,2018-04-23,accidente,0.6014,42.3,0466015790ddd0ed7a2e65a6ca039c73
1155,6,2017-07-28,averia,0.6653,21.3,4c225b047eda6a8fcff282ce94b8fcc8
1156,33,2017-05-21,averia,0.6706,20.2,1dda4cf38de17d1b18e9132ed692d064
1157,48,2018-01-07,averia,0.7119,22.3,8d2bf5a428d30fa82c85d57bea01159e
1158,54,2017-10-28,condicion_climatica,0.4596,6.2,1a03dc5bbc2707562b5874fa0253154f
1159,51,2017-09-29,accidente,0.9483,19.0,9e79ad9861f8710c1dfb684f37f418ac
1160,20,2017-11-15,falla_mecanica_menor,0.5573,1.8,8672506d76fd3df6ade72da99cb43c91
1161,7,2018-02-01,condicion_climatica,0.7799,8.3,9ebf7ca77b62b4dfc7591796573bac74
1162,28,2018-02-18,averia,0.7571,9.6,f7772489190a216873e672f837696a40
1163,16,2018-05-16,averia,0.9012,19.1,15f03e32c4f15c02ef2461951758bce9
1164,60,2017-07-23,condicion_climatica,0.9257,7.5,a6402daad4bcaddba5bcd6e7ce6336b4
1165,34,2017-07-26,condicion_climatica,0.799,5.7,bc4cc0e6280520545652f31936abe65e
1166,21,2018-05-02,retraso_trafico,0.4865,4.9,01e515b157491fa28d3b56e7ef342573
1167,19,2018-06-24,condicion_climatica,0.4051,3.9,38bec8cea5e040be0ab60e3415a27572
1168,43,2018-01-21,averia,1.0,17.4,b002cdf5888b0cb1d98500e23f77453b
1169,42,2018-04-01,falla_mecanica_menor,0.4323,3.7,5abe202b4aa14c9b12e9661641d2f8e0
1170,6,2017-03-28,condicion_climatica,1.0,3.6,5571222bcd19928723500fbf1d62c819
1171,10,2018-07-04,condicion_climatica,0.3806,6.0,4e5d55d40118f10ac43d483e9094246a
1172,43,2017-10-19,falla_mecanica_menor,0.7873,1.9,8e3944fa77034393e3a23b589af8e3ba
1173,21,2018-03-07,retraso_trafico,1.0,5.9,2b1744114b2335cc79c6c45cd8af7290
1174,16,2018-05-22,retraso_trafico,0.6776,3.9,b46e18b518c3d963b1fe26f63bdc9602
1175,20,2017-10-09,retraso_trafico,1.0,3.9,6d230bed2f78fb2634dc7b6910c036d1
1176,57,2018-07-30,condicion_climatica,1.0,7.1,13ea512ec6905271a81b450e551b62a8
1177,26,2017-12-20,averia,1.0,21.8,be8e82214fcaada34c6b645f54e20737
1178,6,2017-06-06,retraso_trafico,0.5798,2.1,b896461e3ed46fe0c2f27a21c5a895aa
1179,53,2018-05-01,condicion_climatica,0.3172,7.4,062b06f0cb6f133e2b963e4947345e17
1180,12,2018-04-18,retraso_trafico,0.5309,5.3,becacb74a2852573d3b095348a9da1ed
1181,24,2018-05-13,accidente,1.0,18.9,a8ab159f82af4257ef7c239358b1221a
1182,11,2018-01-08,condicion_climatica,1.0,10.2,041687935b1e4c3715beb1602270b40c
1183,12,2017-05-05,falla_mecanica_menor,0.8179,3.8,dbf8b46f6dad6cd41ed7e06b5dcbf4d1
1184,16,2017-09-17,condicion_climatica,0.7982,6.0,0990523dcb57830447203c2e6d8804d0
1185,9,2018-06-26,condicion_climatica,0.8234,5.3,588493b85f6219865d7ac7193880c0a0
1186,54,2018-08-26,condicion_climatica,0.7881,2.4,d24d442123cc3d36a0be0d75bf90689b
1187,8,2017-07-13,condicion_climatica,0.4371,3.0,fddb24fad8de291576e80726636d7a7f
1188,50,2018-05-10,retraso_trafico,1.0,1.7,61fb2aed86c91b61373a6d410b30a860
1189,59,2018-06-14,accidente,0.6064,27.1,04c35d140fbc805e40f33f6902661c4f
1190,12,2017-10-10,condicion_climatica,0.4311,4.7,f8d19a0283152c2a14277f39a74da971
1191,42,2018-04-05,retraso_trafico,0.3787,5.5,a8cf8e962c524adf2aaedc5a876d0ab6
1192,59,2017-11-27,retraso_trafico,0.5249,4.3,6c601e45c13b22fa58a1e290b4b14d8f
1193,11,2017-11-09,falla_mecanica_menor,0.7016,2.5,182c7c260aa89ec58595803372f60d1a
1194,59,2018-02-08,condicion_climatica,1.0,6.1,cb31d6a654b3b6be3168cdb05fee80ee
1195,13,2018-03-12,retraso_trafico,0.6093,3.2,c00634be8f1613b3019605c2cc96d06b
1196,38,2017-04-04,retraso_trafico,1.0,3.1,626c5c9bfe704ebabd98974ff8307803
1197,9,2018-02-06,falla_mecanica_menor,0.7757,2.2,d8337c037ad19b2a0b903ccfc3e06464
1198,3,2018-02-08,retraso_trafico,1.0,2.9,31ac77590bcdea7aa29b868757084904
1199,55,2018-07-30,averia,0.9822,18.7,7a8107927fd13f239a62ba070873fe45
1200,29,2017-02-14,averia,0.9322,7.3,e77f09ad0e02176a15af6981ee2d8ea0
1201,51,2017-02-10,condicion_climatica,0.9938,11.2,b607cddb1d5540b72adbffe3ffa05328
1202,12,2017-07-16,retraso_trafico,0.6921,3.7,b6373978185cedf353f7d890ae32240f
1203,52,2018-08-01,retraso_trafico,1.0,3.2,b2b86f50f1d5ec8763fc9fc6894ac6c4
1204,7,2017-09-13,retraso_trafico,0.7594,4.3,855996678baddb2597d33300f0148406
1205,31,2017-12-15,retraso_trafico,1.0,3.6,a92232b41fcd16d21f69ff9d11648bbe
1206,12,2017-11-05,condicion_climatica,0.8932,5.2,e31baadb00ecc47a1251bce82d64280b
1207,24,2017-11-26,retraso_trafico,0.9339,4.2,953501839cfe2990297454e7e7bf158d
1208,50,2018-02-06,averia,0.9817,10.0,2c55979729e848c9614426ba49826183
1209,38,2017-11-13,retraso_trafico,0.6636,1.5,a6b961bbc6456602f652d926ee9ccd0a
1210,10,2018-04-19,retraso_trafico,0.7505,3.8,fea2633d3d1605bfdccc813bcf843ac8
1211,50,2018-01-03,condicion_climatica,1.0,4.3,8b6698a86e777937d240b9c7b6476ce9
1212,57,2018-06-04,averia,1.0,9.8,d00179bc87932107ac934cad54be82c6
1213,29,2017-05-06,retraso_trafico,0.9094,5.1,f8f47214bc000a1f31116b5bd44f3d98
1214,28,2018-03-23,retraso_trafico,0.9662,2.7,f8f4b67dd9b542e87eaa095b8224626b
1215,48,2017-11-25,condicion_climatica,0.525,6.6,8c2b13adf3f377c8f2b06b04321b0925
1216,16,2017-09-20,falla_mecanica_menor,0.8284,3.1,9520fa1ce7825b83dec466f4f0d8b6b7
1217,19,2017-05-06,condicion_climatica,0.7142,9.6,c15337f7b22d68e4ea7e1c0a483041f7
1218,36,2018-04-09,retraso_trafico,0.5455,2.5,ac5ad4cfc85f922013597f80a6c59099
1219,4,2018-04-16,condicion_climatica,0.8107,4.8,f4ab7da19e58e253e0946d32501b279c
1220,43,2017-03-09,condicion_climatica,0.5161,10.0,fe9178012c726b1780a3553d7972a9b8
1221,26,2018-01-19,averia,0.0498,6.3,d89f2bc7981ac77675e55868ec92f7c4
1222,8,2017-07-19,condicion_climatica,0.0036,2.8,95e97906186d7174caa3a682de6d7653
1223,55,2018-02-03,retraso_trafico,1.0,1.7,c17b377c10026e36286772008451d021
1224,19,2018-05-12,retraso_trafico,1.0,4.6,43af81df32df17ce535226c78d5a135c
1225,40,2018-04-25,condicion_climatica,1.0,9.3,f0865a20899e4f5c8c93070b298ed6a3
1226,20,2018-07-28,retraso_trafico,0.8221,2.7,59494ceaede0aabe7fddec5bba98d95f
1227,37,2018-06-29,accidente,0.7137,17.4,50ecc825e3d7123a626c7d466eacb616
1228,17,2018-05-12,falla_mecanica_menor,1.0,2.1,86207b986ce345ccef8bc83647dc491f
1229,19,2018-03-02,averia,0.9461,12.1,9bd205c61d04aee7fe0ebec1bf0896ee
1230,57,2018-05-16,averia,1.0,13.1,9c8251fb4af72d0b0ddc81fdb467a43f
1231,19,2018-02-21,retraso_trafico,0.8785,4.5,9c90fbe071e26ccef32878449010af00
1232,42,2018-01-08,condicion_climatica,0.9062,2.1,9bebf98dde01cd1b7d3e0ebab798fb94
1233,42,2018-03-14,retraso_trafico,1.0,6.0,0acb20fb04c5f71d38da116f7b92ab63
1234,42,2017-05-10,falla_mecanica_menor,0.6175,1.3,8c21fe1b9ec8e9872ce5c040ee40fd3e
1235,57,2017-03-06,retraso_trafico,0.549,3.7,e06ff711ddcab05c3651a9b1bb003950
1236,47,2018-03-04,condicion_climatica,0.955,7.5,e27d61d435972fe5632bbfcdee617adf
1237,12,2018-01-13,retraso_trafico,1.0,5.1,6873a2599d71da76be91774f9e8b0af7
1238,33,2017-09-30,condicion_climatica,0.6987,6.8,6009e92e3138b7db82c677226459416a
1239,33,2018-06-04,condicion_climatica,0.8958,7.8,d5b20c4d4aa379d9215dba07d60c7e24
1240,60,2018-08-08,condicion_climatica,0.906,10.4,191d075b61db3a892fde83330d82d7c6
1241,42,2017-05-16,retraso_trafico,0.301,5.6,3aeb86934d8159af279e9e6b17c929ab
1242,25,2018-06-13,averia,0.6334,6.7,3b81059fdf845de042cb9d6fc78765e7
1243,24,2017-05-20,retraso_trafico,1.0,3.4,27da527c266684c5bfb86fc601060406
1244,13,2017-03-26,accidente,0.8741,29.4,b5106eeb869b64ba86ab9d880e31c0bb
1245,24,2018-05-17,retraso_trafico,0.7399,3.7,de310c00c4111ff98be9166aa6213e22
1246,22,2018-07-25,averia,0.9366,9.0,5148463bdbc74b975746afa3149a03c9
1247,57,2018-04-08,retraso_trafico,0.7981,3.1,a68f4aa15871ac7fdaf524f48d7908dc
1248,8,2018-03-24,retraso_trafico,0.4781,4.7,6561717586fb2d3ae85fce2964f600e1
1249,36,2017-11-27,averia,0.8193,9.0,c3bfb5dc8642d9d1df58c355dbb9f1a7
1250,34,2018-04-05,averia,0.3261,19.0,6428d066760796cd8507fb537438172d
1251,28,2018-01-11,falla_mecanica_menor,1.0,3.6,37dd9647f695d5ea3291f3ff98d8b190
1252,34,2018-03-31,condicion_climatica,0.9777,4.9,260f6f8e1f649aa1a17a1cbcaffe7726
1253,43,2018-06-09,retraso_trafico,1.0,5.8,17a97fd237c6bc89cb832bd70369745e
1254,22,2017-09-19,retraso_trafico,1.0,1.0,c33847415203d145000463a6976952b6
1255,53,2018-01-21,condicion_climatica,0.7993,9.0,635391aa82227068b492ef6290fa4354
1256,46,2017-07-16,condicion_climatica,0.6836,3.4,265dd67c951ed49718e284b11333e376
1257,40,2018-03-06,retraso_trafico,0.3967,1.6,f1254ee692815f607bd748f1b50423db
1258,51,2017-10-06,condicion_climatica,0.5621,7.9,d7f48a8882bf0e1c1282d5204e96e24f
1259,56,2017-08-24,falla_mecanica_menor,0.8028,2.9,e2cd000d3cc5a9067192e1b9f054d9c1
1260,31,2017-07-22,retraso_trafico,0.9594,5.3,dc1b86dca769213b0db63c4922bd6a73
1261,32,2018-07-08,condicion_climatica,0.9735,4.1,995e90c3995e0f19a9579b90c6dcbad2
1262,18,2018-05-26,condicion_climatica,1.0,4.8,2e2005a55f448272a7f91f8ec48db9ee
1263,19,2018-06-07,averia,0.4602,11.2,dfc03c094a48b3fb28bfc70f937079b8
1264,23,2018-08-14,falla_mecanica_menor,0.8097,1.2,f73f8b967be6b99c1a6aa84ace884e28
1265,24,2016-10-14,retraso_trafico,0.7514,5.9,7d0eb8de17d494f4151e4470cd1b0605
1266,42,2018-07-18,condicion_climatica,0.5287,2.6,209e55ebe1b6ee30b02a4c07d7fc0cc8
1267,57,2017-10-12,condicion_climatica,0.7268,2.7,19c85c4f70bebdba25d77c3881cffb2b
1268,39,2017-07-23,retraso_trafico,0.4144,4.2,f5ef2dc393fb470c2dbd4293efcc160e
1269,47,2017-12-07,retraso_trafico,0.7505,1.2,52e1b92cb6de5f5bca72b3d73f59d193
1270,41,2018-04-13,condicion_climatica,0.3702,2.3,65c470b5a3afad5b2af39828131e3e8c
1271,6,2017-11-04,retraso_trafico,1.0,2.1,4d7abbf4bd3bb90f0dc241c1a6b2f1a1
1272,56,2018-01-23,retraso_trafico,0.8884,5.4,6060984d92a7f9a5d6f5f99b8815aa64
1273,46,2018-07-27,accidente,0.6004,24.6,ee09dcda8e3b3acff396f084582c8c8a
1274,25,2018-06-21,averia,0.887,16.0,da47d890709778a462778fa7598ad3d9
1275,56,2018-02-23,retraso_trafico,0.6532,1.7,d3364a29f093a5f36e7eca9f148235c2
1276,36,2017-04-28,condicion_climatica,0.8267,8.0,8137fd8e2d2ea9b9da44f6dde3c35125
1277,25,2016-10-15,retraso_trafico,0.8135,3.6,10d1e90a86d2be981a52b6a927c97dc5
1278,23,2018-06-28,retraso_trafico,0.8207,1.9,0710ec94ade6724b0816df78ee4e689f
1279,60,2018-02-25,retraso_trafico,0.5853,2.1,cc5161712eb3121670b819908ada7032
1280,34,2018-04-17,condicion_climatica,0.9432,7.2,876c8ccfb730dd9208e4396dc70f12bb
1281,39,2017-07-25,condicion_climatica,0.8114,4.9,a93a771dcf97a2cca0be3bb159792b1d
1282,23,2018-04-21,retraso_trafico,0.556,4.1,92a1a84ebae5713509b7ccdef77a89cf
1283,27,2017-06-01,retraso_trafico,0.9795,2.6,99010278c2b3874e0f208c91587975d8
1284,38,2018-04-25,condicion_climatica,0.886,9.1,f44117f1303c4e6573d463bdedff85de
1285,60,2018-05-16,retraso_trafico,0.3489,3.4,6ec38f8d4862b74a1539b8e6ec91fa8a
1286,29,2017-06-14,retraso_trafico,0.4501,1.8,af19ae9d08a78f865e4084b65d274dd5
1287,48,2017-04-28,condicion_climatica,0.7434,2.0,58ea2f39b960352a146343ee46c38bb2
1288,36,2018-08-01,condicion_climatica,0.9812,3.2,70dd6272528235d8324f3d154b94861f
1289,27,2017-07-06,retraso_trafico,1.0,3.1,eb30798770640f6c632d2cab023ec58d
1290,24,2018-06-18,retraso_trafico,1.0,1.4,52077492551466732827ca46228dcc1e
1291,13,2017-12-12,retraso_trafico,1.0,5.8,a398b15be909c43559294ae5899c8e27
1292,48,2018-04-29,condicion_climatica,0.5116,10.9,d56851f342ee399d61852bdcd356a663
1293,6,2017-06-18,retraso_trafico,1.0,4.7,c776b1fbd42cf8f17dc6d29515fb3955
1294,35,2018-05-22,condicion_climatica,0.7662,5.4,27687629d1e64c201354bd2599e86782
1295,33,2018-04-22,falla_mecanica_menor,0.6312,1.5,cb0909932c118481a0e44396d80ab2e8
1296,53,2018-07-23,averia,1.0,15.3,076204e886f6d81145cf693a72794765
1297,56,2017-10-09,condicion_climatica,0.853,8.6,fd403165d4dc1a2b299386f1d45f181b
1298,1,2017-05-03,retraso_trafico,0.6541,3.7,806723b0991f659b5d0052cabdd9c799
1299,41,2018-07-09,averia,0.9749,16.4,4a1e1c50a0cbfcab27c770fa8e92545e
1300,26,2017-05-04,averia,0.8167,14.8,78b705f0cc3c972f50aa93342f6797b0
1301,32,2017-09-13,retraso_trafico,0.7478,1.0,d075def20463f58225a279f6e36d8669
1302,38,2017-12-19,condicion_climatica,0.6008,3.9,b17bd9337504cfa6cc07d6e08fe9c884
1303,22,2017-12-18,condicion_climatica,0.9756,3.6,7f8b38a8af20de6f906cfd9a585dae13
1304,43,2017-08-31,retraso_trafico,1.0,1.7,45f794057f395c0410ffb2c1cb716d0d
1305,36,2018-01-19,condicion_climatica,0.8846,5.5,d0b07b0423d899124cb9f7f797cffd9f
1306,37,2017-11-04,retraso_trafico,0.8,5.4,7f1fb6cf63b226c51ac3c92df318e2bc
1307,28,2018-08-08,retraso_trafico,0.6537,3.9,b164237e62593d65bd06208c4e722120
1308,32,2017-03-13,averia,0.6105,8.9,84115cf79df5dc6736a1c4ce08daf081
1309,18,2018-06-23,retraso_trafico,0.3877,5.2,b579612f258cd7fd3094cef8207e6f07
1310,58,2018-02-27,retraso_trafico,1.0,2.4,e5d5cc62d5d1e1a4e31d7e581247de3d
1311,40,2017-12-18,retraso_trafico,0.5546,3.4,30795f13abba18bf1c6866eb7fa63d52
1312,58,2017-09-24,retraso_trafico,1.0,3.5,0eb8235cb26938d1c5c534cb0fe0d254
1313,7,2017-06-15,condicion_climatica,0.8399,11.7,4d7e10ed70b8c2358e94850352bb490b
1314,12,2018-07-29,falla_mecanica_menor,0.5799,1.7,90022e1fc840350d2f9350866969521f
1315,6,2018-05-03,condicion_climatica,0.5827,3.6,78c2bc594a0e2c77b9319a281f7bb7af
1316,1,2018-07-01,retraso_trafico,1.0,1.7,ccaa7f476eec8a9922ac7193691d310b
1317,23,2018-06-25,retraso_trafico,0.6503,5.1,f7a20a4ac3d03d724e4676315f5e2292
1318,41,2018-01-27,falla_mecanica_menor,1.0,2.0,8b4116b3c788f8fc49c7d5089ad2450d
1319,50,2017-08-06,retraso_trafico,1.0,4.5,70eb3f78e36bed84a86e6570b0fb308b
1320,23,2017-10-05,retraso_trafico,1.0,4.4,31491a6bf618385b8b23b9924a119e4c
1321,37,2018-03-03,condicion_climatica,0.9745,2.6,fad22efcd65a6f3739c15401b1db8492
1322,17,2018-02-14,falla_mecanica_menor,0.7731,1.8,2d77b47ff17df295a7840798969a2e30
1323,37,2017-03-15,retraso_trafico,0.5172,3.6,d4de6d0debe2df72c4ccf399d9a7acaf
1324,24,2018-06-24,retraso_trafico,1.0,5.7,1fc6cc3c8938adb70a710cc1b701337b
1325,5,2018-03-08,falla_mecanica_menor,0.5916,2.7,0b39d78b430d574a6eafefe82c11b4a3
1326,16,2017-07-30,accidente,0.7986,36.3,82d92bb4cb757bd10c5a06e13c7ebcab
1327,55,2018-01-22,accidente,0.7886,15.5,21ce1808ea117d397cae34b95036a4c7
1328,34,2018-04-24,condicion_climatica,1.0,3.1,21ecf6c28bbb0f0ff48c5e1299cdfcc3
1329,28,2018-01-02,averia,0.9458,7.7,314277faca3df2b7c0def6499dc16867
1330,38,2017-12-12,averia,0.9145,16.1,14d35062b86c2e1f69376af68e9e2a1e
1331,45,2017-12-17,retraso_trafico,0.686,3.8,8019e5f3a23ce0342b60a67f3fda2c65
1332,46,2017-06-07,retraso_trafico,0.7345,3.1,0baf99fae5355ac5c8b31a2d33fd830b
1333,54,2018-03-27,averia,1.0,18.3,474541d7d0b44098a9cd7167a8d1306e
1334,11,2018-08-22,falla_mecanica_menor,0.6973,2.4,ab3bc480a02b5a058759d5855428c22f
1335,52,2017-11-25,retraso_trafico,0.9086,3.9,5813dccc11eeeec1c8b609e396c12291
1336,36,2018-06-09,accidente,1.0,30.0,da9713f62e0d54668895dd0ca6ddbb64
1337,33,2018-02-27,condicion_climatica,0.9877,2.2,5ddffd82198ca5fd512883316c2c865b
1338,58,2017-11-10,retraso_trafico,0.9413,5.9,1ed4e96d371387280707c53f4555031b
1339,37,2017-05-09,condicion_climatica,0.8595,3.3,4b65b4aaa4c4e07d50727f0c87c0e9a1
1340,25,2017-09-27,retraso_trafico,0.5836,5.1,dc1c38562bafbecca9a27dd77d6bdf5a
1341,50,2017-11-20,averia,0.7967,5.0,6596bb82d3587969e11ab60c661f199a
1342,6,2018-07-10,averia,0.6702,4.6,b4767da9668302c3be3309b51f5600db
1343,48,2018-07-19,averia,1.0,11.3,c1fccaa7401a0afd72cf89d7c2f806df
1344,40,2018-08-01,averia,1.0,10.8,86386c3dd74a55831068a41fc4fc1bec
1345,23,2017-11-20,condicion_climatica,0.1624,11.2,0a45b0373a9b1178357bb9d93243ed18
1346,58,2017-07-04,averia,0.5367,20.1,eb46d05c021b6c642a9bb429a4a2eb2d
1347,32,2018-01-07,condicion_climatica,1.0,8.3,af15ff821c39e3eb5fec800be3d79841
1348,56,2017-09-13,retraso_trafico,0.9558,4.3,5ea6aff99c981e1b3a33743cbad8d546
1349,10,2018-01-24,retraso_trafico,1.0,3.0,ef782bb4dc72950173bc2fd3dd651433
1350,54,2017-11-07,falla_mecanica_menor,1.0,1.7,8c2c2b26ae4677e7457b0daaea13a8d3
1351,51,2018-05-31,falla_mecanica_menor,1.0,1.2,1b261283b06863bfaa62bf25bb1da580
1352,6,2018-03-01,retraso_trafico,0.8703,4.0,75c58a51f3b308f9044892ece0af9e7d
1353,35,2018-02-04,condicion_climatica,1.0,8.1,65e735700fb504519ff5b6baa3a8cb11
1354,9,2017-06-16,retraso_trafico,0.7122,2.0,db7f34935c2b818933171e61c031695c
1355,54,2018-06-01,retraso_trafico,0.9329,5.8,64d90b334a89978bf78af244276aa415
1356,24,2017-10-27,retraso_trafico,0.7552,4.2,66480b6a7d8c4b5debd250de643ac7ed
1357,51,2018-02-16,retraso_trafico,0.5707,3.6,a31641e9fb81890172b8a92348a5da1f
1358,13,2017-11-25,averia,0.7384,22.0,b0e6a68b73514f6bc8fbc29c98b88a39
1359,14,2018-03-28,retraso_trafico,0.4336,5.1,e82e73273643d2baa933aa470a7308f0
1360,22,2018-05-13,retraso_trafico,0.8214,3.9,a5d3eeeb605f6e2ce95e590543148234
1361,26,2017-08-29,retraso_trafico,1.0,2.5,00588f5f20fee630b83d4709e0a42715
1362,58,2018-02-05,condicion_climatica,0.4028,5.9,dfa82c0d8cadaa36975ca3f856251e6c
1363,19,2018-04-12,averia,0.9068,21.2,e780dd8de5b1d2e678c7cac395f0382b
1364,19,2018-07-05,retraso_trafico,0.4389,3.4,af08253b9001685eb1df111e7134a4c3
1365,40,2017-12-15,averia,0.7162,10.8,a2ccba6b49ba609c283317d2754b4fa4
1366,45,2018-07-30,retraso_trafico,1.0,5.1,20ed2a2a62a766cbb3f2636a85ce3eab
1367,45,2018-03-08,falla_mecanica_menor,0.3241,2.5,ce63c9b68df2841a944a62de0cd1bc0c
1368,12,2018-03-26,accidente,0.5816,16.4,2a952f9ea7fad0c8238967a2c4df72b8
1369,19,2017-04-03,condicion_climatica,0.9677,2.5,6179ca3aca88a0e2e379fbf3742a04ac
1370,19,2017-08-01,retraso_trafico,0.4167,2.5,6055deb46d2d0a116e20655c435797e3
1371,16,2018-06-09,condicion_climatica,1.0,6.2,d249d420eb15829afbff9cc458eddcbd
1372,27,2017-02-10,retraso_trafico,0.6866,4.7,4a0401b9ac45b7c8c801fe5db8855bff
1373,25,2017-12-03,retraso_trafico,0.4778,2.0,93dac07d310a7f6ef301a01a2bd2e33d
1374,12,2018-06-13,averia,0.4036,10.3,b49fb5d1cf86975cf5a295431c278a33
1375,40,2018-04-11,averia,0.8297,19.3,e920944a200b0bbe19a0cdf27cc3524f
1376,10,2018-05-15,falla_mecanica_menor,0.9618,1.2,388241639571ce95ace22e76655719f9
1377,1,2018-06-20,retraso_trafico,0.7253,3.6,74cfe3612876cb696af283e27298ebd7
1378,4,2017-06-10,retraso_trafico,0.7416,1.8,22eed40bee218240dc8862ed7fcf4bb5
1379,48,2018-07-04,retraso_trafico,1.0,4.9,eb3f33b48e3328516737e05964ed19a0
1380,58,2017-04-08,averia,0.5277,8.8,292b5c75de3cb3dc17a422c7985b3e5a
1381,48,2018-07-09,averia,0.5416,15.3,c30f0c45d2f4db0380c100d5193d07bb
1382,8,2018-08-05,averia,0.5037,7.9,b27afd384fc03b22ea356feec6f95dbf
1383,54,2018-08-11,averia,0.5851,21.8,7a36ddcacbdd80a7dd8771aa4c6e465e
1384,48,2017-07-27,falla_mecanica_menor,0.8959,1.8,709df241f93833a67ecb2e47e4ab4be6
1385,41,2018-01-08,retraso_trafico,1.0,3.7,b2b34605d25df88c45e5330a376dc8b3
1386,59,2018-03-30,accidente,0.7647,26.6,c41790594db216ff69f55d178ea8c863
1387,11,2017-05-08,condicion_climatica,1.0,2.5,9ff74ab0bc3dadafbf2aa0aa674a9850
1388,24,2017-12-07,averia,0.9174,15.4,de742d420af4a6abd06276acde083ae5
1389,22,2017-10-21,retraso_trafico,0.8616,1.8,646e62df54f3e236eb6d5ff3b31429b8
1390,56,2017-11-06,averia,0.8661,10.9,ced9efa04f0d7b0543fa0d8ab9472a6c
1391,34,2018-04-03,retraso_trafico,0.9291,5.7,d3c45d7784ed004c4ed67e4dd0f1cf38
1392,33,2017-12-07,condicion_climatica,1.0,2.9,99564fb7290396571ca59529ad9e71f3
1393,51,2017-11-19,averia,0.256,12.9,dc281ba54d58f3a819966dc9c879241b
1394,48,2017-10-20,condicion_climatica,0.8307,4.2,0b3c0b254cd889f96d5426417aa548cd
1395,53,2017-03-14,retraso_trafico,0.5913,2.2,b4fc77bdadd28d0ee631208831bc0d49
1396,3,2017-11-26,falla_mecanica_menor,0.7424,2.8,0210f3225937e9d7702e0c3fff098b98
1397,30,2018-02-09,condicion_climatica,1.0,6.6,ffb6e31ed469d2c780df6b9bb2264a30
1398,13,2018-04-29,accidente,1.0,42.5,df9ad58c9ee5c31a5a9e19eea2acc369
1399,25,2018-06-13,falla_mecanica_menor,0.756,3.9,92758dbac7384604fdbbd5e1715a1625
1400,53,2018-05-04,retraso_trafico,1.0,2.7,16e233a1bc2e990959d5d28a9f4dab53
1401,44,2018-02-06,condicion_climatica,0.3916,4.6,541d399cde50e380f01d8646e4851d1b
1402,50,2018-04-26,accidente,0.69,9.0,d19cf6ec40b00db56211b4db0a663266
1403,33,2018-08-19,averia,1.0,21.8,c2132e2cae45a1362b9d3496c25c5783
1404,38,2017-12-04,retraso_trafico,0.7195,4.6,f8b625b1a8ae63614f1c171fb18c7a49
1405,58,2018-03-15,condicion_climatica,0.5817,8.5,9c4a55a26e59e500b156faa5af6fbe53
1406,34,2017-11-30,averia,1.0,8.6,5fa78e91b5cb84b6a8ccc42733f95742
1407,60,2018-03-21,retraso_trafico,0.6458,1.9,4757ef1fa10e5a5cc3e8ec29639f11f1
1408,57,2017-12-24,retraso_trafico,1.0,4.1,5f6440a27e522ad37bba8b798bad3541
1409,57,2017-09-16,accidente,0.8383,31.5,81e4c4d7594a8111a17da1f1b399ba07
1410,16,2018-08-15,condicion_climatica,0.692,8.4,5f10b25bf1ca7b7f55731524ad40b1ad
1411,37,2018-03-20,retraso_trafico,0.406,3.7,4992c33902c32884bbf438c7e9322703
1412,16,2017-05-05,averia,0.8649,13.8,388a9117213936e0290e6e7d50f9fee0
1413,43,2018-01-26,retraso_trafico,0.391,5.6,0658b7d98d204e0beefedd5e8c0fad45
1414,7,2017-12-06,condicion_climatica,1.0,8.1,9c958729ea25738c217bb66e1cfa200c
1415,38,2017-12-17,retraso_trafico,0.4838,5.3,c68238de61060d57747e4a429c573902
1416,37,2018-08-17,condicion_climatica,0.9364,5.3,282173a7e501a3bcdf5ac035f2da53ed
1417,38,2018-04-02,averia,1.0,13.3,8f18c3388d30c472f694e605be95b15d
1418,34,2018-05-04,retraso_trafico,0.936,5.5,24c78c3d4dc744978c9e4e077d3caf8e
1419,38,2017-11-09,averia,0.9758,15.1,58a9eee77c75781ec6c4f725891c7747
1420,46,2018-06-23,condicion_climatica,0.0926,10.7,3171f1efdad00e249ba4ba19af1726eb
1421,34,2017-07-24,condicion_climatica,0.4368,6.1,f3872a70d527514cb6d7d12853405e1d
1422,22,2017-06-10,retraso_trafico,1.0,4.3,1313bcad758bb2cb6766488e4448de3f
1423,1,2017-10-07,falla_mecanica_menor,0.7699,1.6,bfb51c4a799c319062db833fa3c5a157
1424,41,2017-03-22,averia,0.9346,22.8,dd1195b0c8bec457f3682d13dae7ac55
1425,48,2017-07-09,retraso_trafico,0.3529,6.0,1f32e76e92fc0ebf756639dad26ebaa9
1426,19,2017-05-28,averia,0.6356,18.6,e3aa3b61037e281dedb26da2882983ae
1427,13,2017-10-19,averia,0.8401,16.0,18dd8615f61fd478f88cac66f1e5c00f
1428,27,2017-03-19,retraso_trafico,0.5535,4.1,0dc2734aeb43fcd6b5c4a6d6296f50c5
1429,42,2018-08-08,condicion_climatica,0.8119,9.6,008cfe221ab054c89bc31720098cca51
1430,42,2017-12-21,retraso_trafico,0.8919,3.6,de5569837d26b78e94dbcf0d72e29ba2
1431,60,2018-04-27,retraso_trafico,1.0,2.3,1ed3c7f08656149896b3e30bff0ad3ab
1432,13,2018-04-02,retraso_trafico,0.7149,1.2,7b270b1ab0315fca4c97d938d9281b37
1433,39,2018-03-21,accidente,0.987,11.1,b4dda7b3d122dce657b84478b58668e9
1434,37,2018-06-20,falla_mecanica_menor,1.0,1.3,aaa4edcd1e7753b97a9216234d93e1bc
1435,33,2017-10-16,condicion_climatica,1.0,4.2,d9dd31d18506394e89644f5e0b9664e3
1436,53,2018-06-29,averia,0.5342,13.2,b22cc8e3b1816483e416ad127720fc76
1437,33,2018-08-07,falla_mecanica_menor,0.474,1.4,dd12f57a8bc06b6105b3e8c0c1bdbabd
1438,60,2018-08-07,condicion_climatica,0.4646,8.8,e84a134160970bbbd747fa73e42c7e7a
1439,55,2018-06-28,retraso_trafico,1.0,4.4,469a7494ad77aec29dcd9958164ecfda
1440,7,2018-07-18,retraso_trafico,0.9589,5.4,9667c332775e4590e952d1ed2b4b5983
1441,38,2018-07-08,falla_mecanica_menor,0.835,3.9,deb8ce115f74e504ae38e7db9bdd42e6
1442,33,2017-12-17,condicion_climatica,0.612,3.6,a66c9de993519a5f2d17c79d7e3a247f
1443,55,2017-03-18,falla_mecanica_menor,1.0,3.5,37291588c0c8db280d64f1921165d811
1444,11,2017-06-19,averia,1.0,7.7,e93b6da343b631fcee3f53e6182d96d8
1445,30,2017-10-23,accidente,0.5096,33.5,214f01607529c68623e62bcf73e8397f
1446,9,2017-09-30,retraso_trafico,1.0,2.5,eff124e4c7161cdbc3ecd912e716715e
1447,52,2018-02-05,retraso_trafico,1.0,1.2,2d61f270bc350937faeb8bdcbe4cd192
1448,19,2018-02-17,retraso_trafico,1.0,1.3,bfb252b3dd3e56fde4d0c9a31618323f
1449,45,2018-08-07,retraso_trafico,0.6693,4.9,56f8f42c9ba3fde1fd14794adfa04b1c
1450,21,2018-01-23,condicion_climatica,0.3489,2.0,e8b79ed0b3aa49f3a28b6939a3db249f
1451,42,2018-02-05,retraso_trafico,1.0,1.4,23d00a56e9a6088d2263041613defe1a
1452,19,2017-08-22,averia,0.4274,12.6,2170f9fac08a48aed1fc0b09c13b483b
1453,35,2018-05-24,retraso_trafico,0.9388,4.8,7b1ae58b5229a97d804f2275f3cbd3ed
1454,41,2018-05-11,falla_mecanica_menor,0.8436,1.2,b38fbed274a7c384e5f97ea88cc40741
1455,29,2018-01-19,averia,1.0,4.3,426787854631af08093236fbcd0cd554
1456,7,2017-09-30,retraso_trafico,0.6967,2.8,827668d405f7156d24af6fdd76f7d057
1457,31,2018-07-30,retraso_trafico,0.7617,3.8,710b84dc1017489e8e2cb948c9addae2
1458,31,2017-05-08,averia,0.8085,8.9,508febacffe1f7bfaf96a76a59677e6d
1459,35,2018-08-15,retraso_trafico,0.9632,2.8,5bacbd9f42bd029c3a296501224e193e
1460,51,2018-05-11,retraso_trafico,0.9052,5.5,d0bec96aad189992b278688279ba1511
1461,27,2018-05-16,retraso_trafico,0.555,2.8,20fcbc7e1a1c0fefaa568769e6f3347f
1462,45,2017-05-15,falla_mecanica_menor,1.0,1.7,b9812205fdaef3474416bb7877583e8c
1463,5,2017-12-14,condicion_climatica,0.6521,9.4,d7b5f5a646cd59806a9e62d58f59fd75
1464,39,2017-10-28,condicion_climatica,0.9749,11.8,1434f15909999c1562d1c4a24a4409cc
1465,45,2018-08-08,condicion_climatica,0.4833,5.5,d3b0d8353eadc4ba7ff0b60f87949a02
1466,27,2017-05-15,retraso_trafico,0.6009,5.1,6d4fbffb6862725cc8485066b8aca192
1467,50,2017-09-29,retraso_trafico,0.7808,1.3,a5687fad50b2c6811e39e52523946210
1468,54,2017-11-24,accidente,1.0,46.9,f3bc6575842f8518d2bca5e71ea8c4de
1469,23,2017-07-31,retraso_trafico,0.7402,5.9,861d85972797c770a5139774b13efc48
1470,42,2017-12-07,accidente,0.0932,21.0,a650c3b90a4fe07df3649652c1571200
1471,8,2018-04-26,condicion_climatica,0.8426,6.2,b064d82b485fff92c7c15d344bfd7e6a
1472,21,2018-05-29,accidente,0.4967,45.6,3dddd02cc38fbaa0a544a1e928aee40e
1473,29,2017-03-28,retraso_trafico,0.7449,3.2,3cab5c70f370e7fa810658c551f8e2ce
1474,25,2017-10-25,condicion_climatica,1.0,4.9,0cd4d3d4e2831e2089f43b6d7402c2c7
1475,53,2017-06-18,retraso_trafico,0.7312,5.9,288ec48ad5ea4c98afe99ea53d523b78
1476,51,2018-02-03,accidente,0.5999,34.4,4813c50e3548fa87684c05b730ecccee
1477,52,2018-08-06,retraso_trafico,0.4571,3.6,cf19b9eddcef18fed0071f773887b1e6
1478,42,2017-10-18,retraso_trafico,0.8649,1.7,fab554de6022bbe68f2e742d63440861
1479,41,2018-08-17,falla_mecanica_menor,0.8265,4.0,c796b93238b8e2269a4f43ce3324ab08
1480,27,2017-08-09,accidente,0.9006,32.2,71bdcc58db48fbd3f6aa39889aab2e8c
1481,10,2017-08-07,retraso_trafico,1.0,5.3,c503f01e35a4c24abaa34ddaa0c2b3ff
1482,23,2017-08-06,retraso_trafico,0.4708,2.3,54df86a3941e416fa16c0cb39efcf805
1483,8,2017-12-14,averia,1.0,16.4,0806cf8565810770735ccbff09d9d4c5
1484,59,2018-05-30,condicion_climatica,0.6003,9.0,f33bb10a8083242acc69681587de119f
1485,19,2016-10-11,falla_mecanica_menor,1.0,3.5,08edff712f0cd04883215bdb5b0d7c7f
1486,58,2017-11-03,retraso_trafico,0.6993,2.4,3e191ce3f3742cbcfedc1d60b15254d2
1487,12,2017-12-08,retraso_trafico,1.0,4.0,24e576b57793a76c299134e1c62ffa11
1488,13,2018-01-22,condicion_climatica,1.0,7.8,9d9d6000cf3720974ab8da03bcc741c2
1489,45,2018-02-09,condicion_climatica,0.7859,11.9,b9e02f2f3a6648709578cdd17f31976d
1490,3,2017-08-17,retraso_trafico,0.7525,2.9,e102b2494339fab55c3daf18187409a6
1491,42,2017-08-20,averia,0.7778,6.5,74662215aaa1cd3e23a999f6de5e791d
1492,32,2018-03-17,averia,1.0,14.7,dfb7ad2750d51f15a654d8734414a6f4
1493,53,2017-03-16,retraso_trafico,0.8236,3.4,6e4851de3a0a02ee3f21958e7a3a9fb5
1494,30,2017-12-09,condicion_climatica,0.2721,10.1,a1165481ec8e2c96688233954c7cfb7b
1495,40,2018-02-24,retraso_trafico,0.5429,4.1,c21a68b298ad2f57646d554dcb49fed8
1496,58,2017-11-07,averia,1.0,5.3,d82197665b49263e8815437c1e860b1c
1497,3,2018-01-02,averia,0.7167,10.5,4dcfdc517f6df36a4704bfb8e33688d7
1498,60,2017-12-18,retraso_trafico,0.7779,3.7,66fcf8b87873646949274801ed99a8c6
1499,52,2018-04-24,falla_mecanica_menor,1.0,3.1,a62140d1eb99239dd849b909a48a0971
1500,19,2018-05-20,condicion_climatica,0.4721,11.7,f9fed19b3b66623201e5b3de18baacf6
1501,35,2017-11-18,condicion_climatica,1.0,10.8,2e39e94b6b5f7944f872ba6bf39b758b
1502,50,2017-03-13,falla_mecanica_menor,0.6532,1.6,1907abda7b8d9460f40f04928a4f1721
1503,22,2018-05-02,condicion_climatica,0.6673,3.1,082da800c206687336a039aa7269d303
1504,27,2018-03-18,accidente,0.5748,38.7,3727244af1446bbfc36da7351cde0ed4
1505,15,2017-09-16,retraso_trafico,0.7512,2.0,0912c75b2f7561be5da7aee13e0150a2
1506,24,2018-03-08,retraso_trafico,0.4952,1.8,ac04b7f02254500bde942a36fe9ea998
1507,50,2017-11-15,averia,0.6286,5.3,3cda3b82990d9613a19bac370a7b8907
1508,31,2017-04-04,averia,1.0,4.5,cddedff311702945e9c62236026dc3dc
1509,40,2017-02-18,falla_mecanica_menor,0.5591,2.2,500368690d38fbc1b8ceaa8c0b05e456
1510,21,2017-02-12,condicion_climatica,0.6829,2.6,69ab7fdbd887d055b05826a8cc5591d7
1511,41,2018-04-24,accidente,0.9808,20.1,886dd09169ed29010eb71d9faed92259
1512,36,2017-06-14,accidente,1.0,25.9,f4e67460f5a375001b98b58a4bf9d420
1513,51,2017-06-11,condicion_climatica,0.8722,9.1,39627a21dc26dd7c2810548c6b6e1e90
1514,9,2018-07-05,retraso_trafico,0.4741,2.7,4fc44d78867142c627497b60a7e0228a
1515,26,2018-08-05,condicion_climatica,1.0,8.2,23cb58815b6e6ba073afff7d37258dfb
1516,57,2018-06-08,averia,0.7245,15.7,3c87d7e874618030c19e7e58d04556a5
1517,24,2018-04-30,condicion_climatica,0.9399,2.6,faa068942b581bc31538abdea52e6f35
1518,46,2018-05-20,retraso_trafico,0.0608,3.1,7b390db779af286692f8ed14cde29ddf
1519,24,2018-06-28,falla_mecanica_menor,0.3364,1.3,3975a2d7a39b69a8af9b8433ad7a4088
1520,25,2018-05-09,condicion_climatica,0.7706,5.0,d62387acb3914789e712406e9882e549
1521,27,2017-10-09,falla_mecanica_menor,0.592,1.9,516dd8f615e6c71be4e8e1b1ad5de684
1522,29,2017-12-24,averia,0.7855,13.4,6d4dd79bee1e2a93f09c9501c2ff87e7
1523,31,2018-01-05,condicion_climatica,0.7501,11.7,243204e250173084280239fb8ac74bef
1524,24,2018-07-19,condicion_climatica,0.9564,5.0,27c49d4a7b5ffac7a824721909617820
1525,21,2017-12-15,condicion_climatica,1.0,4.6,65c3a33271e3070af95cc3c03018871d
1526,52,2017-08-09,falla_mecanica_menor,0.5766,1.7,450acd2e753be51b02a7db4e9f742b52
1527,14,2017-09-22,retraso_trafico,0.4483,5.6,d3748b207965f75c9287b49451cbdf3e
1528,31,2017-12-04,retraso_trafico,0.9728,1.6,4b7687ed745753cae867364fb541ae37
1529,56,2017-06-07,retraso_trafico,0.6518,3.5,c3641f55c10bcfacf7fa7b8f677e1d5c
1530,43,2017-11-24,retraso_trafico,0.5329,2.7,236ff4e9c2ed220ff9d4186b729379b8
1531,7,2018-03-17,condicion_climatica,1.0,6.7,4248cc55f19d24204c0c33dbb85fb696
1532,26,2017-06-09,retraso_trafico,0.7909,2.4,b35b7430e23fa9b3ef7dee8daadacb75
1533,42,2018-04-25,retraso_trafico,0.654,1.8,b6a54d4f9fd929e75e299ce1a0963094
1534,25,2017-08-08,retraso_trafico,1.0,1.2,9b91a8a7af98d4f7ca653cbadc15b556
1535,46,2018-06-30,condicion_climatica,0.8432,8.1,53712f2beff3a9f5bc14e79f68023ba7
1536,45,2018-04-19,condicion_climatica,0.2517,8.2,09bfed54145e573d48e1685dcf11fb6c
1537,36,2017-11-12,retraso_trafico,1.0,1.1,b149455fa7496682b0416179a74cb8bb
1538,28,2018-02-10,retraso_trafico,0.3944,4.4,e623ce1206781e57a58020bca18aeb28
1539,53,2018-08-13,condicion_climatica,0.4354,8.0,d5ef6a5136e7304fb5d70dbd4cfd3054
1540,60,2018-06-09,retraso_trafico,0.6992,1.2,3db26f82a9173b4f87df15e4b6028954
1541,43,2018-06-04,retraso_trafico,0.9131,4.2,741c75a2bee4e666de0415b10cd0cad7
1542,54,2018-06-25,accidente,0.6558,34.4,9029ce944e85e8fd1f64bd03d9a36b9f
1543,10,2018-05-14,condicion_climatica,0.4296,11.4,9a197fc58b547707fe88aab7206627b5
1544,52,2018-02-14,retraso_trafico,0.6706,3.6,3965d237f920eb15e1f335fa04a352a6
1545,52,2017-10-22,retraso_trafico,0.8801,3.6,c40dde193e5c66baefaaace305961861
1546,16,2017-12-03,condicion_climatica,0.8169,4.3,32720c0c8b42f4c2cdb07cee5ec2444b
1547,56,2018-08-01,retraso_trafico,0.6615,4.5,35cab29a44850e454b675c0160b34a45
1548,58,2018-06-24,falla_mecanica_menor,0.8761,1.1,2430d337cd4137d6647ae1afbcf88719
1549,38,2018-05-09,retraso_trafico,0.5049,2.8,2bd6a9cea9df97f5f2d0717bb6307f32
1550,53,2018-04-11,retraso_trafico,1.0,3.3,e2a34138116519cb702c72c12aeb99fc
1551,42,2017-12-18,averia,1.0,7.5,1dc762b27fac9fd0a2a373b1765904d6
1552,17,2018-04-02,condicion_climatica,0.7082,5.9,0f3916a6e4cad3ec561784603b3af55f
1553,42,2018-07-11,retraso_trafico,0.8343,5.6,c75acba615d2db29345327974641467d
1554,4,2018-03-18,retraso_trafico,0.5436,5.3,4f96fcada41abfae96e6d24fd8c69e6a
1555,38,2017-07-29,condicion_climatica,0.9931,11.3,d6dde74bdeb424af6b660214881b4845
1556,35,2018-02-27,condicion_climatica,0.7242,8.3,56fa59437624f620d5695b5cbe89526a
1557,24,2017-12-16,falla_mecanica_menor,0.5643,2.4,8a3c2c90a94d0d385e338f5765a86292
1558,48,2017-09-24,falla_mecanica_menor,0.9428,1.3,35d67b8fff86c1b281f87c1d454fe49a
1559,60,2018-04-18,falla_mecanica_menor,1.0,3.7,1fe609182aee60558c018f43975cfdd6
1560,41,2017-09-21,retraso_trafico,1.0,5.4,24dbd92c00bc26dd90a7bbd90f070517
1561,33,2017-04-05,retraso_trafico,0.835,4.1,6595ac809d7aefcb6c774733b6fd6055
1562,8,2018-06-20,condicion_climatica,0.3845,5.0,a7b8a73bcc7bf3850dc9f4907c5ee6f2
1563,13,2017-09-13,condicion_climatica,1.0,5.2,0a18d00cb652fc5698d4e3c3e01e7da0
1564,21,2018-07-07,falla_mecanica_menor,1.0,2.7,024602a52e3c89ca5f963affcd2bedad
1565,24,2018-06-26,falla_mecanica_menor,0.8396,2.5,f9ac6a2ab423a15620d4ae10b33ce854
1566,31,2017-12-26,falla_mecanica_menor,0.855,1.7,2048b5e98976fc5fc54b6405d6ac5284
1567,6,2017-01-26,condicion_climatica,0.742,2.4,ba78eeba3ae33579487bedc08dce96be
1568,6,2017-09-25,condicion_climatica,0.6833,3.4,e9a203017644039168e4c5b62e6ec9c8
1569,19,2018-07-19,retraso_trafico,1.0,4.8,de73bf52fe9c690e54d761233b780398
1570,37,2018-04-13,retraso_trafico,0.3393,3.7,db1a0dfa0be98703ab2c735d2acbffb1
1571,30,2017-10-14,falla_mecanica_menor,0.9187,3.4,99d9290d68f3a7252778d4cfda7cd872
1572,17,2018-05-29,falla_mecanica_menor,0.6066,1.2,652ddc0265fbed072d7b31433f9842a0
1573,60,2018-01-18,condicion_climatica,0.8047,3.6,78cf5dc2baadfbac2c47c6ef7c2a2282
1574,60,2017-12-18,condicion_climatica,0.8129,5.6,8426c20fc1f780e653122762baef129e
1575,42,2018-04-15,averia,0.7213,17.8,dbb2c9fcb812c0eb6a8b856435e484d7
1576,60,2018-01-09,averia,0.8667,16.0,c1c4911d5c28f6d20c01a3ce2e2b8413
1577,34,2017-11-24,condicion_climatica,1.0,10.3,3e6265a523641fb92371584458d20168
1578,13,2018-02-10,retraso_trafico,1.0,3.6,0fa7c709db9f55e40527c25ec9f13157
1579,21,2018-06-09,condicion_climatica,1.0,6.1,53c898ca05dd376204a04358c8dd0e79
1580,35,2018-06-03,condicion_climatica,0.7875,6.2,9c038dee3bf16eac4a8ba2baa65b21dd
1581,48,2017-07-08,accidente,0.0317,25.3,0d6fbe13e1bee14aa67cfcda25ee1781
1582,17,2017-02-17,averia,0.7042,8.3,a033e71a9fdc7a30404bd7a39d3ad173
1583,8,2018-06-07,retraso_trafico,0.6633,4.6,6bd3a60971ad56dc2edfe2873ad1c9b7
1584,32,2017-12-14,retraso_trafico,1.0,4.0,9db03235fbd38dbd09a5628ebee9f71b
1585,7,2017-07-01,retraso_trafico,0.7994,3.8,e81638ffb72997c5bd2c1fa0f98918ab
1586,51,2018-04-01,accidente,0.8234,31.7,d552048b782d11413b8f34ebc2d9d148
1587,5,2018-04-24,averia,0.7128,16.1,44f9bb85e9dfb3f106dd017fbd8b8006
1588,48,2018-02-04,retraso_trafico,0.157,5.0,ac5dbdd1bd9d027a65020cace8e357ba
1589,11,2018-08-21,condicion_climatica,0.8805,11.1,82ad15d5ae6887a26bd03503d58d603f
1590,27,2017-12-05,accidente,0.4202,37.0,6fa0a93cdb26addb94babd05cb172c69
1591,36,2018-05-01,retraso_trafico,0.4906,5.8,f73a6ab709a38d529c425eedd0ea6549
1592,8,2017-06-07,falla_mecanica_menor,1.0,3.5,74bd06b5f9e79f8761e2b924e65cdfde
1593,22,2018-06-14,retraso_trafico,0.8132,2.4,303537b4b88abe56ea3a5c0801709c36
1594,52,2018-02-17,averia,0.6925,15.9,0b252b879dbab76b4730df79aeb1778f
1595,41,2018-01-21,condicion_climatica,0.368,6.1,eac90790570a2c6eae97928fb9a3383e
1596,10,2017-09-15,falla_mecanica_menor,0.943,4.0,7f52fe36580dffc15fb684d226b12f32
1597,2,2017-07-31,falla_mecanica_menor,1.0,2.0,9c7da05dae70be359391ea6cd8790045
1598,33,2018-02-19,condicion_climatica,0.8218,3.4,b8a3faed0f5c557b7d0e55a9040c684f
1599,53,2017-12-28,condicion_climatica,0.5499,8.2,071d86b8fc66cad2d0bb93775be89392
1600,10,2018-01-02,falla_mecanica_menor,1.0,3.0,203dfaee9b8175009f58d07065d8ee8f
1601,22,2017-11-05,retraso_trafico,0.8567,2.0,01ae5e4c5d2549f7c05000a2f5856c28
1602,50,2017-05-27,retraso_trafico,0.7282,5.5,e2c4cc7267755f2cbec6faa646f80a0d
1603,53,2017-12-11,retraso_trafico,0.716,4.4,08904f6557108c451821501ca9e6aa4a
1604,40,2018-05-29,falla_mecanica_menor,0.5409,3.0,0f76c26d0a331ffc4c0c5fd114cc3623
1605,1,2017-12-03,retraso_trafico,0.2582,3.2,8c29553a081ec9b93f3a0407e902822a
1606,48,2018-05-09,retraso_trafico,1.0,1.9,93b06656d7999e4508fb835a56f85d69
1607,14,2018-03-26,condicion_climatica,0.8164,8.0,0551ab30e952cbf19e26f0f6baab13a6
1608,55,2018-07-20,retraso_trafico,0.3392,3.6,77d6b708885d2096c60a2c70d6339b47
1609,50,2018-05-04,falla_mecanica_menor,1.0,2.2,dda7cf31684a98205550865020745d09
1610,41,2017-09-12,averia,0.4992,7.8,7feb540a28fa86db26a17648584a75d1
1611,5,2017-09-11,retraso_trafico,0.4792,4.4,1337d5367a799babc13f9f71c63bf7ab
1612,3,2018-05-29,retraso_trafico,1.0,4.9,38df34f6963826eaf92a536dff64393a
1613,32,2017-12-30,retraso_trafico,0.4381,1.7,e17f744bed784a76426455ca2b4f35d0
1614,6,2018-03-30,accidente,0.9765,21.3,3f06b341424a7ec67dd957609ee3cba6
1615,50,2018-07-24,retraso_trafico,0.5354,5.1,3268eb4ec8dd57e0ec471da34e35f5e8
1616,37,2018-06-06,retraso_trafico,0.7108,3.4,628287e102c84327f95402d4670434d2
1617,24,2018-08-10,retraso_trafico,0.6574,1.0,f92d5a62c7841e7f1a73ce4a68912c4b
1618,34,2017-08-16,condicion_climatica,0.7292,8.7,fd5c1e8106fe112adf074e53073aa76a
1619,38,2017-12-10,retraso_trafico,0.9258,3.4,cb53cd98c09562828a48a0da5d0b92ce
1620,6,2018-08-25,condicion_climatica,1.0,10.3,591ab3b2136169cbcc8f86900519151c
1621,27,2018-03-17,retraso_trafico,0.923,1.6,6f23c3c5a508f83e3068eb9f6d16d4b1
1622,29,2017-09-27,averia,0.5352,6.0,48d892b7a89ca7f4d0b1dd13d3d053fc
1623,31,2018-07-20,accidente,0.569,44.3,a2e5a4c4c016a3d66806bfffeaaa9930
1624,51,2018-04-21,averia,0.8667,17.4,37bb906305fed075bde1eac3f0023938
1625,8,2018-05-01,averia,0.4379,9.1,71fa5212055ef88adbd05cf0391a9a90
1626,6,2018-05-05,condicion_climatica,0.9658,6.1,90f7af0187e8633c3a1f22e397558fe1
1627,40,2017-06-06,condicion_climatica,1.0,9.4,489243ea0f23a5849516cc651afa4325
1628,22,2018-08-03,retraso_trafico,1.0,3.8,980044cb2540e5978dc610bcc47bb9e7
1629,6,2018-03-29,condicion_climatica,0.977,6.8,87b4a3f473682f0b4c87060b0370d4b1
1630,18,2018-03-11,retraso_trafico,1.0,2.2,71c04eba03595f13adc87878455ffa92
1631,34,2018-04-29,condicion_climatica,0.6627,7.6,b95ee76467f40a43ca737b18839d83d6
1632,50,2018-01-22,retraso_trafico,1.0,4.0,89feba7ceb08111c23997213c7533474
1633,40,2017-12-20,condicion_climatica,1.0,4.7,b700e6feb73a0ffb4f4b8571b68049d2
1634,22,2018-02-12,condicion_climatica,0.9981,11.4,5999ead09f96d2b827245b36f86901bd
1635,27,2018-02-20,retraso_trafico,0.3165,5.2,bace2325d40b46985f9e94e0aff26b2e
1636,2,2018-01-08,retraso_trafico,0.5463,5.4,1fb143495c17f9d09e20b8016a8e5430
1637,53,2017-08-26,condicion_climatica,1.0,2.6,2d0aa670db1b1678d2de5127f85c0729
1638,29,2017-02-16,condicion_climatica,0.5354,4.4,75729cd39e546ea4083ab7f3859bb745
1639,60,2017-05-10,condicion_climatica,0.8516,7.9,cf0069079227e57dea55e6ddee519e5d
1640,30,2017-08-02,condicion_climatica,0.5629,9.4,2cb099a54d7344bfd05b445214be4e7f
1641,34,2017-08-10,averia,0.9898,22.0,0a9de604052383d06ffc7a3390c727cc
1642,45,2018-07-27,retraso_trafico,1.0,4.6,7351ff002cae99e94c0a6a1da562c331
1643,41,2018-02-02,retraso_trafico,0.8731,3.7,395524f8aeeae5579f5b660148e450bc
1644,13,2017-06-11,condicion_climatica,1.0,9.8,11ab684b9f8c74b9b0652e6352d1906a
1645,24,2018-06-02,condicion_climatica,1.0,3.0,6405d2591428fc711391ea2349294706
1646,33,2018-07-02,condicion_climatica,0.6523,11.7,188d4eda8fa5f046fce1c7c8a309f61f
1647,9,2018-04-05,condicion_climatica,0.6619,8.8,31ff8f3524c7ae644eb02b5b78f30301
1648,2,2017-10-28,retraso_trafico,1.0,4.5,4258b5bedf2331953c0b974849dd7b24
1649,51,2018-08-18,retraso_trafico,0.9076,4.6,8530652c8cba532953c2736e8bd477ff
1650,26,2017-08-05,retraso_trafico,0.9179,5.3,31ca199ff8e0748b9d065f1bfa90450b
1651,33,2017-12-18,retraso_trafico,1.0,5.0,463cefaa4147d39621500e986396b5cf
1652,11,2018-03-01,retraso_trafico,0.7349,4.5,c2e3096cfe14dd179f75dc83746fe2a8
1653,43,2018-02-19,retraso_trafico,0.9435,4.6,f1207703399dcd13cbc13b7011137053
1654,58,2018-02-09,retraso_trafico,0.991,5.7,7ef7d4c2cef1be38ba7aa93a5a0af2c1
1655,35,2018-02-15,falla_mecanica_menor,0.9167,3.1,09d6c2dd8c08336a2cbd1c449a2ef158
1656,33,2018-07-01,falla_mecanica_menor,0.4301,3.4,0dbcaa88e213607d3795e96eda505c73
1657,50,2017-02-10,retraso_trafico,0.817,4.3,ba6ef427eddcdf12922391f524c053aa
1658,43,2017-11-17,retraso_trafico,1.0,1.3,7bdf347b22c9b62457da0a386b4f875c
1659,16,2017-08-02,condicion_climatica,1.0,10.4,82d48842447f79616fa1edca6fc9e91f
1660,29,2018-03-19,retraso_trafico,1.0,2.5,5f8772295e1adb4e4832c988d6b631b6
1661,40,2018-01-09,falla_mecanica_menor,0.578,2.0,162e915bc5d7c6b2de7eca743a65b033
1662,13,2018-03-14,retraso_trafico,0.4193,4.6,8711e162ef4e4e3a2e036a5ea880b844
1663,36,2018-01-09,condicion_climatica,0.8555,4.6,29c8471e22b812817dc9d933a3690694
1664,27,2018-02-25,retraso_trafico,1.0,3.7,24f9d59b5717fed5431455ac71a4a371
1665,5,2018-04-28,condicion_climatica,0.9139,2.4,a4bebb3e6a897abebb5afdb45e4c710e
1666,28,2017-12-01,falla_mecanica_menor,0.3857,3.6,ae5e5e33fbc4cfa818e4391563778f66
1667,41,2017-04-29,accidente,0.5404,33.4,8be7a307c750d151af4661da51b2bfa5
1668,11,2017-04-13,retraso_trafico,0.9961,1.1,29664dfe32fa36fe220eb8ba86d93445
1669,26,2018-06-29,retraso_trafico,1.0,2.1,c998e2a47c31a541308c5a5529a5984c
1670,41,2018-05-08,falla_mecanica_menor,0.6668,2.4,7400bc8ee7d289b54690fd540a3cdb8b
1671,6,2018-08-20,retraso_trafico,0.3199,1.2,549d28441c9e96e57fd63005f18b5ca0
1672,12,2018-08-07,averia,0.684,19.9,311251ba5bfaf2e67111e56ddee44f14
1673,34,2018-04-12,retraso_trafico,0.5571,4.2,3b818825757e8aa6466925f2a0fe1a6e
1674,34,2017-08-28,falla_mecanica_menor,0.8604,3.0,91fc7c64d791380536683edaeb8ff240
1675,38,2018-01-21,condicion_climatica,0.843,11.8,ae08a26b052c48419e21581f9f01d47e
1676,12,2018-06-26,averia,0.7767,8.5,7d8fb4d046d76c289bd66eb341bee09e
1677,40,2018-08-08,retraso_trafico,0.7054,3.9,b9f406c8efb6e5e869d3c9a8829f83ee
1678,13,2018-01-16,retraso_trafico,0.6234,4.5,477f4b85adba162dd1e74def115aefd1
1679,48,2018-01-03,averia,0.7704,19.4,7d000dae81f29889a65eb97b1a620949
1680,25,2017-05-01,retraso_trafico,0.819,2.9,3ac8d778d567a13ed3d66c07a74b79b0
1681,31,2018-01-22,accidente,1.0,29.5,63c92634b4aa9841e6ef2be29bbebd77
1682,54,2017-10-14,condicion_climatica,0.3322,9.1,6368194f43f0df34f328862f0e48ca56
1683,42,2018-02-28,retraso_trafico,0.7856,4.1,82f29ec26f706651b906acc60ba4ab72
1684,6,2017-12-03,condicion_climatica,1.0,5.1,947a5a30a6e7ca913d5404922abd8fa7
1685,45,2018-05-12,condicion_climatica,1.0,7.1,b77604241a9c04a66cf5b52681f78683
1686,25,2017-06-06,retraso_trafico,0.8714,2.5,109f6898323e99a194948043ea99cdd8
1687,59,2017-09-09,condicion_climatica,0.8432,11.1,9855472e23a51c2e8b310d215c717511
1688,16,2018-03-03,retraso_trafico,0.8956,4.6,43a0277da1f854225ecf40b7b2411991
1689,49,2017-04-12,condicion_climatica,0.8962,7.4,29382aea641df80ffc138e1d4dd50ffd
1690,51,2018-01-18,condicion_climatica,0.7181,8.3,1e96a45243abd1f2da33000b50e61c50
1691,8,2018-06-25,retraso_trafico,0.8457,3.5,147358ddf9e49b36b1e82b648678d1f8
1692,20,2017-07-12,averia,0.8133,4.0,5685bb72678077930e5c1f790e2995c5
1693,24,2017-08-16,averia,0.066,15.8,c94517a93bb24f22495c95eb3f90adc5
1694,7,2018-05-26,retraso_trafico,0.6204,1.8,c5c3f8505307266d936b0127ad17be75
1695,17,2018-03-03,condicion_climatica,0.8268,2.3,10fe58b85b6fe7ecb21c99fd55c4720f
1696,10,2018-06-04,condicion_climatica,0.4094,11.4,8870e37cd5b4a6ff4b0b3c2a02e471ae
1697,54,2018-07-23,retraso_trafico,1.0,1.3,ad24829ce0c8cee4466dc8ccab393aba
1698,2,2018-02-01,accidente,0.8598,42.2,3a5ed4ec9fee02e629a8909af01459a7
1699,40,2017-03-24,retraso_trafico,1.0,2.9,2d582ca9251cf300ff17929c5151438a
1700,26,2018-01-20,condicion_climatica,0.8819,7.4,ae61d8526340e93d3df927f6efa8b2a9
1701,16,2018-06-02,condicion_climatica,0.4342,8.5,bf9798b58294574db2ddd49186ffbeac
1702,56,2018-02-12,retraso_trafico,0.62,3.1,cf287f639abd10b1630574c4a065d4f1
1703,42,2018-05-01,averia,0.6237,22.8,11746f9dc3d55313aadc6e6bf8464595
1704,24,2018-01-24,condicion_climatica,1.0,2.7,6a42b7608f87f127149196afa0554473
1705,28,2018-08-06,averia,0.9323,6.0,519440577b644a6822242fe9f13b31e8
1706,15,2017-05-23,condicion_climatica,0.6076,10.4,643916742191b1ca29968acfeccf30ed
1707,16,2017-12-02,accidente,0.4071,35.7,6fb4ab660fb3e6b8ec8a45e926d99933
1708,21,2018-08-22,retraso_trafico,0.5352,5.2,650b025cd24c4072e607bdbcb8a030f2
1709,16,2018-02-06,condicion_climatica,0.8114,4.5,f2a6774c892c14709d530828352bdd34
1710,7,2017-01-30,retraso_trafico,0.8374,1.6,b9581bf1b646f4fc021b131e1ca4d034
1711,35,2018-07-06,falla_mecanica_menor,0.6034,2.6,06fec3f6e9e72edb698e63c30a8f027f
1712,42,2017-10-07,condicion_climatica,1.0,9.9,d5aa77f5eed8acdd598a687ccc27cfa8
1713,11,2017-10-22,retraso_trafico,1.0,1.6,01855f880aae9a984c7c33b26fcf2e02
1714,2,2017-11-15,falla_mecanica_menor,0.9107,3.3,a32c5756d7fb7e6d103041a266e950d3
1715,21,2018-04-07,averia,0.8722,24.0,d4a1728b95d69bdf0bb9dae4bce1d666
1716,4,2018-01-28,condicion_climatica,1.0,8.0,973b7f50240979971b3f5f8913d09e23
1717,32,2018-08-01,retraso_trafico,1.0,3.7,19eccdbcd24b02d1dd3953f04ed7699a
1718,31,2018-07-20,retraso_trafico,0.73,5.0,00a57dfbb049fbaae10763e2cf15f797
1719,38,2017-02-09,retraso_trafico,0.3896,5.1,b9763fc50599a4ba2c2405513546d844
1720,23,2018-08-10,averia,0.2689,11.1,1254db2858a5edb97a4c724409299e13
1721,30,2017-06-02,condicion_climatica,0.6033,10.7,99c147df843f57729b80fc677944bfd3
1722,22,2017-11-26,accidente,0.8598,32.3,0be7e98768e4af5d5f972b05d01a82e1
1723,27,2017-06-27,falla_mecanica_menor,0.722,1.1,f38bf6fe56ece7d6029b0c1dfaa00276
1724,38,2017-08-16,retraso_trafico,0.6982,6.0,983213a9301fa00262c06b85e30b3530
1725,31,2017-07-02,averia,0.4694,11.4,a42b8e89c40b20239fd256bd449eb7b7
1726,51,2018-01-03,condicion_climatica,0.4053,10.5,7c22f4e3b26cdfc146cb18998b3905b5
1727,30,2018-05-11,averia,1.0,5.7,c4277c0bb265f5f6e13a10ee49dd0e9c
1728,5,2018-01-30,retraso_trafico,0.1235,2.9,b9a9373fc111512d93f74cbafd0d15e5
1729,51,2018-01-14,condicion_climatica,0.3342,11.4,430e183eafa732301b3ecab620951c06
1730,27,2018-07-19,retraso_trafico,0.9971,4.0,a902114dd9904d0720db65f860a98d7d
1731,55,2018-07-19,retraso_trafico,1.0,1.4,135873f19ffdd8c0841b7e7b7c45220c
1732,17,2018-08-07,averia,0.2889,9.5,bb9f75d3c7f568993eeea270ef41e9d1
1733,40,2018-05-01,accidente,1.0,35.1,4caaa2c8d6544804296a156b210a8d47
1734,40,2018-06-17,condicion_climatica,0.5372,5.1,ea110ced6459b4dc6c73e0b2367077e9
1735,32,2018-08-09,retraso_trafico,0.6102,3.7,a4bc1696d87f667da1b782b7707358ad
1736,24,2017-04-22,retraso_trafico,0.6694,5.5,c60bade0a2a45f8db2535ad71baf5089
1737,40,2018-05-08,retraso_trafico,0.841,1.3,741d2cc8f5697d6dad48097792babbe2
1738,18,2018-08-07,retraso_trafico,1.0,1.2,9c05cf9f770e4c24707995b849ee5212
1739,36,2018-04-25,averia,0.8088,17.2,5164933efe0cd14f31424b9badf81f19
1740,55,2017-06-14,retraso_trafico,0.7404,4.4,f96a9dc2a80bc15f23751cd2bb4f9029
1741,48,2017-12-03,retraso_trafico,0.7126,2.7,31ad4814ceda6fbaf80287df5e35073c
1742,5,2017-11-17,accidente,0.6984,13.1,317bc187384c65775ea8f3b23aad4acf
1743,12,2017-11-28,averia,1.0,8.2,310adadfb2b68c5607467e7f7f419491
1744,29,2018-06-04,averia,1.0,6.4,46dc14e76e68252f0c7883545008ca1a
1745,49,2018-02-04,retraso_trafico,1.0,1.1,de5c6352db0b15363de90c22e79d322c
1746,37,2017-03-10,averia,1.0,9.0,ce322da078046d3b1e267b888d563fbe
1747,23,2017-05-23,falla_mecanica_menor,0.8241,2.9,04e1ca520a917164808b7fd567f9b57c
1748,6,2017-05-14,condicion_climatica,0.7578,9.9,93b885e8ae6403b9c59c24f1cd30e1ad
1749,16,2018-03-12,retraso_trafico,0.6091,3.6,cb5b7fb63c0add7098c025cb737df02e
1750,22,2018-02-03,averia,0.471,9.1,c546a6c20db2388cfdf1f72285456a3f
1751,30,2018-05-01,condicion_climatica,0.6094,6.3,988ed9a83d6e55d6eaef87fac1a94439
1752,1,2017-07-09,averia,0.8887,6.8,c608c480ac442c0ee8203c097fca5f3c
1753,59,2017-07-06,accidente,0.8845,21.5,8a4278a33a74f05e4d79f18b826a0c6f
1754,26,2017-10-16,condicion_climatica,0.3078,7.2,00143d0f86d6fbd9f9b38ab440ac16f5
1755,60,2017-11-26,retraso_trafico,0.6746,1.1,c9fbd3052dbd9c9ff427806225df3ad8
1756,37,2018-06-15,retraso_trafico,0.781,1.8,4db2efafa3ef7a9bb740073addef3f85
1757,29,2018-08-06,retraso_trafico,0.4612,3.9,f2314bb87d6f10a76f4a5d73c19487e3
1758,40,2018-01-12,averia,1.0,15.5,2abb4e1bb6b3c83202111a0900d6fad5
1759,48,2017-07-29,averia,0.983,13.3,5255f1faed117d0031d5f1c17d645d61
1760,51,2018-04-18,retraso_trafico,0.8829,3.1,94d2de9ad08d15bd3e714a984bd09bcb
1761,58,2018-02-24,condicion_climatica,0.7794,11.3,c37e8a90411ad06bb2624d9a478de279
1762,53,2017-10-05,condicion_climatica,0.5578,10.6,76b25bee64215dc674a3715b71322c86
1763,46,2017-04-09,retraso_trafico,1.0,2.1,e33ed9bacaf02833f0c4dff6e8e20bff
1764,1,2017-11-20,condicion_climatica,0.1034,8.3,9125e99c306e51534e9e6e31efdecec9
1765,6,2017-06-18,averia,0.3702,20.6,5a583547086c7958be6668ef932708cd
1766,13,2018-06-06,retraso_trafico,0.9481,3.4,114b1cbf281d72023b151203775b0b4f
1767,4,2018-05-13,retraso_trafico,0.6243,5.8,d273fced15e8d7ff3a29be85653e8fdd
1768,21,2018-05-16,averia,0.8057,15.2,6a03d0d3197b58dac687046338e114db
1769,3,2018-08-06,retraso_trafico,1.0,4.3,c3f5604968d8dd5686a261e2ff17cb96
1770,60,2017-09-02,condicion_climatica,0.4019,8.0,1c289ec3ff9bc97bb8042c71b244cd40
1771,30,2018-05-05,condicion_climatica,0.9727,8.0,add60b533a3e4c356398fde8b7987eac
1772,55,2017-12-06,retraso_trafico,0.8391,2.4,af4be6b90fa33a1fcfdb55462230fdc7
1773,1,2018-07-02,retraso_trafico,0.4561,6.0,e23156a0a06f554615d0ea438a5914d0
1774,22,2017-08-01,condicion_climatica,0.6645,5.2,db2ab2d67b7e072882b87621025cc8d6
1775,41,2018-08-17,condicion_climatica,0.2559,2.1,90dbcfe5c30e1fd81cfaf22dc879e81b
1776,20,2018-08-09,condicion_climatica,0.528,7.3,50016ee0bec18cb823bd67b9c438267f
1777,3,2017-10-12,retraso_trafico,1.0,4.6,d13d925b4c366eb57388fbf0a99db1da
1778,13,2017-12-24,retraso_trafico,0.6899,2.5,9854c9854695b1856b5f7832f336db5c
1779,50,2018-05-04,condicion_climatica,0.6102,8.0,a52afd16d0515dd4fa072e7e8395f99b
1780,26,2017-09-05,condicion_climatica,0.734,8.6,93a157bd42d5aee115dbfbca895d9998
1781,1,2018-04-15,retraso_trafico,0.6763,3.0,6127797c104df1ac653da2a9783f2d65
1782,6,2018-03-22,condicion_climatica,0.0383,10.8,687fefbf639ccadb9ffe1510229fe531
1783,48,2017-06-05,retraso_trafico,1.0,4.7,9cf566da5a3277749dbd61fa060e8110
1784,34,2018-06-26,falla_mecanica_menor,0.7219,1.8,8b378967566499beb14fbb0fc0edd2ed
1785,46,2018-03-01,condicion_climatica,0.8379,7.6,5fe18112061d552a439bf8a33e638468
1786,29,2017-07-22,condicion_climatica,1.0,10.6,c71168b3286e7c26a34e005edb6a63e8
1787,27,2017-11-10,condicion_climatica,1.0,9.4,2d33b505c88265921a04702415937e30
1788,12,2018-02-14,retraso_trafico,1.0,1.8,c2b5b20737274fee59fbe8ee26cefe2d
1789,51,2018-06-19,condicion_climatica,0.9719,9.5,cc70bdcbdc96a3800ea3cecdc98b1a72
1790,60,2018-06-18,averia,0.969,19.6,9b21d7e7e61740911f0008fc81681e63
1791,16,2017-08-11,averia,0.7585,22.5,a7652ffa94af425f684a2d55cc06945e
1792,40,2018-05-25,averia,0.8438,20.2,4852f370542e79ecd0ad9671dfcbc91b
1793,44,2018-04-09,falla_mecanica_menor,1.0,3.8,f632c00313bdbd50450cb21052cbe825
1794,34,2018-03-18,retraso_trafico,0.7514,2.6,58683439e5d8a39e9b0a7c4b2f1ff8c2
1795,57,2018-07-31,condicion_climatica,0.8277,2.7,3f975d6254e730e9262bc7be0b71a589
1796,17,2018-08-11,retraso_trafico,0.8011,3.4,33bc941e33954324394693138a3b95a6
1797,40,2018-02-13,accidente,0.6408,47.4,fb19ce6d26a3e32f5effb9e33c18ebd8
1798,36,2018-03-20,condicion_climatica,1.0,4.2,a7c26d6524d448da94b7ad45ad722167
1799,40,2018-08-01,condicion_climatica,1.0,3.2,53b74e6d05c2fa0f3915c608e6537d30
1800,5,2017-12-30,accidente,0.8766,40.8,59e965eb9a8f7f341a003466fbe14229
1801,2,2017-11-07,condicion_climatica,0.8724,10.0,3643f070f0ecf3a35acc73cc863b296f
1802,25,2018-06-27,accidente,0.8623,40.5,6304866866c7683271828d0a97c0e2a8
1803,11,2018-07-04,retraso_trafico,0.8082,2.4,23c8185c60bb06f217a2437ffc73e45f
1804,34,2018-06-12,retraso_trafico,0.6075,3.1,5d1aca6ae03324b5398c241b3b402be7
1805,22,2017-02-13,retraso_trafico,0.9334,3.0,5c9d1c87014d033ba9f70a7fb96ba7e5
1806,2,2017-09-30,falla_mecanica_menor,0.6827,3.4,28bc142035cc9a8ee9aa0288221ee056
1807,22,2017-06-09,retraso_trafico,0.5,4.5,b53789a8a5e82c833c06eb2c139993a3
1808,40,2017-03-25,retraso_trafico,0.6412,1.4,b765555cab4620de41a7714fe7359249
1809,1,2018-03-12,averia,1.0,14.0,e742713350aa1d4a7a0c80ed2f3ad4d5
1810,33,2018-04-06,falla_mecanica_menor,0.7956,3.6,2e61fdb90c06ee4a04c2ed31a1092574
1811,45,2018-07-17,retraso_trafico,0.8136,3.0,34ce0ca85ae4e7d8cad0c61a10236321
1812,60,2016-10-30,falla_mecanica_menor,1.0,2.0,0ca768c507d1fc3c61bd950bb1c5231a
1813,52,2017-06-16,condicion_climatica,0.9783,9.2,0ef3a38d9a48aeccab67ab7616924237
1814,15,2018-06-12,averia,0.8153,6.5,f8dcf163964a98422b218dd41bd47a7a
1815,50,2017-09-12,retraso_trafico,1.0,2.9,e4a1a7de8d097ef8862da4fa66798f53
1816,32,2018-07-04,falla_mecanica_menor,0.6019,3.8,42c9a9c778ca94f01517f4abb7e6df31
1817,37,2017-05-08,condicion_climatica,0.746,8.3,694171d7d81744391df6d1b79dd82695
1818,28,2018-06-14,retraso_trafico,0.726,2.1,0b61dd71ead1e65e9d50db5b89cb5cc4
1819,58,2017-12-10,averia,0.4266,13.7,001c85b5f68d2be0cb0797afc9e8ce9a
1820,40,2018-03-03,retraso_trafico,0.6976,1.0,06375e8bcbe64fb1da3b499fa42a7991
1821,44,2017-01-19,condicion_climatica,0.3769,7.2,eb87432d1b32d99db89d573d77767a01
1822,4,2018-07-17,retraso_trafico,0.9409,1.7,186d853ccb29e4bc2470952ec61dbb39
1823,12,2017-12-24,retraso_trafico,0.638,3.0,f1948164e2ecb9e4c5dff63a69e58d9e
1824,12,2017-06-19,averia,1.0,13.9,56014565a50cd432153bbf6a24b8bd97
1825,30,2017-10-02,retraso_trafico,0.4646,2.8,8912714cffbe195a053e461728955065
1826,15,2018-07-30,averia,1.0,8.2,c69eeadb2be025a8483b632013bb0788
1827,40,2018-06-19,accidente,0.6845,38.4,1429d024a5b24651ee03fd7216d95247
1828,36,2017-11-30,averia,1.0,8.6,860a775a4c01146f0dac9eebe2ac8461
1829,49,2017-06-03,condicion_climatica,1.0,8.4,2440bc295a6469fa10b79123189bdb31
1830,51,2018-06-25,retraso_trafico,0.8107,2.8,0c23e216707906b2996b9e2a5bf5ca93
1831,29,2017-11-24,condicion_climatica,0.7635,4.4,f72289715f4416fb6e9a289031977b6d
1832,13,2018-02-11,retraso_trafico,1.0,4.5,a8c73a48c9615d63b8ac5254472e9c42
1833,22,2017-05-28,retraso_trafico,1.0,5.8,6d0f82a01588821c295aabc53d05a552
1834,35,2018-03-08,retraso_trafico,0.6809,3.3,66aba14bb9ae52201797bedad4b91d5c
1835,50,2017-08-29,retraso_trafico,1.0,5.3,9a267a9c566371013783da527ac4038b
1836,31,2018-05-08,condicion_climatica,0.9689,4.0,43bb790a56513bae53070529a38ba67a
1837,48,2018-01-22,condicion_climatica,0.8352,8.2,dae2457b7553ecd04b2141637d26f78e
1838,53,2017-04-10,retraso_trafico,0.7778,2.4,81e035b07fa347e5b333f9a2b4616e2e
1839,33,2018-02-26,condicion_climatica,0.8857,10.7,f2be3946c5ae27518a65c37a05b914f9
1840,34,2018-05-31,retraso_trafico,1.0,2.9,9bf784212164c8cc81d3eb16daaa5950
1841,39,2017-07-26,accidente,0.6879,8.5,af66c46c49bdb3bf2f862efb1eb67d81
1842,26,2018-02-21,condicion_climatica,0.8626,8.6,fb4e36a839ee2e8a134cdf32bf9d9585
1843,53,2017-10-15,retraso_trafico,1.0,2.5,c84fc53c53493ddf7c688d601056510e
1844,8,2017-04-04,averia,1.0,7.3,af695d977f49fc0b29d716dce0c755fc
1845,60,2018-07-13,condicion_climatica,1.0,6.2,0c06719338eba9ad30362c43bad76d87
1846,4,2018-03-15,retraso_trafico,1.0,2.2,faeeb4eb4150e4e1246627ee36ae6f60
1847,10,2017-07-06,falla_mecanica_menor,0.5846,1.6,e8f1a30189522698bfce82adf60472e7
1848,1,2018-06-21,averia,0.6252,18.5,e29968d0d7fad6eb512591f25eca27dc
1849,11,2017-03-02,retraso_trafico,0.5247,5.8,f964ec281f9f4098870fff22b6b74fec
1850,25,2017-10-02,averia,0.8835,5.6,600f11f2924877daf80111221c047491
1851,60,2017-11-14,retraso_trafico,0.6445,5.5,70de580c254e6fc014c22e93c8c0708d
1852,33,2017-04-27,retraso_trafico,0.6004,3.7,3eee460ccbd66774ae2b37cd8ea50ede
1853,36,2017-10-28,retraso_trafico,0.664,2.9,210f6de2695396bc0cc864241676e17a
1854,42,2018-02-15,condicion_climatica,0.8308,4.5,fcf235b93f4a81b6f5125059c9793465
1855,6,2017-09-25,averia,0.7439,21.8,ef82fc4c2d59e67b942de26791b617c9
1856,30,2018-01-12,condicion_climatica,0.8543,10.6,2972bf7609b0a30508f2a31d49bc6f84
1857,48,2018-05-22,averia,0.4727,10.1,ebaf4b1faa0a7038125461afa5810651
1858,33,2018-02-20,averia,0.661,22.9,5fa86014b9702f8c488d3ca356d24dd9
1859,59,2018-08-07,accidente,1.0,37.8,4af2fb154881f350d8696f7f7a7f80d3
1860,48,2017-04-30,condicion_climatica,0.8642,2.1,6334d07e554699500b61eb1cefb2d4ae
1861,45,2017-10-14,condicion_climatica,0.8467,6.6,4528d2df0746ab4a83a886d17f66a9de
1862,51,2018-08-07,retraso_trafico,0.8624,4.4,1722f4de186ebcdb68411641263f6ae2
1863,35,2017-11-20,falla_mecanica_menor,0.8309,3.2,7b6a7a66fce3298e019fa8bd99a7d4ff
1864,13,2018-06-11,retraso_trafico,0.7584,1.7,8ea30b70e3e6d110ab6eaec18f0a7269
1865,30,2017-11-18,retraso_trafico,0.4046,1.9,71385d0c646fbc757cfd07df085986d7
1866,18,2018-03-16,retraso_trafico,1.0,3.8,65c681e03f100e0ef15a100838d6b357
1867,42,2018-05-16,retraso_trafico,1.0,4.6,d7741d0cf16b11975dbdfa4d7dec65c8
1868,29,2018-03-30,accidente,1.0,16.2,a4fd084ec20dad1d716b8eb4c9b08601
1869,36,2017-08-02,condicion_climatica,1.0,3.5,581df21026c7ba80ffbaa5c3c21a6788
1870,33,2017-12-16,retraso_trafico,0.9318,5.7,575d8ef8d005dd6e8f39b314079973ef
1871,12,2017-09-04,falla_mecanica_menor,0.6016,3.2,d57c982355905f7bf6cd8aad41ccc658
1872,15,2017-10-13,retraso_trafico,1.0,1.8,c997b91dc02adbde398d66a919a15a81
1873,19,2017-05-25,retraso_trafico,0.3068,5.1,16378369550d1c3b2b2d3c817db399c9
1874,25,2017-09-19,averia,0.6053,12.2,9c5bc3c2933ce8e4660ec888ffb28748
1875,45,2018-05-17,condicion_climatica,0.5992,9.3,bcc8085a0288cf3353fea3d79ae6b9a0
1876,34,2017-05-24,retraso_trafico,0.8601,3.0,755c4aa4960614ec096601363b0ea48d
1877,42,2017-03-21,condicion_climatica,0.3383,11.2,a85e1b0e72e3d941ebc9cbdeb31b728a
1878,30,2018-05-04,condicion_climatica,0.9644,8.1,e8f1e6bc58ce50eb224d5ea7408a88c0
1879,27,2017-05-01,condicion_climatica,0.8527,11.9,5849d6026e6ef0340a5e699086dbfbc7
1880,19,2018-06-25,retraso_trafico,0.8425,5.5,c67e5216a65692a116a99fa61da0294e
1881,48,2017-06-21,falla_mecanica_menor,1.0,2.1,1d75f74f2b35e491804fe25e4c5fd4dc
1882,19,2018-05-20,condicion_climatica,0.4138,8.1,d2c4b43f2986e614c4f281927c47d228
1883,4,2018-07-06,retraso_trafico,0.4981,1.7,1bfb2199760a3d5c410cf4fab44e868c
1884,34,2018-02-06,condicion_climatica,1.0,9.3,9788e1264a6ffeed8da515914c103b70
1885,38,2018-03-07,falla_mecanica_menor,0.9843,2.5,23c5dff7c1173d8220f26bb0e881e2c8
1886,6,2017-08-21,averia,0.8588,11.9,f51e24deeba8f9a5f94706e82a2f8ea1
1887,57,2018-01-08,retraso_trafico,0.4728,1.6,56f67ddc4dcd366ecf0d6ac941581ac3
1888,1,2018-07-04,retraso_trafico,0.5961,5.7,eb3def506468a28e922792bce17156b0
1889,44,2018-01-24,condicion_climatica,0.2447,4.8,d49ec3a899ae434874c54169dccd34a1
1890,8,2018-05-28,condicion_climatica,1.0,8.7,d807318c6ed8193c569cad0f755131fa
1891,40,2017-09-12,retraso_trafico,0.4758,2.0,61c371c97bc39650300c359853390644
1892,3,2018-06-14,averia,0.9344,15.7,b2684c3e0b5cba29ea14a74e3c933a34
1893,21,2017-07-28,falla_mecanica_menor,1.0,2.3,e5e48a59f8f3bf0f381be370b1ccb35e
1894,58,2017-11-29,accidente,0.8037,21.1,6f192285411fe2465d2c701cddafb6d9
1895,19,2018-01-25,condicion_climatica,0.788,6.0,3eb5983ab1e64ba4a4dd7425a6d6d48b
1896,43,2017-10-22,falla_mecanica_menor,0.5611,2.1,5c54271ee917cae6f59c5609f8baa986
1897,55,2018-01-25,condicion_climatica,0.9046,5.6,3b513d4810b2c2de5e551d0edee87865
1898,31,2018-06-04,retraso_trafico,0.9252,3.0,4ccc4e96e0fa5c35efbf9bf836ebef72
1899,17,2018-03-05,condicion_climatica,0.6627,8.8,08783e3047d2cdfcccfcb9ee5b45772f
1900,29,2017-07-01,condicion_climatica,0.9012,5.0,594494c6edea77fb5699a429983c1e87
1901,50,2017-11-14,retraso_trafico,1.0,1.4,c3e2a651c8f9d7a02054e2e37e977c1e
1902,47,2017-06-13,condicion_climatica,0.6072,9.1,3ec2bc5de0fe81f5d14adb115df88e36
1903,27,2018-08-12,accidente,0.9976,17.2,d3310038bbf991ce02501a51022f5283
1904,41,2017-10-04,condicion_climatica,0.8407,11.0,ef7c07e8debe38337f6865322d146103
1905,23,2018-03-17,condicion_climatica,0.5943,10.6,5543f9965dcbb6ebc4d28d9ce6a6c7be
1906,49,2017-12-26,averia,0.9014,12.7,d9824f21d1f1d7e95d054b0becab9790
1907,34,2018-05-02,averia,0.8409,12.5,3237491ee1f51f346e175b2dc581b734
1908,3,2017-01-28,condicion_climatica,1.0,7.3,56a726fa0f40d3678696e62aaed9690d
1909,40,2017-11-24,retraso_trafico,0.4645,1.8,6ecf7023e8dd4ec8b08746c35b9fcb60
1910,32,2017-11-10,averia,1.0,12.9,07884a0d48bbdae5f9a1d8582b57e09b
1911,51,2017-09-06,condicion_climatica,1.0,4.9,84dd66bcbf849a7cbc4f484e83152ec5
1912,56,2017-11-21,accidente,0.715,42.3,bd5232c968db4fe262e6df58cd3b5e86
1913,16,2018-08-08,averia,1.0,20.2,cd2457140ff84327d7d7030053b80fce
1914,49,2017-10-02,averia,0.7501,12.7,1da6c2d53ad9f033ccf54f16801546eb
1915,38,2017-04-17,retraso_trafico,0.5453,2.6,9c20d32da9901199ffd5a24288b6c259
1916,36,2017-08-07,averia,0.6746,17.9,71f52dc8aed2976ea632b8888e4c18b8
1917,28,2018-07-10,retraso_trafico,0.6251,2.4,7313807dc1071728db193910181486d8
1918,40,2018-06-11,retraso_trafico,0.279,1.1,20c452fc8f22663c6a11508ec8ca0726
1919,17,2018-04-01,condicion_climatica,0.86,5.6,bdd49e833a618b2e10096e4bd5725977
1920,38,2018-02-20,condicion_climatica,0.7771,9.6,a4b19ba687d68b54e5598956990afa98
1921,31,2018-03-24,falla_mecanica_menor,1.0,2.1,db5f60962b917b4dd9d73efd3e121ff6
1922,1,2018-01-11,averia,0.5405,8.4,c771cdb4091279746e01df25b8c6e7fc
1923,9,2017-05-29,condicion_climatica,1.0,5.7,327cce1fcc02fedef63c30dbde323402
1924,48,2018-05-29,retraso_trafico,0.6903,5.6,7d32c87acba91ed87ebd98310fe1c54d
1925,60,2017-10-04,retraso_trafico,0.0554,4.9,8d585a78c58bc6ee2c28323cfd8ce6c7
1926,30,2018-08-06,averia,0.4363,8.5,ccaf9bc3712aea66d07acdbea64e069a
1927,36,2018-06-19,retraso_trafico,0.8591,5.5,9df989b3f2e35193ee15acb0a5c6964c
1928,36,2017-02-01,retraso_trafico,0.6051,4.7,ee12a50463df80c62439cca9feb9f971
1929,29,2017-12-31,retraso_trafico,0.4613,3.9,20e6ee55f4ed8d49e64540668547a14e
1930,27,2018-06-02,averia,1.0,19.5,2f2a857f1d838454c26f5fb0fc4356ba
1931,51,2017-10-24,averia,0.7966,9.4,2ddcc2305498e7f001b65b9c28b48072
1932,12,2017-11-13,retraso_trafico,0.8747,4.6,ffa39020fe7c8a3e907320e1bec4b985
1933,42,2017-12-08,condicion_climatica,0.7117,11.1,a0c370a65210b6a6e739cf8e302b9c77
1934,57,2018-01-15,retraso_trafico,1.0,5.0,7bec0ef2b65e6c75fc082d823d0a59ca
1935,35,2018-05-20,condicion_climatica,0.768,9.8,69cf676c0ee712f46af49c4b353f639a
1936,48,2017-03-01,falla_mecanica_menor,1.0,2.7,44a69f8dbbaad732136d9575edb10295
1937,36,2018-02-03,retraso_trafico,0.9297,1.7,76ae7f8d0104f4808d4a93f4b81661d7
1938,32,2018-07-19,averia,0.8191,20.7,58435d6ff97216c2ca1eab87aba77dff
1939,50,2018-07-22,averia,0.8812,12.8,836410a2fc31591815fe79d66ec24f10
1940,10,2017-09-16,retraso_trafico,0.7579,1.9,bad0467c52f23cdc71e9fa139d4a8afd
1941,50,2018-01-25,condicion_climatica,0.2344,11.3,3c0a046b559b573fb30e2c6b041fd544
1942,6,2018-03-01,retraso_trafico,0.7112,3.8,65c96731ae030b052acda14e142e2a3f
1943,39,2017-07-28,averia,0.8726,23.2,0dfd5d2f0b9f06775f9630defe80d510
1944,6,2018-08-13,retraso_trafico,1.0,5.2,710ad9913c5b4fc7c5d5a890082b1029
1945,58,2018-03-02,accidente,0.9739,18.5,1fb6880d44ba288c88dd005bbba85b99
1946,32,2018-02-05,accidente,0.8529,43.7,897fd799ba00cbe2a0d8f726dd211231
1947,19,2017-06-08,condicion_climatica,1.0,6.5,d99b88619176350e49d910a4e548b951
1948,18,2017-12-16,averia,0.4044,6.3,50bd37ee53e04d52626a5facdc6bd60f
1949,46,2018-07-26,retraso_trafico,0.7448,4.0,09ddda124332d6c2489fba71284be7b6
1950,60,2017-12-03,retraso_trafico,0.4482,4.7,c68f8933bfde7861455fab77ea35596b
1951,13,2017-01-19,falla_mecanica_menor,1.0,3.0,21aa5570514b188b031255172b1e04bd
1952,41,2017-12-09,falla_mecanica_menor,0.7865,1.0,b463e42856ea712dd83a10f12ffe64aa
1953,1,2017-01-20,condicion_climatica,1.0,2.2,fd930246eb1c751ee75add493e49ea34
1954,2,2018-07-18,averia,0.3269,4.2,92ea4e83a1cbd42cfc62e113b8a00797
1955,49,2018-03-09,retraso_trafico,0.6223,6.0,e9acbfa0efe448cca0db0508f8641ac9
1956,6,2017-10-17,retraso_trafico,0.9004,2.2,f439741ef3997ceace2e3b92ad169e0b
1957,29,2018-03-17,condicion_climatica,0.7098,8.3,18b3b5404f523379b23e3eed42639acc
1958,36,2017-03-03,retraso_trafico,0.8286,4.9,4bcd0329b76295d8f76bf2c18e12f6e7
1959,50,2018-01-07,retraso_trafico,0.4286,4.7,4b944ced0a85068eda08572e1c5e890f
1960,34,2018-05-22,condicion_climatica,0.66,5.7,6a096fcdddba23fd2ee58971dcd1654e
1961,49,2018-02-19,averia,1.0,7.2,06bafdd8b6d0b5befb44337a7674a1ec
1962,29,2018-03-04,retraso_trafico,0.9904,5.2,b3b286669378f5262f42a944d52ad221
1963,36,2017-12-05,falla_mecanica_menor,1.0,3.7,17c2ee64306efa76f1389315a974eeba
1964,54,2017-07-05,retraso_trafico,0.3897,4.5,b5f0d49a8f5804130b25b7a6ccade2b3
1965,42,2018-06-19,retraso_trafico,1.0,3.6,d02d64a92b368e50d9d1dd6093514a5d
1966,49,2018-04-24,condicion_climatica,1.0,8.6,7c9454e9734bcf938b5b50af50269688
1967,53,2018-02-08,averia,1.0,9.4,f89a51effc7d2760e697be96c77149bd
1968,29,2017-06-10,retraso_trafico,0.7601,3.9,236ac812debfa147da2a0e46eb8498f3
1969,16,2017-05-31,falla_mecanica_menor,0.506,1.8,a9a4989d18319f417053642957c9da22
1970,29,2018-03-19,averia,0.6235,9.0,b3cade492748e3a55960d5b64615dd25
1971,27,2018-05-10,condicion_climatica,0.9254,8.3,37a5204a049f51a78d2a3b22a808a779
1972,14,2018-01-21,retraso_trafico,0.9995,4.9,d28830771e797451d8886435458033bc
1973,40,2018-05-08,retraso_trafico,1.0,4.9,cf33134e239432c52a6d5390e7f8a235
1974,57,2018-08-26,retraso_trafico,0.855,5.8,94d2360b6b3afaf6e51fee341b108392
1975,13,2018-01-22,condicion_climatica,0.4547,3.2,3acbf8d525d03b71546282c532a3dc6b
1976,59,2018-03-17,accidente,0.7321,37.3,be0aa376bf962730ff1c95bd96db95c7
1977,22,2018-07-18,retraso_trafico,1.0,5.8,0d5286ba45f14f5c1d188ccfe21a79c4
1978,9,2018-05-02,retraso_trafico,0.7326,5.0,f2bda88ec797456b974f810a84814028
1979,16,2017-09-01,retraso_trafico,0.9988,3.3,e9bf6a3daf9c2966192eaa98b5afb617
1980,48,2018-06-02,retraso_trafico,1.0,4.8,2fb37826cdb8f506242e4dabb544e516
1981,29,2018-04-12,condicion_climatica,0.6532,9.3,39bcd5ec1743f20b61498be2277d28db
1982,49,2018-03-07,retraso_trafico,0.9146,1.1,e20048c62eafbe51818f6dd9f3be724e
1983,25,2018-08-09,retraso_trafico,0.7249,3.8,aea07e49bd6cb10236c4f58a429d3591
1984,25,2018-05-15,retraso_trafico,1.0,4.7,82ae4ace0b3ec2734319bd238e822c68
1985,35,2018-02-09,retraso_trafico,0.7113,4.7,8c3b7db34a579c7e50cdd4c8146a43b8
1986,34,2017-11-06,retraso_trafico,0.7897,3.8,555905de95610046be84df6313b3328e
1987,16,2017-03-20,retraso_trafico,0.9733,3.5,8fccc7922426ac1c14efd13857e57bff
1988,16,2018-02-09,condicion_climatica,0.7505,3.1,ac14a1a3d8c2b071a150eb2990b5ecd8
1989,3,2018-04-05,condicion_climatica,1.0,11.7,7b2c7245f98789589c0f17e37f43fe0d
1990,53,2018-03-17,retraso_trafico,0.6308,5.5,af9ce0d4f36308fcf461b3f497c24bcb
1991,44,2018-05-01,retraso_trafico,0.8969,5.1,3ee6513ae7ea23bdfab5b9ab60bffcb5
1992,53,2017-08-09,averia,1.0,19.6,e9171e375d76592a7c88e9f155664869
1993,27,2017-06-21,averia,0.5853,12.5,02f2c7fceceffdefd9a7e96abe08d93f
1994,10,2018-05-13,retraso_trafico,0.7,1.1,5b106bcec980345d3c64e1661678639f
1995,2,2017-05-18,falla_mecanica_menor,0.4411,1.4,da1630ace2e5b7e69a1bbe87059a4286
1996,1,2017-11-24,averia,0.1952,14.9,170bcd63e3232e54611bd455d3fb5ab0
1997,25,2018-05-29,condicion_climatica,0.935,5.6,c6c43db46b6e0f1df21c57ba798a5d37
1998,38,2017-12-27,retraso_trafico,1.0,1.9,a380f666b6f5f63175077284df9e7237
1999,55,2018-06-12,retraso_trafico,0.7676,3.4,580e21d2e46243eca1eb813c5fe6ac7a
2000,12,2017-04-30,falla_mecanica_menor,0.7188,3.9,2b1e4967ed6ca5b1edd58b616b4da7e8
2001,38,2017-06-15,retraso_trafico,0.6785,4.1,b2836e010be6f9326cdac9a925076347
2002,4,2018-05-17,falla_mecanica_menor,0.8621,2.5,31ef673f8e35f0cde11a5945a4f7a39d
2003,24,2018-03-23,accidente,0.8868,15.0,91dacce5950705b07fe767cc9fa118ed
2004,13,2018-04-08,condicion_climatica,0.7385,7.6,b8fa6b82124d10ce03fca71fba70a4db
2005,9,2017-12-12,condicion_climatica,1.0,7.3,5278f92718cd6d3de89da59a99515b34
2006,29,2017-12-16,averia,0.7023,14.7,c8209c0d2a92297dcfe3d8d71dfb551c
2007,4,2018-03-01,averia,0.7249,15.1,e96c4302510359c340adad478ba16cb0
2008,2,2018-07-25,condicion_climatica,0.7189,6.5,d2b03101f40ceec33aab383966db0328
2009,42,2018-01-30,condicion_climatica,0.5944,7.8,d758100ceb4279fced396414f81a069e
2010,39,2017-02-27,retraso_trafico,0.7684,1.0,d1c90196444f5facb3a682e1a531abd7
2011,3,2017-12-19,retraso_trafico,0.6502,1.5,7d2ec074fc0f5fcf4509dab3f5fcd933
2012,38,2018-04-25,averia,0.8358,14.2,176cf0b19224a77a9fe04e323627fa7e
2013,3,2018-01-12,falla_mecanica_menor,0.9131,1.3,0c63eb238a8ea5d783171577db5d7f70
2014,1,2017-08-12,accidente,0.9434,23.8,6eb3911724b9c8dff28062f417a5db4c
2015,15,2018-03-31,accidente,0.8268,28.0,abd294844f541f770f1dba28105e2057
2016,29,2018-04-02,falla_mecanica_menor,1.0,2.5,36272970346cb4aadae6ef0defd79773
2017,4,2018-05-12,condicion_climatica,0.8151,11.5,e11780f33e850a77d1b3c2fa13ed5d4b
2018,22,2018-01-06,retraso_trafico,0.6178,2.9,63b70949bbcc27f05bdf0c0da367cab7
2019,37,2018-06-06,averia,0.6347,21.8,85eaa27aacbad988234b742f85ca7cd3
2020,33,2017-12-12,retraso_trafico,0.5957,4.8,864a3b34b4e9cf8921cb17c78cf790ee
2021,45,2017-11-18,retraso_trafico,0.7193,4.0,a90ba85d1c3ec461d94c0a26cbe4d051
2022,25,2017-11-08,retraso_trafico,0.3774,2.0,0e36f41f9315618b83a395ecfc7b47fa
2023,6,2017-11-24,retraso_trafico,0.3546,2.9,d6e799956c4b0814dc3e01f0a72108f2
2024,33,2018-07-31,accidente,1.0,46.9,20e4793779b086b53af56a8ea4b94f71
2025,14,2018-07-27,retraso_trafico,0.7251,5.3,9e1b037882254a396408181e76546b01
2026,28,2017-02-09,retraso_trafico,1.0,4.4,72af4684a55d706d5e011f13870c0648
2027,33,2018-07-11,retraso_trafico,0.8681,1.9,45ac77bb9af15639d413d76e5d57e3ba
2028,23,2018-04-10,retraso_trafico,0.8418,5.2,3f50858a49c788f7633204f2fd7bf63f
2029,25,2018-01-28,retraso_trafico,0.8193,3.2,0e15374841586ceb3db68902f68809bd
2030,31,2017-10-14,condicion_climatica,0.806,3.7,7888c674da87585ee031e3b68a377499
2031,43,2017-08-21,averia,0.8255,21.4,5a19541418a06483600ae1e9a751d61a
2032,25,2018-03-04,retraso_trafico,0.4822,6.0,d710cc27e881afaa41ec9e8aaa954a89
2033,22,2017-12-04,condicion_climatica,0.9308,12.0,3a72e0086b573f6aae986707a645e8e6
2034,29,2018-03-28,retraso_trafico,0.8079,2.0,a73c3ddde7053504491569e480840e6d
2035,41,2018-06-08,retraso_trafico,0.8817,5.4,0eeaf3619d35e90b2430da57d351dd01
2036,43,2018-07-25,retraso_trafico,1.0,3.1,46b54803053a4980508c20a1927bd9ab
2037,27,2018-06-15,falla_mecanica_menor,0.56,3.3,aa99487411b30032936831e56c42da2f
2038,51,2017-12-03,averia,0.7739,17.9,fb612793f43e55d0df079f56c7ffb811
2039,41,2018-03-16,falla_mecanica_menor,0.6587,3.8,db75986a05f58fd2d1c6c867cd37ca09
2040,37,2017-05-24,averia,0.876,7.7,a6c872862f17570fa0c8d8d39bdd2473
2041,8,2018-01-20,retraso_trafico,0.7026,5.4,229c6f4c4900cdfacac89de57227e7cf
2042,40,2017-04-04,retraso_trafico,0.6116,3.5,f77fe87685972d2d1a7ff6600f590d59
2043,55,2018-07-09,condicion_climatica,0.9889,2.5,7a0f0934c14eafa4b5afc9a590b9386f
2044,53,2018-04-19,retraso_trafico,0.3479,2.9,2c8368619bc15c47d6fd7de27cdef0c6
2045,16,2017-12-17,retraso_trafico,0.0459,4.4,2735532a26f2d78fdc1dbe9467e0d8b1
2046,2,2017-10-15,averia,0.5151,23.3,bb49c47a5800aa19d5212ffb33038a55
2047,17,2018-03-03,averia,0.6531,10.0,a9fb450008d4a94311a7288937b880e6
2048,47,2018-02-15,retraso_trafico,1.0,4.3,a3ba7fa5266d62188949da3d6ccc3884
2049,16,2018-01-29,falla_mecanica_menor,0.5668,3.1,9783e4b24e95c1e243512f67f6e2a97e
2050,10,2017-07-03,condicion_climatica,0.472,2.3,faa0bc258daa11bbbcc1797a59d3996f
2051,49,2018-01-27,retraso_trafico,0.7896,4.1,ec332d1339fbc535b68e413e12bd2cb6
2052,22,2017-12-01,averia,1.0,10.0,6b63a86619f7d34ada48e141f2b568f1
2053,1,2017-09-28,retraso_trafico,0.8434,3.5,8866f85227409d87f03ab02cd7f5a001
2054,1,2018-03-20,condicion_climatica,0.9094,8.2,ab9de67666ec95b75b273e2905fc7844
2055,51,2018-08-19,averia,0.5476,8.7,1ce796ffd3b96e287899e429b44c0e3a
2056,24,2018-04-02,retraso_trafico,1.0,2.5,7ed7752bf9dd6de1da9e4dced0e6e120
2057,16,2018-05-05,retraso_trafico,0.6723,3.1,ba2018431e2b0cec56147edc7a0627a5
2058,51,2017-08-17,retraso_trafico,0.9576,5.7,7747943a54b29512ff1101e3881e5df9
2059,16,2017-10-03,retraso_trafico,0.4622,1.6,52c61c311129f8dc9cc4f8f1c84b0b2d
2060,57,2017-07-19,retraso_trafico,0.9823,5.5,a9c1797126d283581f739c4c96640963
2061,20,2017-10-25,averia,0.8038,15.4,d04405124d1f94b23ab269ee4ca24058
2062,42,2018-05-20,averia,0.8907,8.7,2cd7c5efeb90335265680de1f5a82a44
2063,6,2017-04-23,condicion_climatica,0.9039,8.1,86aac59946aefa2672ebf7d495980b27
2064,30,2017-12-18,averia,0.6601,10.2,8c3d2c3e7e08f8c80f9df48b70ef5d90
2065,6,2017-11-28,averia,0.735,19.9,84ce5af195e57deb9b5c4aabb5d0dc29
2066,1,2018-03-08,averia,0.5386,14.6,3bcc1c9f93f90f188ff37ccb4e22bad2
2067,30,2018-02-16,accidente,0.6325,24.7,283e2ad0406e48e2857db0efc44b7945
2068,37,2017-07-21,retraso_trafico,0.9443,3.9,c1c74d57ba4aa420f6f3399f322cf82f
2069,8,2018-06-06,condicion_climatica,1.0,7.1,fcb8aa0e937269c1e87318bfc217d018
2070,57,2017-12-17,condicion_climatica,0.938,3.8,1aeb7327979c2a19b8f80b9df367d99f
2071,53,2017-09-10,retraso_trafico,0.1609,1.2,0de53a4efa2bd4fabcf88a53d812bfd6
2072,48,2018-03-02,condicion_climatica,0.9206,2.9,4d4f0a2b7d8c2a94623536fd009a499b
2073,53,2017-12-06,condicion_climatica,0.8513,2.2,2cec29f99109ce2923276bf06e615401
2074,34,2018-03-05,retraso_trafico,0.9084,3.2,c93b7187ba63d7094c9ca0ad7c094f0c
2075,41,2017-11-18,averia,0.6309,22.5,fb34891f680ec3b5b3b0dd8d9f863d2a
2076,1,2018-08-14,condicion_climatica,0.9489,10.3,7b224eec76af59d82b7cc8a830c70f93
2077,29,2018-06-25,retraso_trafico,0.1698,4.9,41e12d2c0b4b336d20ccb6d37cffdb17
2078,37,2017-05-29,condicion_climatica,0.9359,11.5,a33491b78e10dbccf1e59fa7d5daf81a
2079,29,2017-10-21,averia,0.9172,19.9,7e47240215d1672082248c49887b245a
2080,27,2017-06-19,averia,1.0,10.7,074d6aba62abd52ad27529d3fb746260
2081,4,2017-11-18,falla_mecanica_menor,0.8492,2.2,c0abe2d7400d2241004b893449bd4430
2082,39,2018-08-09,retraso_trafico,0.8433,2.2,9e0d565b6426f0ec14ee6e1be3047f8d
2083,38,2018-02-16,condicion_climatica,0.4227,11.8,897f61323b0f93ac1775c22e91889758
2084,37,2017-03-03,averia,0.4801,20.7,8a3faec8dc9fc14969c3ec8dc757abdd
2085,16,2017-11-26,falla_mecanica_menor,0.7057,1.1,8365af41fac1717b66572b10b9c060c3
2086,50,2018-01-29,averia,0.8903,13.2,b6c6a80aea4ba38af9a9880462a07977
2087,42,2017-05-30,retraso_trafico,1.0,3.9,aa50fc2b2c3610cef0e3ddcb6e4dd8d3
2088,6,2017-03-27,retraso_trafico,1.0,4.6,109f014817afa47ae23b8b77939cad98
2089,42,2017-06-05,falla_mecanica_menor,0.6715,1.1,7db5f2eb8f5f54db9f9e71ba4296bcbf
2090,32,2018-03-22,retraso_trafico,1.0,5.4,d887cb83cb643b2b98e4f1711d99d4cc
2091,57,2018-06-04,retraso_trafico,1.0,1.2,fa2327f446a561a540a3fe3069f99046
2092,21,2017-07-23,retraso_trafico,1.0,3.4,5ab5ab13fd02495f204ffe2724aecf49
2093,23,2018-08-13,condicion_climatica,0.7231,11.2,22f3a2b22f414d974640db425514794d
2094,35,2018-06-23,condicion_climatica,1.0,4.2,97924f1c7fa9c3a669ecea8534dfc457
2095,18,2017-02-17,condicion_climatica,1.0,6.8,23b051786ba773bb672b5c49456b8511
2096,44,2017-06-27,retraso_trafico,0.5096,3.8,2256d7dbbecb2b03c2cb4423793570a1
2097,8,2017-12-02,falla_mecanica_menor,1.0,2.8,c91b29576f970b27d90f5b214c88283f
2098,57,2017-04-30,retraso_trafico,0.7186,4.9,5a0338c421599254813c9ab9d9c3dc2f
2099,35,2017-08-13,condicion_climatica,0.7763,9.2,b0f3b60e4ef21a14515d0e51782a7580
2100,19,2018-05-10,retraso_trafico,0.8474,4.1,976c9f4a0b6d3158f01dcd00b625756c
2101,13,2018-01-26,condicion_climatica,0.6463,3.3,03c1fddd11851ddf712a2c28bd3df54a
2102,30,2017-12-26,retraso_trafico,0.7255,5.5,969d261a3f4c639b3acdc0ba090fc039
2103,38,2018-04-26,condicion_climatica,0.9387,10.5,c45a32b1e06c16ad13a62a855174f0bc
2104,47,2018-06-15,retraso_trafico,0.6794,2.5,94fade3ce4aef6f9a24bb31e0ff03edf
2105,10,2018-02-14,condicion_climatica,0.8262,9.6,98200dd99e0bfe78c2d1378ad05fe51c
2106,33,2017-09-27,retraso_trafico,1.0,2.1,66dff1d3b5b10688eb5f5404045bf561
2107,12,2018-06-03,retraso_trafico,0.8342,1.2,312c7fd8a2420002c53fee13e15c8111
2108,59,2018-01-02,retraso_trafico,0.7789,1.5,f98cb4c3cde10f19642a16e7dda03f08
2109,44,2018-01-11,retraso_trafico,0.8008,1.0,f5ee50375a852fcea177ed5406a3f4c4
2110,26,2018-07-31,condicion_climatica,0.8247,6.8,7a944e7886782c8767505df5fcdc0604
2111,38,2017-05-10,averia,0.6215,14.0,1217de8bb29e23b3b4ca52c564fb143a
2112,30,2018-03-23,retraso_trafico,0.5127,5.2,bd6a1bf9e611f39801013f5c1f0f14cc
2113,33,2017-11-19,retraso_trafico,0.7026,1.3,970035ae7179b5efe6ad5c087f1da768
2114,58,2018-02-06,averia,0.5376,19.0,c5b4603b059b6c316075753ec32b269b
2115,7,2017-08-04,falla_mecanica_menor,0.4906,3.6,a6a07a5ae4af92b749d3265d6f459dd3
2116,51,2018-01-02,averia,0.5632,22.9,f72467d6531722969a365e9bad203276
2117,35,2017-06-30,averia,0.7053,9.5,0771dcbed01969791b77f20d05573b89
2118,34,2017-01-22,averia,0.8889,18.3,ed5c53daefe487fab95ccd2afaf61bb0
2119,53,2018-05-17,falla_mecanica_menor,0.1429,1.5,bbb4d4b4c440b97b67239affd65878f5
2120,48,2018-07-10,accidente,0.698,12.5,5d9013fe5dce377c791a2c2fdb499f4b
2121,35,2018-03-29,retraso_trafico,0.8535,2.1,9d53eb1894b55d3730b9291fb6a8886f
2122,29,2018-03-19,averia,0.255,14.8,32d522d28c7a6cf525cc85599d763c65
2123,17,2018-06-13,condicion_climatica,0.5027,5.6,6bc4dfe9abc405f51a0ea37ef8804b2f
2124,42,2017-03-22,falla_mecanica_menor,1.0,2.0,f776c57636792f1caf6b4611aa890464
2125,31,2018-06-12,retraso_trafico,0.5725,2.3,3c29c49c27446d81598a17be68d8f19a
2126,58,2017-08-11,falla_mecanica_menor,0.9211,3.3,dde27525b15a17fe5d8b8503e60143c5
2127,37,2017-05-12,retraso_trafico,1.0,5.7,09b748b3799286e3df820f2d5528abbc
2128,32,2018-06-10,retraso_trafico,0.5515,4.8,275d77a4c30d29824ec29e90244c95f4
2129,43,2017-09-14,retraso_trafico,0.4282,4.3,cbb837e370beea845d4aabda89dede0b
2130,32,2018-08-11,condicion_climatica,1.0,5.3,bbccdda00b2115d37f4f288e19d207b5
2131,22,2018-08-05,condicion_climatica,0.4221,6.0,ecca6d9e70db69a20c2cca23b23fc8aa
2132,10,2018-03-09,retraso_trafico,0.997,1.4,baae15c2efd2579179845011212e9889
2133,22,2018-04-07,retraso_trafico,0.8237,4.6,012dc9e42da722d22e32c618a2521bec
2134,34,2018-06-28,retraso_trafico,1.0,1.6,0866d83668146dad766bf1a583207b19
2135,10,2017-08-03,retraso_trafico,0.5469,3.0,350fcc9d4ae2e108916f12c7ca8ca8e3
2136,25,2017-02-24,retraso_trafico,1.0,5.6,d1922da6bb996e9c76dad9202618a7ca
2137,3,2017-03-31,condicion_climatica,0.7212,4.8,b88bf712c7aa1192376b4dc5bfadb916
2138,27,2018-06-05,retraso_trafico,0.9701,5.1,805559bf950cf417d71f74d0d92b4302
2139,24,2017-02-28,falla_mecanica_menor,0.0978,1.0,749b689efad761f8c94941fa3adfb702
2140,27,2017-09-11,retraso_trafico,1.0,4.9,f3f075558b483bc41012c816ef977100
2141,22,2017-09-19,retraso_trafico,1.0,5.0,58fbd882a7ce0cf6eca11251a96931d1
2142,25,2017-07-06,retraso_trafico,0.5961,2.8,7955a52aeb9d87cd04d970f6cc22c98e
2143,25,2018-05-16,retraso_trafico,0.7054,1.8,4fcf0343be51fc2442adc4af890c8183
2144,23,2018-02-12,averia,1.0,13.0,75b10195b29fe2a89b781edc42f52485
2145,35,2018-08-15,condicion_climatica,0.8771,8.9,22543080a0066963931832c0df11b2be
2146,14,2018-05-28,averia,0.3441,9.2,8ecf04501b91702b0c93522081cea66a
2147,16,2018-03-07,condicion_climatica,0.5658,5.3,1242aa8414485384e381bb984d896ebf
2148,50,2017-08-21,retraso_trafico,1.0,2.6,63c0020ee1a88750c12f6632247b323b
2149,2,2018-04-15,condicion_climatica,0.6338,8.9,ae85b9887d49eb8e4e35cea1435a52d8
2150,49,2018-05-03,retraso_trafico,0.3211,4.0,c2ef874559083f9b66c092fe59f382b2
2151,30,2018-01-20,condicion_climatica,0.7958,7.9,8c1b3c003ccc7719485c46e10b176d4b
2152,43,2018-02-02,condicion_climatica,0.8139,3.9,a979f259e3f69ceb4f856111481db7e7
2153,30,2018-04-16,accidente,0.7918,38.8,470ceef9068e1385a280703397af31e8
2154,35,2018-08-13,retraso_trafico,0.6602,2.5,5f8e8bff26bd07b73a3ecf086de33d4a
2155,13,2018-01-18,falla_mecanica_menor,0.5269,2.3,e19716dcaffd3aff2c817ff10b8ed1fb
2156,31,2017-07-14,condicion_climatica,0.536,4.5,711246846695fa895c1776f0ddc30b20
2157,34,2018-03-31,condicion_climatica,0.5795,9.4,e3ec20444467431fabc412069b7b02de
2158,50,2017-07-26,averia,0.6575,9.4,a64331bb3f2dc9398fc61964bbf99296
2159,24,2018-05-31,averia,0.7577,6.0,5eb8cab859a459c603cf3e90204e6ec7
2160,32,2017-09-29,falla_mecanica_menor,0.8956,1.2,9a0a6c39b6be7e1b0f796b6005d52ac4
2161,46,2017-08-22,averia,0.9325,23.2,246c48e2f25163a7427ed75e3217205e
2162,42,2017-06-03,condicion_climatica,0.773,3.6,8fdfac1873ed12a59bade4688f35bb4a
2163,7,2018-01-12,retraso_trafico,0.7605,4.6,52a17b4eb2b183eebabe108b91962001
2164,35,2018-07-09,averia,0.9543,8.9,01237c761ffb72594a466ed514518af0
2165,28,2018-05-31,condicion_climatica,0.4417,4.3,393e94e2f17c63ed71d08a663a06e9fd
2166,50,2017-12-12,averia,0.8844,11.4,4b575947c9b0c5a9b7921efc13ef0bc9
2167,13,2018-05-27,retraso_trafico,0.2976,5.9,ed241a40fbcff0bd9429886e4b20f142
2168,58,2018-02-28,retraso_trafico,0.7086,2.0,d736ac2dcec087fda2b4ed1eb5a5032b
2169,19,2017-09-14,retraso_trafico,0.9007,5.5,5ab209cc906b44b6ba9238171f46f263
2170,27,2018-01-28,condicion_climatica,0.3956,5.9,1f6d786bb7720089e7d0356e1f77fdd0
2171,35,2017-12-08,falla_mecanica_menor,0.6769,1.4,8fb220d5401020315f24eaba44d2e77b
2172,4,2017-12-17,condicion_climatica,0.9858,3.5,45c797b966bf19a7e315f1b7767517e8
2173,31,2018-08-06,condicion_climatica,0.498,10.7,1a7b59b9cddabc898f2cc56389b5fbc1
2174,38,2017-08-25,retraso_trafico,0.7263,4.8,6139511ae07bf8fb7011174557ce663d
2175,8,2017-06-14,falla_mecanica_menor,0.8141,1.6,38c0490a36e405db00241fdefccc38f0
2176,30,2017-08-03,condicion_climatica,0.5368,5.5,6fa204b6cf6dcfe6c9adca7dc53aa32a
2177,21,2017-11-20,retraso_trafico,0.7573,4.0,7da8b207db3f7231fb1d741fad7dce3a
2178,38,2017-04-18,retraso_trafico,1.0,1.4,dbb96df7d9b75d3dfde8d10da0d65cde
2179,11,2018-04-10,condicion_climatica,0.7036,7.7,816981834423576036dbac9e4ccf94ad
2180,36,2017-06-11,retraso_trafico,0.7414,5.6,8eb8340fe562c039a135209676b65768
2181,52,2018-07-02,averia,1.0,10.0,e830930ccc3850213c092565ba5b99ff
2182,8,2017-06-15,retraso_trafico,0.8779,1.5,73908b2671b42a496f38bce121a3d493
2183,49,2018-08-17,averia,1.0,21.1,af24a3faab712b73932f3a71d003212b
2184,21,2018-05-09,averia,0.7582,12.2,9f7a5181d7e444fb3cc09b5cf99d417c
2185,51,2018-08-14,retraso_trafico,0.7923,5.7,386a88e490a4759d81f9ecf8942a1150
2186,31,2018-08-27,averia,0.8197,19.2,bbec0e8ff27f20abbd5b2fc0ab8a82c6
2187,39,2018-01-25,falla_mecanica_menor,0.8525,3.2,0762fe35b71987563f8771eb6d14938f
2188,41,2017-09-10,retraso_trafico,0.926,2.5,bdabc74894435691ce6c9987a61b3d55
2189,21,2018-02-15,condicion_climatica,0.5619,3.2,43776dfb549a4d0a2d069bfabfc4b134
2190,33,2018-06-04,accidente,1.0,43.4,a18cc28d5b932f1f4a35cf7c4e63e571
2191,13,2017-08-30,retraso_trafico,1.0,3.6,479730a1200cfbbf8c4fa301820e5d1c
2192,27,2017-12-10,averia,0.4143,18.6,651b7b5c39ef65afb938cb9dc649b850
2193,23,2017-09-30,condicion_climatica,0.9939,5.3,f3d17c77cd1914628822564052e6ca02
2194,51,2017-10-10,retraso_trafico,0.9347,3.1,e7ef15bdfa637f3623e554794aca295b
2195,2,2017-05-04,averia,1.0,22.9,316cbf18dca6cfe813ed375d15be4ffe
2196,15,2018-02-21,accidente,0.9501,9.3,abe5ab54fe457eecba0ede09db8fa0ef
2197,24,2018-02-20,condicion_climatica,0.6108,8.8,c2926e31138df3c04db3e35ee72471ff
2198,30,2018-03-14,condicion_climatica,0.8254,2.7,17784b9fbb37fb0bdc230d8ed6f6b355
2199,12,2018-03-02,condicion_climatica,0.8945,10.9,870939e9577d3981c107477c5a27b7f8
2200,25,2018-05-11,condicion_climatica,1.0,11.0,d736797e446b9c7bc072d55b49748180
2201,48,2018-08-05,averia,0.4636,19.0,6a9ea3a6a0a791f6c34b8145d6cbd42a
2202,51,2018-07-25,condicion_climatica,0.9555,10.0,a0257c63797f7dfa662f7c6fa6af1cc3
2203,30,2017-05-11,averia,0.6034,22.9,e50d7ddc8da687eef58e56ea9444d302
2204,4,2018-07-02,averia,0.8542,6.8,f3edc53c0e5bd4a11ddd437dabb01c6b
2205,16,2018-04-19,averia,0.805,12.6,8c7d20a74234353d921ace530816e2e5
2206,57,2017-09-29,accidente,1.0,46.2,3a55ce70e083a313526038fabb9b626f
2207,40,2018-04-10,retraso_trafico,0.6514,1.1,a3a7174a10bf6d3da7d4142311829ded
2208,8,2017-06-09,condicion_climatica,0.723,11.4,d38dcb503cd4ddc6ce7702552918bd8f
2209,49,2018-03-31,averia,1.0,23.0,1b3cd8f4c4ebba4139eb750ccf233e63
2210,12,2017-11-21,falla_mecanica_menor,1.0,3.7,e751df080556bc6d287bfb067be23393
2211,42,2018-03-20,retraso_trafico,0.7967,3.6,d61c57ca1a55ced6197d4f0c6da594e8
2212,15,2018-03-21,retraso_trafico,0.2977,1.6,a4d782cea9ad01e830a3603bc4e7a716
2213,37,2017-10-23,retraso_trafico,1.0,4.9,c4f745840ebc0928216398dfa6093676
2214,40,2018-05-31,retraso_trafico,1.0,2.5,455003334f4430e9e9e902199bcecbcb
2215,46,2017-11-01,condicion_climatica,1.0,10.8,431eb716029df1431f4ff0fbe57d2f06
2216,31,2018-05-06,averia,0.6656,6.7,cd2827ebf0110d1e9a7495cb028c14af
2217,22,2017-09-24,accidente,0.7557,25.0,b9281185de46b37d1c9f6dcef2f96cf0
2218,33,2017-12-18,averia,1.0,11.3,e5040a92f4219085e9a7a4b6416512de
2219,57,2017-05-29,averia,0.8645,12.7,7dfbacd668c23f1d45720c457f2aaa70
2220,60,2017-10-18,condicion_climatica,0.8227,2.8,64a49ec4515de1ebb60ba7e7b26a3893
2221,59,2018-04-05,averia,1.0,14.0,4551cef6547305066c9e8a9bd4c5641d
2222,20,2018-04-21,retraso_trafico,0.536,3.4,437ad5a02525073e622a0752d52e8e19
2223,52,2017-12-05,condicion_climatica,0.7467,8.0,59777653a9cfaef8d8aa7162181c7ba1
2224,42,2018-03-21,retraso_trafico,1.0,5.7,62e79484ff84d9d38b7b0f166834ee71
2225,53,2017-11-27,retraso_trafico,1.0,5.9,e75f1da586f734da31fb56a851068857
2226,43,2018-08-25,condicion_climatica,0.9256,3.8,8a4f504a9826004fb1b0957a12aad33a
2227,1,2018-05-26,retraso_trafico,0.2962,2.5,4de2e524ad6dfd8abeefa2b8aa37d4f4
2228,47,2018-04-08,retraso_trafico,0.8618,5.0,90e1fe92be310b125e91833c44a23970
2229,4,2017-10-12,averia,1.0,17.0,a0dddffb69e48d83c22789bd03521a53
2230,56,2018-01-26,averia,0.3399,18.3,e93eb47bed2556150d399b6cc03c4e60
2231,34,2018-04-17,averia,0.7982,13.6,bf983191809f11fbddab3c4f88a804e0
2232,35,2018-04-11,condicion_climatica,0.4762,6.8,2552ad5f4b7eb7bc0650f3e1a4a1d678
2233,38,2017-10-22,accidente,0.666,32.9,17c6fca3637ae29093221f080840ff9e
2234,2,2017-10-15,retraso_trafico,1.0,2.4,04ab36803e2945bace40db80eaa54bc4
2235,60,2018-02-28,averia,0.7334,12.8,40237bfdaa849b45bb6dc75be63c3abf
2236,3,2017-04-18,falla_mecanica_menor,0.3863,2.1,b7be5a34ce10bf066ff8013867a3f004
2237,18,2017-02-06,retraso_trafico,1.0,2.5,591634e3db632b8d5a60099a1b81cf7a
2238,42,2017-12-23,averia,0.8875,11.8,d8d126f05b944cb1a5d78542e4a34f9a
2239,22,2018-04-26,retraso_trafico,0.4294,5.9,64b644100b812930de2286f0b999ece7
2240,42,2017-10-29,condicion_climatica,0.8823,7.1,4609e3dffa747068028fe0a5962b41f2
2241,33,2018-04-05,retraso_trafico,0.4516,4.1,85bdbc455bb7860735bbc573bdc5eb95
2242,43,2017-11-23,averia,0.7254,20.3,0c6829c9d92a6bb545d7bf1734d094c6
2243,7,2017-12-01,retraso_trafico,1.0,1.9,e8c9b0d66cadc26a3f329d777f0eff7f
2244,57,2017-05-25,retraso_trafico,0.7614,3.4,7902f1e4e448f0d59d80e60bc25ec61c
2245,20,2018-03-19,retraso_trafico,0.7733,1.2,5543f968d44e1a22c64d1caf5eef5186
2246,8,2018-03-14,averia,1.0,16.9,1eeaec28c1a699b3b423fba26109e197
2247,29,2017-09-23,condicion_climatica,0.6422,8.5,901465dae974188b53519b6a0e180622
2248,48,2018-07-29,retraso_trafico,0.8619,1.1,3a328e1340a59982235a158a25133cba
2249,35,2017-08-19,retraso_trafico,0.9603,3.7,57fac99131db488c097fd2b5a75255dd
2250,19,2017-08-08,retraso_trafico,1.0,2.1,7a648e7b0dcf4e65e1348e16a245eca7
2251,8,2017-12-18,retraso_trafico,1.0,3.2,e00ed9d20c3479f9f0e9727ca9d60946
2252,22,2018-05-11,retraso_trafico,0.7244,5.1,a2c0b600ee987c3536f835e83313d63b
2253,60,2017-11-24,retraso_trafico,1.0,3.0,7f2f81a366f89b37109845799fc5bbf3
2254,2,2018-06-14,falla_mecanica_menor,0.564,2.4,345cca4de7d0b4ae2a6aa85083aba293
2255,53,2018-03-14,averia,0.6239,13.9,be624b5788e2a4d4dfb9414c378c20c6
2256,33,2018-06-05,condicion_climatica,1.0,2.8,4da1c4073a1bdbb3968cd681337f254d
2257,32,2018-03-14,averia,0.8879,8.5,8d009dd4bfa1f56a289579b630fa3b83
2258,60,2018-07-29,accidente,0.9462,17.2,4d67b87a6fa0612c18688c1f371f4104
2259,50,2017-11-09,condicion_climatica,1.0,5.1,0c047dd1c8c2fcc61365b5787d59fd6c
2260,8,2017-05-17,retraso_trafico,0.6901,4.8,fa8c5007932982d517e2d488553a624e
2261,27,2017-06-12,retraso_trafico,1.0,4.5,230a015f541602e3e910d230e610f110
2262,27,2018-02-26,averia,1.0,16.8,d93d9db59fc92ea85f60e36901b0d20b
2263,18,2017-12-09,retraso_trafico,0.434,4.9,42df280f365da3e4c16b7b59cedf7077
2264,12,2017-05-28,retraso_trafico,0.3327,3.7,7955ebc3660bd2a004a4eaa016b3a190
2265,7,2017-05-16,falla_mecanica_menor,0.2215,2.2,73612117a85e3e65d7ac69f7e5df1540
2266,22,2017-05-08,condicion_climatica,0.4344,4.9,207fb26690b0cac4a3d8b36808b54833
2267,27,2017-11-05,retraso_trafico,0.594,5.1,341fde35809d4cdae709b875a0040b23
2268,47,2017-10-19,condicion_climatica,0.2412,9.3,a35238675f91b99761c23af5c842d5ef
2269,7,2017-02-03,averia,1.0,15.5,7d5a1a738b20a4220f8673e0ee63bafc
2270,49,2018-07-21,retraso_trafico,0.5593,5.9,ea2568234ef491f3b42d83e8bc5f06e7
2271,29,2018-03-03,condicion_climatica,0.6308,5.2,871ea4c791e2d977d094700806eef385
2272,53,2018-02-13,falla_mecanica_menor,0.52,2.0,546d146d8027f96ed859e57ada4c2ff6
2273,27,2018-08-27,averia,0.6164,23.5,3298e7053c95993e6eb284ef3d254b49
2274,36,2018-04-16,retraso_trafico,0.8799,5.7,4a0def7a91395d10ccf5aef87e5ecc61
2275,1,2017-10-30,condicion_climatica,0.5238,4.8,757a2790de00320b5025c522b180baf2
2276,41,2018-03-27,accidente,0.8246,32.2,d253842de8c5d6f95feebe80f6f6995e
2277,22,2018-01-15,condicion_climatica,0.3849,3.7,7ee2c8e81e009d6c2d3ce6d381ebc248
2278,46,2017-05-14,retraso_trafico,0.6579,4.4,2a93ea3d6dc877b7e20d51aa102aae6a
2279,31,2018-02-16,condicion_climatica,1.0,3.2,9386d40609a844441d3fc71a2d763aeb
2280,46,2017-07-16,retraso_trafico,0.2774,2.7,988e590d97e4ab6873f71ae33427afed
2281,38,2018-01-06,averia,0.5848,16.8,ae430928e30cb683e5b0bd55a74bcc69
2282,50,2017-11-24,retraso_trafico,0.9262,1.8,fb62aa29e367375132b9adaad39478c0
2283,37,2018-05-11,retraso_trafico,0.7278,2.2,995694d9386dba87a71f0229d6b13661
2284,4,2017-04-10,falla_mecanica_menor,0.2179,2.9,c1424efcde3c9e9febd9e1761667789e
2285,36,2017-11-04,condicion_climatica,0.5939,8.8,bc6c1d04178771a3ac9547f4770ab5f0
2286,54,2017-05-22,condicion_climatica,0.6924,6.6,4a6f711cc41643b625414ca5f0d0d111
2287,14,2018-04-26,averia,1.0,10.2,1a0c4417bf4f48e594a23d90d8d7581c
2288,60,2018-07-06,averia,0.9797,6.1,614e6a3e3a3c1ef48fa89ab1e15da0fb
2289,29,2018-04-28,averia,0.8966,4.7,c88c214c277ccf07d8f8992b66796546
2290,2,2018-07-31,retraso_trafico,0.8583,2.5,6e0f05728107157ca451dd9047a4eebf
2291,19,2018-08-14,retraso_trafico,0.8519,4.5,f7a1c7b797e20c75f2e3dcec7ff17d22
2292,28,2017-08-22,averia,0.4613,8.0,13035ade0af633971e01aacc109cfca0
2293,13,2018-06-09,retraso_trafico,0.6255,3.4,4d8333ce7e8cf1184099aeab819da7e5
2294,29,2017-08-02,condicion_climatica,0.67,10.2,2914261304b677c941947ce10f6424ec
2295,40,2018-01-19,retraso_trafico,1.0,4.2,5e13d329c7f14276973d82e2cd49b490
2296,43,2018-01-16,falla_mecanica_menor,0.6038,1.6,5e0f498aef45e2d62d0c983110ef0892
2297,48,2018-07-27,retraso_trafico,0.1565,3.6,f16aa03fddf358ebc2203c03a5ba1d48
2298,17,2018-07-22,averia,1.0,11.9,61c7ca53c85ddf347b33ff60118893c4
2299,8,2018-08-07,falla_mecanica_menor,0.8351,3.5,d43df0b37313a8c9a453c321ce6084e5
2300,25,2017-09-12,averia,1.0,16.0,4ba950df08c74788b24c665c7e40d4ae
2301,40,2018-05-22,averia,0.8003,10.9,04e452498b75f049f617f5ed7ffc0633
2302,43,2017-10-12,averia,1.0,19.5,e32d08364176af6d650ccae2520230c0
2303,27,2018-04-07,averia,1.0,12.3,2c147afbdc4abf206bb061dbadef515a
2304,21,2017-10-12,falla_mecanica_menor,0.8017,3.0,097abce97e431993434adabc1aaec4e4
2305,31,2018-06-12,falla_mecanica_menor,1.0,3.8,782e3d360043ba18b527832597a53543
2306,47,2017-10-19,retraso_trafico,0.9113,1.1,005d9a5423d47281ac463a968b3936fb
2307,16,2018-06-22,condicion_climatica,0.823,6.6,2542b194855edd1820173c2f2cf22e9c
2308,37,2018-03-26,retraso_trafico,0.8626,3.9,c103d6905dc7e83d02a0f86e5a0ba4bb
2309,33,2017-11-29,retraso_trafico,0.8808,1.3,e398683c47bda1cf86be8772a50b4579
2310,52,2016-10-09,retraso_trafico,1.0,5.2,3d7e8f32f5b59e005ccfc1076b4040b5
2311,15,2017-08-21,averia,0.965,9.9,c8e6cc0d58104bbddf6c5c8d07f58bf7
2312,41,2017-10-04,falla_mecanica_menor,0.6177,3.0,2e8d9e986f6497677962424952e47f48
2313,25,2017-12-23,retraso_trafico,0.3376,5.4,3840fe9112c9177e852ff72b8c6af01e
2314,38,2018-06-30,condicion_climatica,0.5107,2.4,e408dfd94b7e8c99fd27de19a3f388df
2315,40,2017-05-18,retraso_trafico,0.3117,2.6,2827c188ab72cdf3deba6e5058e9dcb1
2316,10,2017-12-08,averia,0.8389,5.5,c1316e479de7898b749066f40449a05f
2317,1,2017-07-12,retraso_trafico,0.9477,1.1,9103eec003eec6e15daddb31db5d756d
2318,48,2018-08-12,accidente,0.8211,41.5,7ce9dd1f5bc5528e790443458f027433
2319,2,2018-03-28,retraso_trafico,0.6288,5.9,793600b6f83c44827bd1d480fbde321f
2320,8,2018-02-12,falla_mecanica_menor,0.6173,1.2,cdef7b8439b81b5a726a7ca67fc88346
2321,2,2018-05-12,retraso_trafico,1.0,3.5,5a911c89527605e73569727488b5468d
2322,25,2017-04-07,falla_mecanica_menor,0.5359,1.8,dda0214706ebf9c46aa0a45821bb589c
2323,29,2018-05-21,retraso_trafico,0.8582,2.7,7aed06997400a84f154227f83f9a8f86
2324,36,2018-04-02,accidente,1.0,42.8,1a79fd4d46c70e9342008e9057e615da
2325,52,2017-11-27,retraso_trafico,0.7786,5.7,3dd56a86707d14e6cac73040b282b6f7
2326,2,2018-01-27,averia,0.7697,15.4,9dbb812320130d9746757988444ca993
2327,5,2016-10-15,condicion_climatica,0.9555,5.0,90bd4466c2905d7b5b56370149e62bcc
2328,60,2018-07-20,retraso_trafico,0.6799,1.5,bdf6784b56b3ef6aee2c4a042e095f62
2329,1,2017-07-20,retraso_trafico,0.8978,4.7,3522f6da18c89c3dfc0ddb540afac391
2330,2,2017-06-01,condicion_climatica,1.0,2.4,907ed6a0400bc09e3982627921b633ef
2331,16,2018-05-15,retraso_trafico,1.0,4.0,21a700353585ff0d776cdde844166983
2332,51,2017-07-28,condicion_climatica,0.7268,7.8,8591fef6d807e0044487787892dec80e
2333,27,2018-07-26,averia,1.0,18.9,60864257be0835f1fc4225706a92cc00
2334,10,2018-08-03,retraso_trafico,0.6583,4.8,cb8e4e4edadcee29ddbe43c4d2396db7
2335,30,2017-10-06,retraso_trafico,0.4468,1.3,0af28d87520565eb3b57c9b2abe1a2cc
2336,51,2017-03-11,condicion_climatica,0.6431,8.2,855e1b20c8aa2964bb871fd9cb5458f5
2337,39,2017-10-21,retraso_trafico,0.9801,5.6,8ec02de389ef4b7fdd3b0b084027c0a6
2338,58,2017-12-07,falla_mecanica_menor,1.0,2.2,4b084373ddadca63d02071a40596da80
2339,39,2018-01-31,falla_mecanica_menor,1.0,2.9,206b14014dd486bb4ca7b21e6927f5c8
2340,51,2017-01-22,condicion_climatica,0.7857,7.1,6d234dea658ce0c00f91e931cb11f93c
2341,37,2018-07-10,averia,0.7962,19.8,3a335d9250509602da8eebcf766e1ddb
2342,33,2018-08-23,averia,0.6088,4.4,c98c0d54162f552567aae1af36d539b4
2343,10,2017-08-28,averia,0.8372,11.2,1f7565efbb90c33b80f467d6a75332c5
2344,34,2018-04-03,condicion_climatica,0.3154,9.2,64b7288026efc4a12f4e3351f03f2ac4
2345,4,2018-05-17,retraso_trafico,0.4941,5.0,19f0439c31499e4b699d03dbbbf44587
2346,42,2018-08-24,condicion_climatica,0.9575,2.3,0191b6a5a70bcbc6cdd39427f216602e
2347,8,2017-12-01,averia,0.6174,4.9,fdc9d53919c301a0d27f2aad205c5aea
2348,42,2018-05-26,accidente,0.9285,27.3,2177c4dbccb15e413419402aa089b530
2349,42,2018-04-30,retraso_trafico,0.7174,5.0,b98b36de3a8f201eb3fb9d8d46a27737
2350,12,2018-05-02,falla_mecanica_menor,0.8824,1.0,d6a416d3c459a6ac5053a585757bf8a3
2351,22,2017-03-18,accidente,0.7416,30.3,ea3a35b74d6cd2751271c60d423563f1
2352,53,2017-10-20,retraso_trafico,0.7577,1.2,d0bb06ef78b37700d2447cc76a9a71aa
2353,52,2017-11-23,accidente,0.6994,20.1,29899d145a05801c8075dfdfccf5c475
2354,53,2018-03-04,condicion_climatica,0.5647,2.6,c760cdc6e5179c774d347aced5107555
2355,12,2017-11-18,condicion_climatica,1.0,5.4,99f0ceec90cf2c8545d450a651c76ad9
2356,4,2017-07-22,condicion_climatica,0.6512,10.3,2002ea16e75277eaa0b5d78632048540
2357,57,2018-08-28,retraso_trafico,1.0,4.9,feafc8e3422f6e1f4c00bd29dd9c2921
2358,52,2017-08-20,retraso_trafico,0.4922,1.5,a50d20f183503ea2b8aa1b506eee3d33
2359,7,2017-09-03,retraso_trafico,0.8298,1.1,7b54f413e57e620ba1cfca072be00075
2360,24,2018-03-08,falla_mecanica_menor,0.7972,1.0,1a8d9ee4ef14ca8feb96e914f51b9397
2361,58,2018-07-04,retraso_trafico,1.0,2.7,f3ac1ae368056ff22ec4aa00b35cf351
2362,17,2017-12-14,averia,0.897,12.5,62d3261f3aa7517f7d03885db3ea7a97
2363,60,2018-03-18,retraso_trafico,0.9728,3.0,8fa85bf6771df762a00a7960ab300f1b
2364,4,2018-02-20,retraso_trafico,1.0,5.8,9b402354813f3cab904867d9ca2dfc92
2365,34,2018-02-15,falla_mecanica_menor,0.4898,2.7,dd95d0db9c5b772bb855486678dc8a87
2366,21,2017-05-06,retraso_trafico,1.0,2.1,a21d86f981f1cbf2c5f96971c6a6800d
2367,22,2018-03-04,retraso_trafico,1.0,2.4,75394bdb62cb6061c075d73965d65bc7
2368,45,2018-03-30,falla_mecanica_menor,0.9142,1.4,209af55b87cf1212a97772f6525871b3
2369,28,2018-08-23,averia,0.5831,22.1,c3a071b5ca0f9c693c5276d4dcf7fdcf
2370,2,2018-06-01,condicion_climatica,0.7549,11.3,58933cbe8ca93dbada467cc7b2eebd7c
2371,24,2017-02-14,averia,0.5272,4.9,38bf8e12131a605a38265416150b4888
2372,22,2018-04-05,retraso_trafico,0.9122,1.7,31172329bcdd8e70610fe3bee1498a9c
2373,31,2018-05-16,retraso_trafico,1.0,4.5,d170469f4f06bfcbc0b1c5f726d55920
2374,52,2018-08-29,condicion_climatica,0.8376,11.4,0ac69790e2a6e4c075edbd78648a3594
2375,9,2017-12-05,averia,0.5385,14.2,5c748cfa838e65b06c230b1f917ec95e
2376,2,2017-10-17,averia,0.671,8.2,7e6c86f2c78f3ccb8f18fdace19f0fc9
2377,39,2017-08-05,averia,1.0,20.8,36c1e781ba921a540893e160e063c581
2378,7,2018-01-16,retraso_trafico,0.8194,5.3,e41decb502eacb9caa6a9b4cd9c75e3c
2379,52,2018-03-25,retraso_trafico,1.0,1.6,74a821d17475458a217623b9464147eb
2380,56,2017-08-10,accidente,0.8787,11.4,7694252f454aa20f5bc63f72363c3167
2381,14,2017-05-16,averia,0.9384,20.0,5ded9a59e8920225f45b1d0e11dc7d97
2382,1,2018-02-19,falla_mecanica_menor,1.0,3.1,c55364dc936b3bcc92b2243e35dd52d4
2383,51,2018-07-20,retraso_trafico,0.6888,5.8,5b4b69da34150b8394c7788bf2e9f99f
2384,51,2018-01-12,averia,0.0,17.6,b8a6dd90822f6005923cb6f8bf271716
2385,34,2018-08-16,retraso_trafico,1.0,5.6,c9c382f83e175303a797ca7de7240679
2386,13,2017-08-10,retraso_trafico,0.9611,2.8,6b4186f5efd99b748d530675413ef6cb
2387,7,2018-04-30,retraso_trafico,0.3834,4.3,62bb0ef3edb4e30a1481daa8f0e91f3f
2388,60,2017-03-05,condicion_climatica,0.7268,5.7,04d93c61c57f9d6d4886adce5a64a9b0
2389,58,2018-06-24,condicion_climatica,0.5264,11.2,e8ac6018ea6a72532812adc8ec5fd61b
2390,50,2018-04-17,retraso_trafico,1.0,4.1,e6e0c960ead3b8f3f7b5e9a25e037638
2391,38,2017-09-19,condicion_climatica,0.8924,3.6,496ed3d2f9bcb86cb243f5e9fe1627e5
2392,8,2018-04-22,condicion_climatica,0.6792,4.8,c782094350460d47f0f37a41f40858ec
2393,36,2017-11-11,averia,0.2424,19.8,6c75d5191caa57ce66aee84045b1d143
2394,6,2017-10-16,condicion_climatica,1.0,5.7,046af6e24851f4a0a0e7849112980219
2395,25,2017-02-14,retraso_trafico,0.786,5.9,fae508e3ea9697ecb70c66eca76f4b63
2396,17,2018-01-17,retraso_trafico,1.0,3.7,6e839a316ec11c925e803dbcf1d8210a
2397,57,2017-10-16,averia,0.8189,5.9,2759e33a8d084b097aaf4d4b8393e38c
2398,45,2017-02-09,accidente,0.3363,19.7,add98bb9caa9f37e7d0702845c3a5db5
2399,30,2018-03-02,averia,1.0,20.7,8a3b0656569be8cae2c31bd2718b3f63
2400,32,2018-08-01,retraso_trafico,0.6786,4.3,ae9e1b5ea01b4df2adbf3d1db769704e
2401,14,2018-03-02,retraso_trafico,0.7483,5.6,75998f5e98ff4d9d5c1b8563d15bcecb
2402,2,2018-02-03,condicion_climatica,0.543,2.0,62d6b75c62b447ebcacb509154ae9958
2403,40,2018-02-18,averia,0.3869,10.3,b883943a11a0c834424c7bf9bfea8b88
2404,49,2018-02-04,retraso_trafico,0.9525,1.9,dc072bc7f25f21ccf376b9aa0150b114
2405,16,2018-04-16,averia,0.7373,16.6,e8a4ded72862189ee71a1a102a072685
2406,37,2017-09-01,retraso_trafico,0.5571,4.7,09d1a6d95af99a860b37ed53fc9a3c2d
2407,58,2018-08-12,condicion_climatica,0.7092,8.1,443461fcb984bb8a76e4a9eae02a9898
2408,21,2018-01-28,averia,0.2957,13.6,b0064e58c06714b8e6d9f3d5e713e416
2409,20,2018-07-01,condicion_climatica,1.0,4.7,47fe026fd2770231295017afd4c0084c
2410,29,2017-07-17,condicion_climatica,0.6678,4.6,9582525f4356350d097a44d90372e024
2411,10,2018-05-15,falla_mecanica_menor,0.762,2.2,a194ac8fcd32099c21886a04ebe2e6e8
2412,30,2018-01-18,retraso_trafico,0.9366,3.5,3ed99ad145f818a65b1bcfce6a4182fb
2413,40,2017-10-03,retraso_trafico,0.762,4.7,1888f26c742f0f49046de7b25b975fc1
2414,48,2017-11-29,retraso_trafico,0.6615,2.0,43e5d97c6f9174919eb5141c513b8a9d
2415,23,2018-03-30,retraso_trafico,0.8233,2.2,4bcb885df76e020744aa9357b997e5ea
2416,32,2018-06-13,retraso_trafico,1.0,3.9,932e09a4eba5fe1c7b8333f5b0d83d99
2417,60,2018-04-21,retraso_trafico,0.6727,4.3,b150b9b90a70a0313138f20db412321f
2418,48,2018-04-22,condicion_climatica,0.4428,6.7,aca33246293a698b982644421ce2170c
2419,43,2018-05-07,retraso_trafico,1.0,3.6,40f74de53615f2e4d81c384c983b74e6
2420,35,2018-08-06,falla_mecanica_menor,0.313,1.2,8badb85035ae9283c53e42b0ab697410
2421,34,2018-02-03,averia,0.5339,17.6,961a477711141b3811b897eb49216db1
2422,57,2018-01-04,falla_mecanica_menor,0.6811,3.7,c215c19d42062469daa299ba6242b3f4
2423,2,2017-08-20,averia,0.8829,7.1,adea49c55eec4c7af7b2cf7ba506d874
2424,19,2018-08-15,condicion_climatica,0.8089,9.3,71c22e96648b3b4f4c78e6e4de6bdc0a
2425,32,2018-04-21,condicion_climatica,1.0,5.1,d39e59e93bf34f4b2f6cef3902672a6f
2426,48,2018-04-24,condicion_climatica,0.8014,4.3,8f83b7fcba464b677274cb8fcf22eef8
2427,47,2017-08-04,retraso_trafico,0.6715,3.5,0e33e4ed66579e92794c46a5232e51dd
2428,42,2018-03-09,averia,0.8571,22.6,6ec1c5688688bee3df9dd2202ac41a7e
2429,37,2018-01-24,averia,1.0,4.8,befdef0aa27a4e172dcbe4e40784c29e
2430,33,2018-02-04,condicion_climatica,0.6024,11.3,d68b0945df8ef41eee78fc3a864742da
2431,8,2018-07-17,retraso_trafico,1.0,3.3,c85e13fa13301ec2cb996db10353e737
2432,57,2018-04-05,retraso_trafico,0.7648,4.6,5c9a7e0865669dc34b4e6a062751d8f4
2433,52,2018-08-18,falla_mecanica_menor,0.3095,1.6,e82ad91cbeae230bec5af4afbb1ef6e3
2434,27,2017-11-20,condicion_climatica,0.9533,8.0,ac5222f836286b33e7240030ad79d7c9
2435,32,2017-03-28,averia,1.0,8.2,5667af66694cc07bce46f7af2ed32ed6
2436,41,2017-06-01,retraso_trafico,0.911,4.0,b4a53c840c47fa892902f68fd00c71cc
2437,34,2018-03-04,condicion_climatica,0.8436,10.1,ba6442763c55ec1e7bd72b1d931b2700
2438,29,2018-05-20,averia,0.8584,23.6,3d7d9c3454ecc0d556808546b6052355
2439,42,2017-08-31,condicion_climatica,0.7258,6.9,e30fb155cacfee81443d974ce9c8a2d3
2440,2,2018-07-13,retraso_trafico,1.0,3.9,77de74763ac99bedb50deb68da4b981d
2441,57,2017-09-25,averia,0.532,6.6,0e4741898160da1b1060a7f9c346547a
2442,51,2018-04-26,accidente,0.3585,12.4,7096c65d6b73e123fdf3a4e611a46389
2443,30,2018-05-24,averia,1.0,21.0,f93b3cb75ff8589459a1280b46c3b6b4
2444,18,2017-05-25,averia,0.8949,6.0,512f4f80b07d98a492f7e38f1736e1c0
2445,43,2018-01-28,averia,1.0,14.6,bfc318d0ca556b5d317bda9eb4b0ed76
2446,19,2018-02-19,averia,1.0,9.9,0b4bb296de7b6b5d24103fdd585b1241
2447,57,2018-04-04,retraso_trafico,0.7518,2.9,e20563c6d7e937815ecdf726ecf3e178
2448,35,2017-12-26,falla_mecanica_menor,0.7191,3.0,eeba00e11fa68a44e8f8ea73e40da5b7
2449,57,2018-02-06,retraso_trafico,1.0,1.2,564d27104ae4e2c4d3592769b928fee6
2450,53,2017-07-10,condicion_climatica,0.7345,7.0,9dda75f3a1a15b58eadee893d4d4263a
2451,41,2018-05-04,falla_mecanica_menor,0.7911,1.3,f48c7b1f3fb890715e12d1f3217e99b3
2452,23,2018-05-29,condicion_climatica,0.5437,11.8,17b7c2f3241fc2ef8e7f7a3b916993e3
2453,41,2017-10-22,falla_mecanica_menor,0.7224,2.7,92cacd3fd45c2c93413de4c2acf69ddd
2454,10,2018-07-02,averia,0.973,21.4,3aa2600d02e113fa1145a76a2e90185f
2455,7,2017-12-24,averia,0.8064,21.2,ba242a1dd9c9df31f97af85c25e0e1bf
2456,37,2017-04-11,condicion_climatica,0.9282,9.6,4a78a79abcb01edd282c54c5c9cdaac2
2457,36,2017-12-06,averia,0.4332,6.7,e49e93b813e0ac281b65ed9e24b2a012
2458,50,2018-06-20,averia,0.3707,8.3,64eb693e04aa8e46522872834d4dbe03
2459,57,2017-08-06,retraso_trafico,1.0,1.1,a4c0c3903b0f57f415ce5dc9d3bae784
2460,10,2017-12-22,condicion_climatica,0.8151,3.8,d7541649368af95f781177990c686696
2461,27,2018-04-10,falla_mecanica_menor,0.858,3.6,dc608454ac1f85d42db31f7d558afff6
2462,3,2018-02-27,condicion_climatica,0.7882,7.9,e7b8437c3c5f2441634448e5a2a3d8fb
2463,6,2018-08-13,averia,0.9697,9.0,41fd531c328f5d4a978b612a04dc576b
2464,40,2018-06-11,falla_mecanica_menor,1.0,3.0,4941da6e1a4eef723674c7148152c4f6
2465,19,2017-11-25,retraso_trafico,0.3254,1.8,7efd95780798d3826acbaafd16953320
2466,35,2018-04-05,retraso_trafico,0.7325,3.0,7fb4c420f562c9688616031ba49bab84
2467,20,2017-07-30,averia,0.656,16.8,96fbb3c21966b51cc6e5176010070f2b
2468,60,2018-02-14,retraso_trafico,0.7924,6.0,643440e9eec13f7a1e08f634486e931b
2469,34,2017-04-17,retraso_trafico,0.5685,5.0,c05fc3fc944af4da60133785126e8458
2470,13,2017-12-04,falla_mecanica_menor,0.8466,3.4,dd3f3e7d9dd0bc094ef6741a6255fd6e
2471,29,2017-05-19,condicion_climatica,1.0,2.3,d5542d526e0bebb1db25cc2bf472a21e
2472,33,2018-04-01,retraso_trafico,0.9518,4.8,08a14ebab7440e5f7bfd8ca0b37fc613
2473,47,2018-04-16,retraso_trafico,0.698,2.6,4a51f8e9dff86ab803142a930f7866cc
2474,60,2018-01-24,retraso_trafico,1.0,4.4,0681602384769af218b41f80e0808278
2475,12,2018-08-05,condicion_climatica,1.0,4.3,5a6566ca1aa7d313e6a34e0443e32ba1
2476,43,2018-03-13,accidente,1.0,19.3,d4c9b64645181fa7193ab68ae9ed3422
2477,33,2018-07-01,condicion_climatica,0.8336,7.7,eaac284918a0bae18197faef197f83e0
2478,40,2018-02-22,retraso_trafico,1.0,5.8,f322d0eb62f5e70fa62f78ae2b6d5ee0
2479,39,2017-12-13,retraso_trafico,0.8194,1.0,012bea13f9a355c983efb59a3f23583a
2480,30,2017-07-19,condicion_climatica,0.6208,4.3,6155f621f8b443117634830dbf1ecd62
2481,51,2017-12-26,condicion_climatica,0.9268,7.4,344d7792475d51c5c3b9d41758ef8f44
2482,57,2018-03-05,retraso_trafico,0.7311,2.0,d2507bd23d9c9e4c1a37406c22b7cadd
2483,60,2017-10-16,falla_mecanica_menor,0.6108,2.4,f2c1fe3c326767f9d341cb347f30ea1f
2484,7,2018-01-14,falla_mecanica_menor,0.8509,2.9,2a20173829ff5bd342163335865aa490
2485,4,2018-06-28,condicion_climatica,1.0,8.8,9d0f0078c553c192aa8fc946492dc08a
2486,16,2017-03-20,averia,1.0,5.9,dfaba9e54da21d5c9ca002e103b5496a
2487,1,2017-11-19,averia,0.5546,11.1,f3f15e9fc76a0d1ee15de585f49911d8
2488,35,2017-05-27,retraso_trafico,1.0,1.4,62b2ed9f26108431f257836ea0139fd2
2489,33,2017-12-01,averia,0.8424,14.8,8832a55faa17956aab37de69db1f357e
2490,13,2018-02-17,condicion_climatica,0.7918,7.5,7d52cc13ad48508237527a8681689106
2491,60,2018-08-09,retraso_trafico,0.7588,4.6,54d0bf2cd634845822e8b0c29f3834ca
2492,50,2018-01-11,retraso_trafico,0.4286,5.7,591d36e7f544036a8849e508414d2295
2493,13,2018-04-28,condicion_climatica,0.907,7.2,db49353d6689dec69c2c2d19fcdc4d0e
2494,26,2017-07-05,retraso_trafico,0.99,4.9,b0c677ad0ea26bc5e9e3fd85bf05c9c3
2495,50,2018-05-24,condicion_climatica,0.9171,4.5,b1f3a8cfd8b6995035f80044f6ffa85b
2496,57,2017-05-19,averia,0.2822,15.1,1d0cb4b170fe0f5f20475c4ec3ec4f06
2497,50,2018-01-18,averia,1.0,8.8,b1503f3f344c66cf0a3bdc1e2a6e3fcb
2498,2,2018-08-28,averia,0.7126,18.1,c516efeee3182f8b1ea4a7e8a91da163
2499,28,2018-05-05,averia,0.9303,14.1,38bf75e72a61924fb0633cd63820f018
2500,58,2018-02-05,retraso_trafico,0.4027,4.8,7450a94d5ad749cb013c5b1166520908
2501,58,2018-08-09,retraso_trafico,0.3659,4.9,7aa5fe5b772da0099ed083f51f800e8c
2502,36,2018-03-16,retraso_trafico,0.6516,3.1,8a098e4e3159f7d2618ce9617622973b
2503,55,2018-02-19,averia,1.0,17.0,3515fac755456eb1f251c50808fb6b12
2504,57,2018-02-25,averia,1.0,13.4,9c1670b5fcf655219f68438d3b3741f1
2505,11,2018-04-02,condicion_climatica,1.0,2.3,c2aa77318ccfe5fea754a5d1c2ff1544
2506,25,2017-10-18,retraso_trafico,0.5644,3.4,df413df02c32f319cb51828513261aff
2507,39,2018-07-21,retraso_trafico,0.6547,5.3,e79f873315375aad54aa74ee8119dc40
2508,5,2017-11-18,retraso_trafico,0.5865,2.2,4729a8ef5b11ed2d8dc77d48deeeee04
2509,29,2017-03-07,condicion_climatica,0.4815,6.6,8a6927284335d25c41814675321cf9f4
2510,36,2017-11-28,averia,0.8811,5.2,7584bd8da96214989dcf9fbdb2268b65
2511,50,2018-02-20,averia,0.946,15.3,2690c84e60cbc597c732d126472db7cc
2512,27,2017-05-27,condicion_climatica,0.4292,5.7,7962c29496311e6f33a972d590b1f966
2513,15,2017-05-07,condicion_climatica,0.7833,7.3,af8a65413a5278f53502a4c24ec7e343
2514,4,2017-12-17,condicion_climatica,0.6246,4.4,7dfb5da526cec6b438017b4b44d07c72
2515,6,2018-03-13,retraso_trafico,0.5692,5.6,77f1154408d21b17a8bb5ff045e9153c
2516,41,2018-04-23,retraso_trafico,0.7172,3.0,6e522b46c78b3f2ba9e3b02f35b099de
2517,4,2018-02-18,condicion_climatica,0.6596,4.4,86bf271e1a69a73159db69b6b820d8e2
2518,11,2017-01-07,condicion_climatica,1.0,7.2,09f58c00f941827ab206de7796785e44
2519,14,2018-04-03,accidente,0.8588,37.1,045acee11e62afca7764429c5710dac9
2520,41,2017-02-01,condicion_climatica,0.84,6.5,1e6025fd19451c74352d0bbf6a218bf6
2521,41,2018-06-16,condicion_climatica,0.6867,8.8,d773b2a09676fb3a1a35c45a9edda446
2522,48,2018-07-08,condicion_climatica,0.8604,7.6,9cff15929217597cae032b555b2bed95
2523,24,2018-05-17,retraso_trafico,0.8741,2.8,a5283d6db4848796b9bea944339d2dca
2524,49,2018-05-15,averia,0.6345,21.9,856d4ca373e855bd0cc6f782cd78686d
2525,2,2018-05-24,retraso_trafico,0.8336,2.1,77a3f6f5260c3255e7171093cc549851
2526,34,2017-12-04,retraso_trafico,0.475,2.6,f29059714a02a0730711137a8a8448b9
2527,1,2017-12-22,retraso_trafico,0.9039,1.1,487243d388612209472c309efc5e6442
2528,1,2017-06-09,accidente,0.7974,27.4,ca586f4a85ee254cc0b4e01e30809cb1
2529,27,2017-10-15,condicion_climatica,0.4395,5.2,517b4b7e7f723df3693ae71473078d73
2530,55,2017-09-23,retraso_trafico,1.0,4.9,62bb099353a9b4d95e7612ef18f771e1
2531,22,2017-07-05,retraso_trafico,1.0,3.6,e7d942c97ee9fd9ff765a96b3f34c48a
2532,8,2017-12-12,averia,1.0,18.2,398abc38612b5d4dd9f77541c38d06ce
2533,8,2018-06-25,condicion_climatica,1.0,10.8,00ea33f994bec0bbfda582074083ae12
2534,41,2018-05-19,condicion_climatica,1.0,11.4,c921b31250ffb9719326413202688113
2535,27,2018-07-06,averia,0.6845,22.1,532eef07d5a2ff826ffd6ef0979e1645
2536,7,2017-03-12,condicion_climatica,0.8274,2.3,d7defcb8f59419ce565959f595bbb988
2537,35,2017-12-26,condicion_climatica,0.8389,10.2,80e86c7e6fc52912703025d155635dee
2538,31,2018-01-05,retraso_trafico,0.8985,2.4,3da7a532b6ae989967fda8b6e790f2da
2539,40,2017-05-21,retraso_trafico,0.8876,2.6,606135eee1f82ed9f028183c267aa8d8
2540,17,2017-08-31,accidente,1.0,23.6,cbf03abca6266fb36b6ddd1521839dba
2541,25,2017-08-19,condicion_climatica,1.0,10.2,5b0cbe028ba75896dcef147e3cfaae1b
2542,55,2018-08-20,falla_mecanica_menor,0.659,2.9,a7931d1356ebfaff87f69f952ff58208
2543,22,2018-01-19,retraso_trafico,0.5345,3.0,4e6f08ecede05da4c4e9c73557db14db
2544,58,2017-05-12,averia,0.9125,4.7,45234e26d8f4a497d57ba385398874f8
2545,8,2018-03-31,falla_mecanica_menor,0.8667,1.1,e1f238e971539b87bb93b6dbbce70611
2546,22,2017-11-21,accidente,1.0,37.2,acbe07f22f29ad7e5a78f30008cc6ec7
2547,44,2017-05-11,retraso_trafico,1.0,1.4,c913d38589fa350791d4d89dec949c4a
2548,48,2017-08-17,averia,0.692,12.2,9e7b9ace0373fca44197f8f406bb0169
2549,52,2018-01-01,condicion_climatica,0.8597,2.8,5a9119d91afaa4185d778d886309889f
2550,34,2018-07-02,condicion_climatica,0.8983,2.0,e897fcc9001681522b0e07a8ce043a54
2551,32,2017-01-31,retraso_trafico,1.0,2.9,6a94666b47f6006dda56e5edc10968a3
2552,53,2017-05-21,falla_mecanica_menor,1.0,1.5,c0111339b0262577145b10cc59a10060
2553,38,2018-07-26,retraso_trafico,0.6851,2.3,30912e56cd416bbcbd9d3282e643c27e
2554,14,2018-08-11,retraso_trafico,1.0,3.5,d75367da6a5ef6a395dd2657abee2602
2555,16,2018-06-11,retraso_trafico,0.6885,4.7,27f60f8461adbfd9213bd35b38206bfe
2556,42,2018-07-16,accidente,0.8127,16.5,f6879e8e12a44ceb4c422c23489a029d
2557,47,2018-03-13,accidente,0.3545,45.7,bc4df405798e78b26965a4b62efdebb7
2558,43,2018-03-12,retraso_trafico,0.9992,4.6,f66e426969e5222705447c43b5550df2
2559,37,2018-04-22,retraso_trafico,0.7668,3.9,aad1f17a009853a69d204e2c5e58a11c
2560,55,2017-10-10,retraso_trafico,0.7518,5.3,db57aa40a4bd36993047eb80281d0df3
2561,42,2018-01-12,accidente,0.9861,23.0,6e4b5a4f0fc48a4b809d2fdf15c97549
2562,14,2017-10-06,averia,0.2495,8.0,5df3e4bdf3b11255c6c73bd401826bae
2563,25,2018-02-15,retraso_trafico,0.8133,2.8,53124f53452d087c139616c97657c398
2564,55,2017-12-19,averia,0.8444,16.2,ce91d4cd4fe17530b17e1a0055a41ec8
2565,35,2017-10-05,retraso_trafico,0.8814,1.2,7463f829999f41a9eea1e98f4e52b48d
2566,19,2018-06-28,condicion_climatica,0.5066,3.6,1ed7a9f105bb93051eb43d410118a2f1
2567,52,2018-05-28,condicion_climatica,0.8077,3.0,808beec7603db80bc6a975bc9f509814
2568,50,2018-08-05,condicion_climatica,0.6044,11.0,5f4232203a9f7cd910b49787d7f32437
2569,12,2017-11-03,condicion_climatica,1.0,10.1,b0b558b3576d4787a37f77a5250ff717
2570,34,2017-12-18,accidente,0.3202,31.2,5e8d0f2f1e06e715aee3eefe4c175e52
2571,27,2018-05-07,condicion_climatica,0.4903,9.1,e2fa3a143afcfe0dc65730a780af43e1
2572,51,2018-07-13,averia,0.8088,16.5,62ea5251fe435ac8a677196623782c04
2573,48,2018-07-23,falla_mecanica_menor,0.6939,1.7,b6900b09afec4ea5ef8879a9b1e3881c
2574,38,2017-09-07,condicion_climatica,0.4706,2.5,69d15b473fc963ac1a3f5bad766593a7
2575,24,2018-06-16,retraso_trafico,0.985,1.2,e8a8ff2fda1e5eeeed6e56a9a882f648
2576,15,2017-06-08,falla_mecanica_menor,1.0,1.6,149f7e7d7dd01505a6b7f2f5ea5226df
2577,5,2017-09-22,falla_mecanica_menor,1.0,3.4,5e17b70632f7a50b36f6601b955c9091
2578,20,2017-09-17,retraso_trafico,0.8859,3.3,88fd40c08e056f063360d1d8cbd99e2b
2579,10,2018-04-12,falla_mecanica_menor,1.0,1.0,6573d97e15833bfcf5f1b739d7a1206a
2580,47,2018-04-09,retraso_trafico,0.8279,4.5,c5206922341fdf683df9bd18349657c4
2581,14,2018-04-15,condicion_climatica,0.8832,8.1,aac103aa82ea3fbc312b34cbc349859f
2582,27,2018-05-22,falla_mecanica_menor,1.0,2.2,a653bb2e2418fd13d746e3639879aa83
2583,50,2018-08-17,retraso_trafico,1.0,5.8,f3f20a355feba5a3e09b1133932f992f
2584,59,2017-09-26,averia,0.7374,14.8,5607dd260b59aad9885b4dd7ad29352c
2585,40,2017-11-01,condicion_climatica,0.7666,2.5,556e899478cd993a24f43d8aa8b3cf17
2586,21,2018-08-01,retraso_trafico,0.9205,1.5,1ff6ec2c3e9d8820643f43696482d2b9
2587,7,2017-07-15,averia,0.7833,19.0,da051f6d0cd445a2e8bbdcc9e8e189e7
2588,9,2017-12-10,condicion_climatica,0.7104,10.5,b1a680dfbbbdba5a38645d6db425ed81
2589,52,2018-02-05,averia,0.7868,12.9,bcdac90f7e0226cd65358da9bc6ead9a
2590,37,2018-06-10,retraso_trafico,1.0,2.1,5103a33779a9aef136d6dbe242f779e0
2591,56,2018-08-18,averia,1.0,9.4,99907bf137138e8a41986fc842736a37
2592,37,2018-03-01,condicion_climatica,0.8309,4.1,c350b8020e56f5b4d3438f5daaddef70
2593,51,2017-05-21,averia,1.0,7.3,df6d8b7768a047c2981bae0a24afbb01
2594,44,2017-03-10,condicion_climatica,1.0,11.8,50afe29220be2f02604b5cbb9e641f86
2595,53,2018-02-09,retraso_trafico,0.3922,3.1,8c9e6ed4aa9e011a36594abdd88d96cf
2596,56,2018-07-27,condicion_climatica,0.8316,8.3,6bcee650c0948a4d061fbac64d157ba5
2597,12,2018-03-14,accidente,0.856,25.9,05e1843fb576fb0a18a1e9bdfa3c18b0
2598,12,2018-07-14,averia,0.6932,6.5,4daa7a4d91386678160a5f646293be29
2599,48,2018-03-23,retraso_trafico,0.6968,3.9,41b64ffb924858fb0d246c1065fa426b
2600,8,2017-11-27,retraso_trafico,0.5593,5.6,a518b37b54f26e19044d8706b65e8133
2601,35,2018-07-25,accidente,1.0,38.5,08f6cddc0499702a4dbbd26f2b04b986
2602,18,2017-06-11,averia,0.8226,15.3,7ee4b13db874fc0c53e4febcb4275fb5
2603,4,2018-04-29,condicion_climatica,0.5143,2.2,0983f1f175846f974bff91862731fa68
2604,41,2017-09-30,retraso_trafico,0.8464,4.9,e0206b3fc791d710a2498a32e0ba1310
2605,1,2018-05-13,averia,0.3703,10.8,18d436f1bd867f1869bc3a16103a4b75
2606,38,2017-12-04,retraso_trafico,0.4515,1.9,85e019a2383461c352ffffefc7ba4829
2607,29,2018-02-15,retraso_trafico,1.0,1.3,3e209a35ca9fb429434e538d9a015df5
2608,40,2016-10-12,averia,1.0,16.7,1add1aa4c6e709fd74a4eb691a9fc6bc
2609,51,2017-12-26,falla_mecanica_menor,0.7723,2.0,dc920c44a8f3925e7fc295890563d2c5
2610,8,2018-07-19,retraso_trafico,1.0,3.3,6440501490dabcc13bc292e417ca410c
2611,9,2018-01-09,falla_mecanica_menor,0.5395,1.7,ac9389991e196542581dc80f6be7e5fe
2612,23,2018-02-28,retraso_trafico,0.6492,1.5,9b256bac4d128fa4841abe19f6126836
2613,49,2018-05-06,falla_mecanica_menor,1.0,2.2,59c1a8b3cbb65f342ab100aedd060642
2614,37,2018-06-04,retraso_trafico,0.4739,4.0,c85effde0ed0992c84e040a55a793259
2615,51,2017-08-24,retraso_trafico,1.0,4.9,0ac4a31679b7cc92b7f6cb3684f55e2c
2616,39,2018-08-26,retraso_trafico,1.0,2.4,434ecca6e51ec65c7ed71199313ac9e1
2617,32,2018-04-23,retraso_trafico,0.773,5.0,9f7474d5eab299f291d474286d5272ca
2618,58,2018-03-11,condicion_climatica,0.7976,6.4,8d4b407022b632729179432fdecbc16e
2619,1,2018-01-15,averia,0.6327,14.0,1e648b21368a3ed91634edf2b262d33c
2620,46,2018-01-02,retraso_trafico,0.424,1.5,b2bcc44cd738d425393e6268c29f096d
2621,59,2017-11-20,retraso_trafico,0.6929,4.6,7acdb98aabb39abbea16b8acce3f1f30
2622,26,2017-07-25,accidente,1.0,26.4,1195a0ed33785e49b236c8c06a9b751e
2623,52,2018-08-10,averia,1.0,20.5,0436c197b0ba8265af9fa94b7f444866
2624,8,2017-05-10,retraso_trafico,1.0,2.8,aa567b6bd03ccf3532f2f07cf956260e
2625,1,2018-03-25,retraso_trafico,1.0,5.9,5600c1fabd9c27cf4dc4a3aaf57a8e29
2626,16,2018-06-23,retraso_trafico,0.0385,5.2,2a717d97f9d41948b82901d96fb388ff
2627,11,2017-05-08,condicion_climatica,0.9025,5.5,80d42608ec46066a22bc8261471c7a21
2628,29,2017-07-21,condicion_climatica,0.6115,9.8,5935197a3a64cf91a125aa939d5eac7b
2629,4,2018-08-28,averia,0.9766,23.5,baf4bb57bdf5e14c67c2389a48864acb
2630,53,2017-06-23,retraso_trafico,1.0,5.7,69480e1078841dadad7c1daa54407ad6
2631,4,2018-02-20,retraso_trafico,0.8933,4.6,74482752946085825e5c3270eec7d3a4
2632,53,2017-10-21,falla_mecanica_menor,0.7673,1.2,978564f73dadc05775f6347d1a508e12
2633,40,2017-10-06,condicion_climatica,0.8359,7.4,35ff30856e32d0b5a4a2abe36bc26f4e
2634,46,2018-08-07,retraso_trafico,0.8678,2.9,136a3da67b93100ec6fc05442613bcec
2635,30,2018-07-31,averia,1.0,13.0,df720130627bfe896e4eaafe2df5b721
2636,12,2018-08-15,retraso_trafico,0.8811,4.8,4d495c697709fcab0a85b3c5247f89e0
2637,9,2018-07-29,retraso_trafico,0.376,3.8,614c7adfc74985b5d111c1e38f0ad0cd
2638,30,2018-04-19,retraso_trafico,0.7827,5.2,20041598880c9b92bd2979cc4ef933eb
2639,13,2018-02-17,averia,1.0,5.1,7471a79a069f8d195536e2c9c58d05ec
2640,24,2018-07-23,falla_mecanica_menor,0.2909,2.5,232efaeba12fd576e70a88f09d6583b6
2641,37,2017-05-18,falla_mecanica_menor,0.8797,3.1,875776703718e362c278092c5504ccc3
2642,40,2018-04-17,retraso_trafico,1.0,3.7,ccc10a00d9ec059f5360475ddbed1816
2643,17,2018-01-28,condicion_climatica,0.7212,10.2,3ebbf40c93199bd38c2b821855ab1800
2644,53,2017-10-06,retraso_trafico,0.813,4.0,3e0f66626b1d306ce899a69a2b474034
2645,4,2018-08-18,condicion_climatica,1.0,6.3,499e36ddc9a7c36dd44e2dcd43a76620
2646,8,2018-01-09,condicion_climatica,0.6107,9.6,2cacb668babd0da39adc48af2e2fa715
2647,24,2018-07-04,retraso_trafico,0.5569,5.0,c8e75378d45ac6daae73b7ff2d236798
2648,58,2018-07-24,accidente,0.5523,15.4,e9583867c3868714af8937a417c1adc5
2649,32,2018-01-28,retraso_trafico,0.6785,5.7,dde21840bf52f7327e815543b86afacc
2650,25,2018-03-28,condicion_climatica,1.0,7.3,3b765f9447a0beec30098534b2ebaafb
2651,30,2018-07-27,falla_mecanica_menor,1.0,2.9,2e4ef279d418d092749185f9a030d1c2
2652,34,2017-08-31,averia,1.0,6.4,6d6f0c5bbf3fc7bbef3b260c1a8c89f8
2653,48,2018-03-09,condicion_climatica,0.7449,6.4,b53fe2cf3a372c3ee003f70652185fa9
2654,27,2018-04-15,condicion_climatica,1.0,10.1,e51b03b501b229c0921929d10f0a36bb
2655,22,2017-12-10,retraso_trafico,0.8517,2.1,4594c689a1c9d5fb2574a0e03875e67a
2656,3,2018-03-10,condicion_climatica,0.8427,2.9,9978e0dbae7672b5995553acd12ea6f0
2657,27,2018-01-08,averia,0.6976,22.0,ed09706e867828c762e46ad418d064d7
2658,4,2018-06-26,retraso_trafico,0.96,5.2,626d1cc366da566023f1b3d8e202d568
2659,57,2018-03-29,averia,0.7441,19.2,13be52fea867f703f9f4466bccbcc0c9
2660,31,2018-05-16,retraso_trafico,1.0,2.6,dd6ac2e90734c89e307ce48401909367
2661,50,2017-12-04,averia,0.4925,6.1,c6a79749006273a0aa6567ddfd275527
2662,41,2018-02-13,condicion_climatica,0.7367,9.5,4525dd56bc3c3fb6d4e3b02a54db984d
2663,6,2017-03-21,condicion_climatica,0.6601,3.2,17dc275426dc4430d983cdd5280e9414
2664,5,2018-08-04,falla_mecanica_menor,0.5399,3.2,cf0fd312197c09391d0d85e878758e82
2665,47,2017-11-16,condicion_climatica,0.2669,2.0,668bd274654d22b8a64cb4b16eb04661
2666,37,2018-03-08,condicion_climatica,0.96,7.6,a1991f23b5a551188b16f0cc2105441a
2667,33,2017-11-07,averia,0.7377,7.9,a6ba5666a43bd5cdaf4a6b0ea268ecf4
2668,51,2018-02-19,retraso_trafico,0.3646,1.5,36712c988ad3e0ce061946fffbdbbe2b
2669,33,2018-04-12,retraso_trafico,0.4958,4.2,365a1b0dc5465b589146a0b7a504183e
2670,59,2018-06-14,condicion_climatica,0.3339,8.5,a18a772d7d1f17c95ee1689b669d3727
2671,41,2018-01-11,condicion_climatica,1.0,9.5,419de35b9f49a3e9822b8f09116cdea2
2672,2,2017-02-08,retraso_trafico,0.3483,1.4,882d810d98542e6512788b9a49d6d886
2673,50,2017-12-17,condicion_climatica,0.7141,8.0,3a21d68013a49ce0b7ecc0b3a2575c0e
2674,15,2017-12-02,averia,0.7563,8.3,3858a71b117aa9a3c509cc87fe9c8960
2675,50,2018-05-24,condicion_climatica,1.0,7.3,0fcebef7529661e5353748c86a31d90e
2676,9,2018-05-14,retraso_trafico,0.6711,5.1,719a2a4825d52ce82cbc8698a71495ba
2677,7,2017-11-26,retraso_trafico,1.0,4.8,ba794dc7ba00e8dcbe6e0f729be0b845
2678,51,2018-05-17,retraso_trafico,0.7565,3.2,f9f91e01e98440ee1e84dbcfad27fdbd
2679,13,2018-06-29,retraso_trafico,1.0,2.7,f797c7f21e67c1f4ccca1caf68287ba5
2680,7,2018-01-19,retraso_trafico,0.7263,1.5,28eaf28c1a7f1e6d917f465578bb1b43
2681,11,2018-03-14,retraso_trafico,0.9519,2.3,fd651b5d45523bedc2076c015e66b6ee
2682,19,2018-01-28,retraso_trafico,0.373,2.7,ae0151b8759ce9b2938f7d0796b9b964
2683,34,2018-05-06,falla_mecanica_menor,0.9618,2.0,6227de9611e75b006686710c6a29df35
2684,37,2018-02-28,retraso_trafico,1.0,1.9,56eb4939c8d3115474ab6d6a17c8f5f8
2685,25,2017-10-18,retraso_trafico,1.0,2.4,5a169456a6ecf7c4cbd88cdf18c23c83
2686,20,2018-04-11,retraso_trafico,0.6735,1.5,dee19a9ea2f63ca372aed6147e959b0c
2687,30,2017-01-21,falla_mecanica_menor,0.5421,1.0,c022b7da8ab7a4a04bd561c8f765a14a
2688,10,2018-03-21,condicion_climatica,0.52,3.7,755fdf89024021c6324864182b6657b5
2689,30,2017-11-11,retraso_trafico,0.7217,5.0,245547d35a6f1c94c1e2546ab3322e0f
2690,31,2018-05-02,averia,0.8849,14.9,469872bf23abc5c0ce6db24fd6fec382
2691,31,2018-05-08,averia,1.0,9.1,6fd727ab6a5dcb9b6996451d79f12ab8
2692,16,2018-01-02,falla_mecanica_menor,0.6057,1.7,1f71efbfaebd22c0da59bae196d291de
2693,59,2017-03-11,retraso_trafico,0.7615,1.4,b8d147e10dd65083377f242fe86dda7a
2694,41,2017-08-19,averia,0.871,9.3,7d70d52cfcf0813165763717e6d32609
2695,30,2017-03-19,condicion_climatica,0.7459,2.6,1affc4ad6b0957720114bf91c2f39879
2696,51,2018-05-15,averia,0.7463,22.2,4d605dc9c5436f936edfd77a5c410297
2697,57,2018-07-07,condicion_climatica,1.0,2.0,e907b53c6245de45677494c2348dc8cc
2698,34,2018-05-20,retraso_trafico,0.8789,4.8,259db3e83679426c2af73687a8c579d4
2699,40,2018-07-27,averia,0.3436,13.0,e158e6aaed1732fbac39e9411f33f48a
2700,40,2018-01-09,condicion_climatica,0.8527,5.5,ddb4aab3495ab19d0fa7dbb5aeb703b9
2701,24,2018-04-22,falla_mecanica_menor,0.861,1.9,ebb181b4dfa0aa047045c086da0802b7
2702,2,2017-05-27,retraso_trafico,1.0,2.0,10b352cbe8aabe99a33f470405f12ce6
2703,53,2017-12-13,falla_mecanica_menor,0.9851,3.3,413d21c694c928b464c2cc8d3904b2b1
2704,9,2018-06-08,falla_mecanica_menor,0.1928,3.6,9ce36e2fe5d89681ffcdc294ea7363ac
2705,43,2018-04-02,retraso_trafico,1.0,3.3,b90846dbd50e328b0a1b6be47a8e2c0b
2706,12,2017-02-05,falla_mecanica_menor,0.6887,1.7,0f8cf123486438ffdee527bf82ec87d4
2707,4,2017-02-13,retraso_trafico,1.0,4.9,e54fadbb3cef276c1b184ec780d06ae2
2708,59,2018-02-11,condicion_climatica,0.7963,6.2,245ab579b02d5d10ea1183942b060d54
2709,1,2018-02-14,retraso_trafico,1.0,2.3,ed35c6ec36a7b59c5e1f902280143fcd
2710,27,2018-03-08,falla_mecanica_menor,0.4964,1.3,7e8946ff7380632d77de6298460ec652
2711,8,2017-10-23,condicion_climatica,0.9849,3.0,192fa3a13695ed2ce3bb341e3313d69d
2712,37,2018-08-24,retraso_trafico,0.6293,4.2,0b3506e1bbe1a7086dc5f9f41c594b8e
2713,6,2018-06-19,retraso_trafico,0.8283,1.1,5551af3c5c287246cc239e923963ef6c
2714,60,2017-01-28,averia,0.8809,6.3,5497655681652e7e1306139bb5d04a14
2715,46,2018-03-02,retraso_trafico,0.7842,1.2,f3198cf092daad25ada2e464f1471522
2716,53,2017-09-18,retraso_trafico,0.7106,2.3,04497a3993ecf2e604b91ca0a8a80ecd
2717,18,2018-03-21,accidente,0.4454,40.3,ca786c07fdbcd2a6beb42eab64c23a3e
2718,41,2017-07-26,retraso_trafico,0.7082,2.9,a2ec9e724d3526894d9d1a8868623e9b
2719,42,2018-06-04,retraso_trafico,1.0,3.2,3f0d61c44dd01ad249fa7589cbdcb8b3
2720,7,2017-10-17,falla_mecanica_menor,0.878,3.6,fefec2fe5879ab8f730148f2de0c0c6e
2721,24,2018-06-07,retraso_trafico,0.6908,2.3,5e98ca2727e44977e9f5be0d45a0d369
2722,14,2017-08-11,retraso_trafico,1.0,5.1,c43065765ea0096d728066fe48cc6249
2723,38,2017-09-06,condicion_climatica,0.9664,6.3,2d9ef7f1b2ca0880fe896fa2a4b7c5bd
2724,32,2017-11-15,condicion_climatica,0.6931,10.1,41932b54e17f6ae1f4be1f8886f47883
2725,40,2018-01-01,averia,0.9428,8.3,25eac842862525f18a083c6edf1929a3
2726,22,2017-04-03,condicion_climatica,0.0243,9.2,a8026b902d1c542d5a42d1010f8f752d
2727,10,2018-03-25,falla_mecanica_menor,0.8972,3.7,046735e8e55ac5d5eee44e008b9e9720
2728,44,2017-12-03,retraso_trafico,0.6813,1.9,2aabb4d8714e26a76aef91c6f0d5c329
2729,30,2018-02-10,retraso_trafico,0.9711,1.5,39787d0779e9c0f1326d35469d0239c5
2730,55,2017-12-20,retraso_trafico,0.3382,4.6,bcaff5892a4def087ea5036d6b89b9db
2731,8,2018-05-20,retraso_trafico,1.0,4.8,b5d7803c645bb1272fbac9a45a43b1d2
2732,54,2018-08-23,retraso_trafico,0.9848,3.7,c75be4dbb0444f5234b73d0e700bc425
2733,13,2018-03-09,falla_mecanica_menor,0.6349,3.6,178358411049ad27f877b8964564528a
2734,16,2017-05-28,averia,0.9607,13.6,a797f338da66eefca816db5328d5e5ab
2735,46,2018-01-20,retraso_trafico,0.8585,3.8,dae77dea063022deb7f856fdec40622a
2736,31,2017-03-29,accidente,0.7615,30.6,c583699ad331158897d9bf20f1a60004
2737,10,2018-02-14,retraso_trafico,0.6706,1.3,ea72383cf738914448322568a400d37c
2738,29,2018-04-12,retraso_trafico,0.2604,4.7,16ee199eae699a717d29b7135597f94f
2739,34,2018-07-05,condicion_climatica,0.3541,8.6,51ea9bcaebefed721e498f8fb39c8911
2740,45,2018-04-19,condicion_climatica,0.6929,4.7,b0c79f808d274a5fb07f15350111d490
2741,53,2018-03-01,retraso_trafico,0.5604,2.1,0533573d16b0c12cc9a3f9f97f67111b
2742,43,2017-12-11,condicion_climatica,1.0,9.2,1a8479315924a0909a29ab6a0cc3cc20
2743,43,2018-08-15,condicion_climatica,0.7654,11.1,d18615ef0019feab117532f76cb5953c
2744,34,2018-04-26,averia,0.4768,15.8,24c3a42d44d3abc0e029451a1d73342a
2745,56,2018-04-03,retraso_trafico,0.755,1.2,cfdfa46e2f22c67f26fb469b93b88eee
2746,30,2017-04-09,retraso_trafico,0.8881,2.6,4f8f1c7b53665748fb1e21364214cfd0
2747,6,2017-02-09,condicion_climatica,0.2947,4.0,ef1cba939b3e4639c534c42c2617fa9c
2748,18,2017-05-03,condicion_climatica,1.0,11.8,1a1ee1d6d418b44f10671d87bd127b80
2749,25,2018-05-03,averia,0.7781,10.4,87fd335973d9705b9c82ee68d314a8c5
2750,57,2018-08-25,averia,0.8607,23.4,fa03573c5b1e111542c72cbb1453c85b
2751,37,2017-09-25,condicion_climatica,0.8266,10.2,f6eb2f9a7f09d846ead6c089f9ffeab7
2752,32,2017-12-24,condicion_climatica,1.0,5.7,2ca72b762bd6252e6d2ffb6188556add
2753,29,2018-02-27,accidente,0.701,26.8,b63843e9d44be8b60cb77879340c52fc
2754,43,2017-10-31,retraso_trafico,0.9947,2.8,e10b4465dc4265ab01391e25bed55c5e
2755,51,2018-08-11,accidente,0.747,8.2,c5c8d33a3102ffa7d6fe4072ddf0ea8e
2756,53,2017-09-25,averia,0.73,13.8,03330e2f4e93c51662a7c77d92a4e0fd
2757,28,2017-07-22,condicion_climatica,0.7707,5.6,394bd8c3711009590ecf308602f1dfeb
2758,43,2017-04-11,condicion_climatica,0.8428,7.3,4a46aca9ae0f89326ddb4bd7dfd041a1
2759,36,2017-09-22,retraso_trafico,0.8915,1.8,4fb59cc4950521f470473ef761b30d7e
2760,27,2017-03-13,condicion_climatica,0.5814,8.5,e912fe377f77944ec68b3650ead100bf
2761,54,2017-08-03,condicion_climatica,0.8205,10.1,e3b442a0dbd0eab458fb4d4abbead49e
2762,30,2018-02-06,retraso_trafico,0.707,5.7,a96157730ca02d9de4c4e4ac2fc49f2c
2763,42,2017-11-16,condicion_climatica,0.725,5.7,1370fae9b19ee5e01a2d609eb18b7c8a
2764,23,2018-03-18,condicion_climatica,0.88,9.7,21f596bcb5e3700e518ed8ac55bb2766
2765,23,2018-01-13,averia,0.743,6.8,87979d4911d8ddfec45cd5ebccfb535b
2766,53,2016-10-11,retraso_trafico,1.0,2.1,7254ba1421bac35de5d5da660715bf0e
2767,45,2018-05-06,averia,0.8238,21.3,fd79fe34d2fd6389d56e726bfc0bff4f
2768,10,2017-05-31,falla_mecanica_menor,0.6099,2.6,3ec05d74c91669694d41dcf4d7cdc764
2769,48,2018-06-11,retraso_trafico,0.9445,2.9,774948f6702fc1d316b81f28fea3de9b
2770,7,2017-04-13,averia,0.82,9.7,eba5ed5e25b2381933d6f2a0227fd21d
2771,29,2017-11-22,retraso_trafico,0.4932,5.7,a9b132fc9b030211c2850f5495dbbd5a
2772,10,2018-03-19,averia,1.0,5.8,84a2a019c5e35c1b7930e967601312b7
2773,24,2017-05-18,averia,0.6477,9.4,3937b5e90887b4a6c5e4102865c4338f
2774,22,2017-05-10,retraso_trafico,0.8849,3.4,b15c7e972c74684414fb2e659fce916a
2775,50,2017-06-13,averia,1.0,5.2,d425c97a9b9fb9a356ef02cd35bd124c
2776,31,2017-10-23,falla_mecanica_menor,1.0,3.4,a4521fa62b4f3bbe260aecf4dbc78935
2777,25,2018-04-27,retraso_trafico,1.0,1.1,9af6969948e200d06da8a823d774095d
2778,60,2018-05-06,averia,0.8503,19.2,8757dc05fefc469b988804e017319c10
2779,28,2018-02-24,averia,0.8946,13.5,dcad7c51d4cb7b49b23bc9893374e95d
2780,28,2018-01-12,averia,0.6784,14.9,72f73037e114c82d0b49a74b4d7532a4
2781,12,2017-11-20,condicion_climatica,0.5161,6.4,53b8913fe5c632a9aa10069a33aaceb0
2782,18,2017-11-03,condicion_climatica,1.0,8.6,c765682ebe69c1034eba583189350fa7
2783,45,2018-03-04,retraso_trafico,0.8748,5.3,aca3b492e82b71863328c4c288861ca2
2784,6,2017-12-08,retraso_trafico,0.4462,5.9,c5dd2f75157908db9c6c6586ce1a8834
2785,39,2018-08-14,retraso_trafico,1.0,5.5,4f88a7f264d48920c4f0762d160212ca
2786,40,2017-09-19,averia,1.0,21.6,3495e966748a04cd5d7f4537a57fa3ef
2787,17,2018-07-25,retraso_trafico,1.0,2.3,5bb6be5ac31d6ab742083dec19b729c8
2788,24,2018-04-03,retraso_trafico,0.7466,5.5,497f1ff2bc62b9932e473fdd62ddde3d
2789,60,2017-04-11,averia,0.9269,12.3,638a96eb38b5a57ca8cd099c1964842d
2790,44,2018-06-10,retraso_trafico,0.8613,2.2,689d9b46b0376ea4ebaeac46ebd6fc18
2791,33,2018-08-24,falla_mecanica_menor,0.9068,3.9,90c6e60786251825a184d18d6a4718bb
2792,22,2018-08-22,condicion_climatica,0.7876,10.0,1121eace8f44a76b9fea9b1d67d87aef
2793,30,2018-03-08,falla_mecanica_menor,0.8094,3.1,7b5781a478434239a4f7a1d32292b159
2794,57,2017-10-22,averia,0.634,23.2,c26f6a2ea3a573319aa40ffebdc1a43a
2795,53,2018-03-15,condicion_climatica,0.4827,9.8,e7cf06bc6a8ae92d204e156e702fd227
2796,48,2018-01-16,averia,0.8155,22.1,53d67d7e562650461c0068ff08a53bbb
2797,40,2018-08-12,retraso_trafico,0.7798,3.9,d115642fba3060e4082472bb2801b111
2798,2,2018-03-24,averia,1.0,13.0,9abf08c7cd99e4755666520ba9f96f2d
2799,2,2017-06-15,averia,1.0,17.2,7c05cc46380212da89ef95678210500e
2800,51,2017-07-02,retraso_trafico,1.0,2.1,725d9a21b91d5ee08aaa56ef88058147
2801,40,2017-11-12,accidente,1.0,16.1,175d5d1ff76c0ea865a58e125e22743d
2802,22,2017-08-06,condicion_climatica,0.9193,4.8,3c50df1d72d2138948a5e64fbc4a2b9b
2803,22,2018-02-16,averia,0.3722,15.2,c6b504c2796cc68a698cd95f0b68d569
2804,30,2017-12-13,falla_mecanica_menor,1.0,1.5,a4b3642789b54e8f4e9effab48c70c7c
2805,24,2018-05-05,averia,0.3045,10.7,f927763b2f03e72c178092609d6be813
2806,43,2018-02-02,averia,1.0,13.5,c5b995b4c805bdd780594d6bbc69f6e9
2807,29,2018-05-20,retraso_trafico,0.4969,3.1,879a6ffe6389453946ddcaf7bde51975
2808,39,2018-08-13,retraso_trafico,0.79,2.0,006df90050498994d670b40da4651d22
2809,51,2018-02-07,falla_mecanica_menor,0.8654,2.8,0aeb20ab92028bf31d5d8b2314b03092
2810,9,2018-04-09,averia,0.5312,22.5,38b488d9104334d38fa658cdbcb1ed48
2811,24,2017-07-16,retraso_trafico,1.0,2.3,d6b18764545dfde7b5ee30af60e6fc0c
2812,35,2018-07-23,averia,1.0,10.8,56e26a902ce7881f0a64c34a8192b537
2813,34,2017-11-14,retraso_trafico,0.5425,1.5,a512132380fbd3ae24feca8ee9512efa
2814,37,2018-04-19,condicion_climatica,1.0,8.0,605b496ab2cd71fe8105952dafc16227
2815,4,2017-07-22,condicion_climatica,0.9793,6.8,de70c6f08877949ed4973bb0e4aaaa77
2816,22,2017-09-23,condicion_climatica,0.82,2.9,f30e8dff78289bedf547826b43376e36
2817,29,2018-01-23,condicion_climatica,1.0,8.1,8cb5fe50fcb1a1155fa2f27857895eaf
2818,34,2018-01-23,averia,0.5587,22.5,0e58265fb71607725cac1432c6c944f2
2819,37,2018-07-17,retraso_trafico,1.0,3.0,bc1f75764ae7021a6d37772dc55a3ebe
2820,5,2018-04-04,retraso_trafico,0.9616,4.6,52c13ebf98c19fe6dc69e69ac09663a1
2821,10,2018-06-09,retraso_trafico,0.8199,1.4,d4612a92684490006e3edc89c89a7a2b
2822,23,2018-06-06,retraso_trafico,1.0,1.4,c911e05e122d374b5c4e8af53751f999
2823,6,2017-10-15,averia,0.7865,13.4,239bb6bf3c69a8b5a8da5eab92f1444b
2824,48,2018-01-15,condicion_climatica,0.8628,8.0,2f7ee291b72997159cb01045ac80be1c
2825,22,2017-12-28,falla_mecanica_menor,0.8497,3.7,46984ee8227e1926e055327b55ad576c
2826,36,2018-04-24,condicion_climatica,1.0,8.4,6c5eb0920626d3ff5588d03d6f2d4936
2827,47,2018-01-16,retraso_trafico,0.4621,3.3,fc34e19a094e163bae6bb03c793150bf
2828,29,2017-12-30,averia,1.0,22.2,1c0be101dfa673500b49e9b07b1b26e5
2829,51,2017-07-17,condicion_climatica,1.0,5.8,ec038c4d9946cec9042787452aa18aea
2830,6,2018-05-03,retraso_trafico,1.0,2.6,7604b2e3523cee6efa15d486cddf96c4
2831,30,2018-05-01,condicion_climatica,0.7803,4.9,1ca816da4b6e814732f7cdc2365bf540
2832,43,2017-12-13,falla_mecanica_menor,0.7198,3.8,eb54651b02b959e50ba4adaabeedfe80
2833,39,2017-07-23,averia,0.3801,15.7,7ae485d40dde266f84845e1f34d74753
2834,16,2017-05-25,falla_mecanica_menor,0.8858,1.1,2bd50f23991e78268a92afaf29d6e459
2835,36,2018-05-05,condicion_climatica,0.1934,7.3,c1ff65479834ffeb424c5a78cd65ce4c
2836,14,2017-12-16,falla_mecanica_menor,0.8497,3.6,626d84eb4cf67fe4d53e9c0d945388fc
2837,58,2017-06-15,retraso_trafico,0.8253,3.4,e650e545eab1cbfebd87c2cbc0ceb531
2838,24,2017-12-04,retraso_trafico,0.2591,3.7,8cc98854c500c9bea08c5f4be4a4c28f
2839,36,2018-07-04,condicion_climatica,0.7881,5.4,28f0cec71eeca821990dac072c20cb12
2840,29,2017-05-03,condicion_climatica,0.4922,11.6,67dd2e254ae2086f8356d17425d41e07
2841,26,2018-04-08,averia,0.8355,13.1,118336b5857e4150a37c03273f5da089
2842,20,2018-05-12,condicion_climatica,0.4512,6.7,cb7cdbc81a72944010981bb56fe37f54
2843,48,2018-01-01,retraso_trafico,0.7643,1.9,792bdd812e278bfca0ea7699d5f25bb3
2844,57,2017-12-04,averia,0.8708,9.2,dad38cc9bc5fe2b4a6febb5d1fc37443
2845,38,2017-11-22,falla_mecanica_menor,0.9423,1.2,994486484c66c852cd60fed6ff0da2f9
2846,6,2018-08-09,averia,1.0,4.7,a965f9a56bd7e9a365d2cb5818934cad
2847,60,2017-07-30,averia,0.9084,23.6,79fc35987a8701e074d350a33925d818
2848,2,2018-05-08,retraso_trafico,0.6676,1.9,2cb2f557ab7119a8f1e9e00b7bf75547
2849,26,2017-11-23,falla_mecanica_menor,0.4987,1.3,45b1b3b169e059058cccd3eed24aa5cd
2850,36,2017-07-11,retraso_trafico,1.0,5.8,ade8acb24d7c09d93b8d4e9837309c05
2851,40,2017-12-16,condicion_climatica,0.9231,9.9,e04d2191af862183e0ebda80377a6a32
2852,39,2018-02-21,falla_mecanica_menor,0.6942,2.6,dd860e84c8713ccc97a6a06c693db178
2853,57,2018-08-09,averia,0.5185,14.4,fd83748fe6056c1759777f41c19a742a
2854,16,2017-08-18,averia,1.0,7.4,43101ee6b066954af2c1074445d240ec
2855,58,2018-07-17,accidente,0.7834,36.5,a8ea05fd33c920bdb1add488f8ef7f9c
2856,57,2018-05-01,condicion_climatica,0.7539,3.6,b8cbd785d723a9bb46690512ee7b5440
2857,20,2018-04-21,retraso_trafico,0.9286,3.2,1809078b655469f11b429102fb296998
2858,1,2017-09-05,averia,0.8922,18.2,e77eb7578799cc588feca0f6cf56a49e
2859,33,2017-09-11,condicion_climatica,0.467,4.8,85009f731c1559c53d150e4b3fa7f8a5
2860,50,2018-01-02,retraso_trafico,0.5901,1.2,3fdebcfe1a2cdcd4ee2770a2e28b2af4
2861,54,2018-03-12,averia,1.0,23.9,f9b08c26496de3604c13a613383165b0
2862,45,2018-02-04,retraso_trafico,1.0,4.2,d3b17114bb5d12fd946e0bb2680ec2b0
2863,27,2017-12-06,retraso_trafico,0.8445,4.4,c4d7d5a8e5e6c168142085d231c65b79
2864,48,2018-01-23,retraso_trafico,0.3747,3.2,12c35cf2a5171b0fb8e19d60abcb9353
2865,22,2018-01-27,falla_mecanica_menor,0.9719,2.8,1d28af766063913e28a09606c0ee6fee
2866,54,2017-05-09,retraso_trafico,0.8189,2.9,2dfa3eb9e7a26639147be1d3dd5a26d9
2867,20,2018-02-05,averia,0.7189,12.7,c7cd86aeda4c39ec84a0be2ed480add4
2868,38,2017-11-16,condicion_climatica,0.5771,5.9,1e7e9d16382d754d9c40321ee0b78634
2869,25,2017-08-18,falla_mecanica_menor,0.5346,3.9,a1471d3940933cabdf3944ff1c792e10
2870,5,2018-07-25,condicion_climatica,1.0,8.7,b207eee235e171e984b26af758b388d3
2871,40,2017-12-07,condicion_climatica,0.9186,9.1,b4c80521e552d11e209d1388067ce814
2872,6,2018-02-10,retraso_trafico,0.9224,2.4,a632507614b292ff5f60b5282ba78df1
2873,38,2018-03-06,accidente,0.6441,21.1,8874222e11e5b391570e35d91ce32a14
2874,60,2017-07-04,condicion_climatica,1.0,3.4,232208723745063b04b8e45bba7fb6bd
2875,31,2017-12-16,averia,0.4077,6.8,bba3a4e52c97d6726d2faf1f91016c86
2876,36,2017-11-17,condicion_climatica,0.9667,4.2,7e7de734d9281a551ad36b6ea7fd0939
2877,14,2017-12-29,condicion_climatica,1.0,7.7,7dd61a9dd9d2ec923177f5679d1b0ad9
2878,50,2018-04-18,retraso_trafico,1.0,3.6,c187d987adeda75b5ab837e11d253eab
2879,36,2017-08-10,retraso_trafico,0.7872,5.8,b8f8c719c986f46a4324ebb983d70e98
2880,24,2018-05-04,retraso_trafico,0.71,5.8,853fdd4f5504e5f2c286e302f0047f4f
2881,40,2018-03-21,retraso_trafico,0.8577,3.9,e5cf005255a551709fd938c0c57e3d6a
2882,35,2018-05-11,averia,0.6877,15.1,786cae661e4ef4209fe7721d5b85cc7e
2883,45,2017-08-24,averia,0.7606,22.0,e22127be7a5664250637f87a4d12410c
2884,10,2017-03-22,condicion_climatica,1.0,2.4,26ef05ca1105e34d67dfaccab65e1100
2885,48,2018-06-30,condicion_climatica,0.3743,9.5,ea7895cb0e61c16f3121758d67031529
2886,51,2017-09-07,retraso_trafico,0.5493,4.9,f3f971f57df71e4e3d397faa23779e89
2887,50,2018-08-08,averia,1.0,23.1,ba1f6216a5c2428edf225c23708fb2a3
2888,33,2018-06-14,condicion_climatica,0.7114,8.5,c660221edd9f1170175ce048f14b6003
2889,58,2018-03-25,retraso_trafico,0.4749,5.5,3570e34137f62140285ee90fed63ec69
2890,13,2018-04-05,retraso_trafico,0.8736,4.7,94c302f23bee09a61c1aab616b01b7b0
2891,4,2017-07-04,falla_mecanica_menor,0.7914,2.7,bc23a4f24db6f84f1efcfe44847ba135
2892,30,2017-10-17,averia,0.7979,15.9,01725657be56c432d5aaa2f914ae2c56
2893,3,2018-07-31,condicion_climatica,0.3406,7.5,e84f18bf4ee058607a5dfa5ac98e0317
2894,20,2017-12-11,condicion_climatica,0.5486,11.4,2477eccf092b3407c1442bf98cde9729
2895,1,2017-11-02,condicion_climatica,1.0,12.0,393654d81daf611630ac2068a7c9b12b
2896,13,2017-05-20,falla_mecanica_menor,0.8299,3.7,bd642c6155f02b3fb7eb4a527389fa64
2897,29,2018-04-28,falla_mecanica_menor,0.6679,1.2,35b0513eaf7a477cdb93469b7b4a3d6c
2898,49,2017-09-08,retraso_trafico,0.6096,5.0,2e914af8bdaefffc2e6ea38a39a64d4a
2899,18,2017-12-08,retraso_trafico,0.8083,4.3,b5c266ddb80e22c5857e6c88e559afd0
2900,43,2017-10-17,averia,1.0,21.6,72c43226251f106407afcfe2b2f2e247
2901,31,2017-11-03,falla_mecanica_menor,0.8444,2.3,15a67f90313578833383de224d57675b
2902,29,2018-07-25,condicion_climatica,0.7418,4.6,a24d66d387ac209f98ea7b4eae586336
2903,23,2017-08-04,retraso_trafico,1.0,2.6,408e91bfedadd9e3a02ea46af7e6cb4e
2904,33,2017-09-02,averia,0.7212,16.8,5f6e8cf3a5b3483cae7889fc3f452e4c
2905,50,2017-06-24,retraso_trafico,1.0,2.5,e0c49af20b2a6c2089f40a9d7a60d6a5
2906,38,2018-01-25,averia,0.6623,23.7,5d7db52ac102f99555d721fa511f9cd6
2907,53,2017-10-22,condicion_climatica,0.2466,8.1,792bb673f614c5eec62086b083eb9355
2908,29,2017-05-08,retraso_trafico,1.0,1.1,3dc3012f8b35d3e48e9a5537d549986f
2909,48,2017-10-27,condicion_climatica,1.0,7.4,42f2f38b2e99615f8fa65dd99a455294
2910,57,2018-07-17,retraso_trafico,0.7433,2.7,379c468e2dc90ec7cd68bacf13ecca13
2911,21,2018-01-20,condicion_climatica,1.0,11.9,4ed7bfce6beab8e845d01d46439d9ad9
2912,17,2018-04-12,averia,0.7758,7.3,dbf6877228cc3660405cab36ede2947e
2913,53,2018-06-19,condicion_climatica,1.0,8.6,3517e73d0edbc9c46ef7044cbfe14bc5
2914,22,2017-11-05,condicion_climatica,1.0,8.0,18fa032cf65a1c5c2820d16276b4741a
2915,8,2017-07-24,condicion_climatica,0.9735,11.9,10bedcbb416f0f53e5791b3f61807625
2916,38,2018-02-06,averia,0.8281,19.5,67140d21efc3fbf8dbf3cdc8f2aaf005
2917,13,2018-07-29,retraso_trafico,0.7574,2.5,b81af5e0dbc943da7544bf507acf9e23
2918,21,2018-07-23,retraso_trafico,0.8754,3.1,af429aa4c68dea6ce6863e63c261fd6c
2919,41,2018-05-14,falla_mecanica_menor,0.7141,3.8,bda01364adbef32fe7cb91a4cc4263e9
2920,41,2018-04-28,averia,1.0,7.9,7122be37b1b21797619ed0a6cf64f043
2921,47,2018-08-25,condicion_climatica,1.0,10.1,845b62fbbe4d5781455b7da5d4989afa
2922,55,2017-08-13,condicion_climatica,0.5473,9.1,8d0584fef2164e00c8eb23abbdd87ef7
2923,3,2017-12-29,condicion_climatica,0.914,6.5,a17fd6df400fd04864fc2697bc98cc2d
2924,42,2017-07-09,averia,0.5472,12.3,1442b25f1cb6b0dd05c29b7df04aa0aa
2925,51,2018-01-23,averia,0.9258,19.0,29ae62fd6471b0273901154265c09fd9
2926,2,2017-05-27,falla_mecanica_menor,1.0,2.9,3c3d212226b96bb33fdc655e5b7f29d9
2927,2,2017-12-04,retraso_trafico,0.3442,4.8,6b51ade033ffeef603f6ee951ce831cd
2928,53,2017-10-18,retraso_trafico,0.625,2.1,4de273e695a489841193c7a5bd6911cd
2929,11,2017-05-12,retraso_trafico,0.4323,1.3,ea272a0dfeb78b446aa525554dc50a70
2930,31,2018-01-03,retraso_trafico,0.6741,2.8,771a363b396b10de7dd9984f3204a7a5
2931,19,2017-06-05,averia,1.0,5.1,ef1fd60487d3a1c1bb971b4e46ca6271
2932,10,2017-05-28,retraso_trafico,1.0,2.1,815b68de0bc7fa6c117e4bcf855734ef
2933,31,2018-01-12,retraso_trafico,0.8009,3.3,1ac738eda8e6f03f198f3cd185d60cb1
2934,19,2017-08-29,retraso_trafico,0.6064,4.7,c14ecd7b2fd9b06640b5ef67f195ee36
2935,24,2017-12-07,retraso_trafico,0.7257,2.5,8942a6fec26a6b80ba003514457c9d8d
2936,48,2018-02-05,retraso_trafico,0.5803,2.7,d876b34afec9a37354e30d656829878d
2937,34,2017-11-19,averia,0.7676,7.2,2dd1110225406663fec91a10b3c47c4a
2938,13,2018-05-15,averia,0.8967,6.5,0c82a229fc22597c2361656cba8d3230
2939,3,2018-06-22,condicion_climatica,0.6374,9.4,96c3a40e38272781dd5b3dfc4797e8f7
2940,28,2018-08-05,retraso_trafico,1.0,1.8,9b28ecb03bbb9a5081729d9f822f46a1
2941,10,2018-07-24,averia,0.6474,13.4,af7b1f7080ed76cd6d266c0ce5a13044
2942,15,2017-03-28,retraso_trafico,1.0,4.3,843a1e7a744e7d107ee80b65be5394d2
2943,59,2017-07-15,condicion_climatica,1.0,2.5,c92a1e5ecc2f42594b4c40567e387039
2944,6,2017-03-15,condicion_climatica,0.7028,4.9,28781e0706467b15858facab8a22ba5b
2945,2,2018-04-04,falla_mecanica_menor,1.0,3.1,a4e1c7e97bd79078bb3a032a6f99a33b
2946,38,2017-08-13,condicion_climatica,0.6954,11.5,fe68b52db13993f58175fa589125d345
2947,27,2017-11-22,condicion_climatica,1.0,6.9,82f67231caceb165dadf21bcc8f0ee72
2948,26,2017-08-21,retraso_trafico,0.901,1.4,7f4998699b2e07dfd8d38d5964637658
2949,42,2017-07-28,averia,0.8574,11.5,8f5e238b871f4bf8132d533e4c41d871
2950,25,2018-06-01,retraso_trafico,1.0,4.9,ee92bc34f8de7fa0c865952a83834964
2951,42,2017-08-20,averia,1.0,15.7,d7cea52c3309c7b3d279a9f3d2e74114
2952,9,2017-05-25,accidente,0.9428,33.9,92307d93688d9465005c2cf0b6aa7480
2953,3,2017-09-29,retraso_trafico,1.0,3.1,99a6742739034cc06392ab883f64359c
2954,40,2018-05-23,averia,1.0,18.0,e1cfb9f3b52a559974c2148551dea108
2955,38,2017-03-22,averia,0.7263,12.9,09868b0eb512bfbbe98900f16d79d055
2956,53,2018-01-31,averia,0.7857,11.5,6ae75e4f34fa57a45c1e2e45e8b92042
2957,28,2017-12-25,retraso_trafico,1.0,4.4,1700e1cfac9c6837da3ccdb6c36c77de
2958,24,2018-08-23,averia,0.5722,8.4,ca186afb25218627f21f78bcb9a5ea08
2959,57,2018-01-14,retraso_trafico,0.8689,1.6,e0ca48c3d8bef74e0cf6e6847b47f2ef
2960,9,2018-07-19,condicion_climatica,1.0,5.0,8f5244306f56f64511c6d8b6a7064716
2961,38,2018-03-31,condicion_climatica,0.9084,10.8,a8aa8c2af7ddd7b246469a7d4a53ed75
2962,40,2017-06-22,condicion_climatica,0.4358,11.0,44f2785218ac7e69a0a6b5a334961b4b
2963,36,2016-10-11,condicion_climatica,0.3686,11.7,1ebeec1bb9ce388ee2e00d401058ca8b
2964,34,2017-09-19,condicion_climatica,0.8505,4.8,aae5882b35279b55f02104b5ff4a50da
2965,35,2018-06-06,retraso_trafico,1.0,3.0,0fcd3f7c5275b49cc83dd15129700b71
2966,41,2018-05-10,falla_mecanica_menor,0.9806,1.7,e9d122ccd05f407b9a65aaae122a9add
2967,6,2017-10-16,retraso_trafico,0.6998,5.2,ed5ef608c882944a831992d6ca0cdc66
2968,5,2018-02-13,condicion_climatica,0.8662,2.8,5175f15824e2cc42b048406820e7d7ce
2969,36,2017-05-02,retraso_trafico,0.8889,3.7,638a540852799faabe1c7c5647646c4e
2970,30,2017-09-26,retraso_trafico,0.9494,2.0,2f252e33ea680956431ba9c2f5c87fe4
2971,13,2018-05-02,retraso_trafico,0.3254,4.0,fb95aa20d91cfc568a3bd223c03e9eff
2972,35,2017-09-11,retraso_trafico,0.8499,1.9,e21f9ce5061dd5af2d7ba49338c286da
2973,2,2018-05-25,retraso_trafico,0.9583,3.5,2f4cad919c61a60ad1652a1355d3fdae
2974,16,2017-11-04,averia,0.6491,20.4,be51f350648201f7d50862749e0d4355
2975,17,2018-07-01,falla_mecanica_menor,0.5427,3.7,0250c3964e5ca77ecac2db28d78aa89f
2976,50,2018-03-24,condicion_climatica,0.9604,6.0,ea63989166a2d459220b1b769609582a
2977,24,2017-10-23,falla_mecanica_menor,0.5636,1.8,a24c341da692fe0a57ba6140bf33e1a5
2978,49,2018-02-18,retraso_trafico,0.9391,5.1,a8b96b7d5604088bca60e1822012c0cd
2979,30,2017-11-12,averia,0.688,7.0,044223df7cb37509bfeb2a0df1250ca4
2980,36,2018-04-21,retraso_trafico,1.0,1.6,6f0da4a159750a1e24884ed5b38a1ff4
2981,18,2017-05-20,retraso_trafico,0.7561,4.7,bae8217e6bc5d06c5c5172a3811ae2a9
2982,29,2018-06-06,retraso_trafico,1.0,5.3,8c7375aeac2efc63f0754588cd9d29e4
2983,58,2018-04-30,averia,0.8462,16.3,b5d3a4b81af25c152a2b6938ed054942
2984,8,2018-04-24,retraso_trafico,0.9424,4.7,cd297c74672655559f2c22ea2a1550eb
2985,55,2018-04-29,condicion_climatica,0.8885,9.5,f4efa4faef71d2d5292f202ba37bbd4a
2986,1,2017-09-13,retraso_trafico,0.6554,2.8,a40264c07328d270a802bada5ffb7f15
2987,6,2018-08-16,accidente,0.8908,47.9,2eaa9442b80b5a4698a0635ebbb65dbc
2988,27,2017-12-07,retraso_trafico,0.8635,2.7,ea72009e972388b2881aee7fd39a094a
2989,43,2018-03-06,retraso_trafico,1.0,3.8,0ab49faaefb509c82d19a0d26239a4e3
2990,13,2018-03-14,condicion_climatica,0.9254,5.5,00dc6ad47477b3b62d3c0acbe98a82a4
2991,41,2017-12-16,falla_mecanica_menor,1.0,3.2,74e98d2b01c0fd8e1357032c441f09a8
2992,48,2018-03-06,retraso_trafico,0.9861,5.6,f37cdd40de53fd4b961aa07433c716fc
2993,13,2017-05-18,condicion_climatica,0.728,8.5,ac727692880897a9669ed0921296db75
2994,30,2017-07-19,condicion_climatica,0.6261,4.0,aab057eadca2981f30e045529272020c
2995,36,2017-06-12,retraso_trafico,1.0,5.6,1db5f7be6c0e5b942a24957fae155f28
2996,48,2018-03-26,retraso_trafico,1.0,4.9,5e021cdf9b42799cd60d771910e43008
2997,27,2017-12-06,retraso_trafico,0.9496,1.4,4660e507473035f4db5f153b9cfd0c96
2998,19,2018-04-01,averia,1.0,16.5,b963c12b1ff920123b6b5de4ce5e4a19
2999,6,2018-03-26,retraso_trafico,1.0,3.9,9cd4ed9a91b520c126c71e7f898b24dc
3000,48,2018-05-08,accidente,0.8269,36.0,965a7865810eb2fcea1de935b37b5ff5
3001,50,2018-01-27,retraso_trafico,1.0,1.4,bc52f8f79c3a17b6fd6fff5c63212940
3002,14,2018-07-18,averia,0.6939,4.6,7ecf895a86816395ae333859b2c7bd7c
3003,30,2017-12-30,condicion_climatica,0.6855,7.1,dc72c2d1985b4f1380c3289d3b49be6f
3004,1,2018-04-07,condicion_climatica,0.6348,4.9,6a43d3b2cbb42f4e417faa5566a65469
3005,17,2017-06-18,retraso_trafico,1.0,4.1,5187d6e3efdec859c111d889c9ad7d9a
3006,4,2018-03-04,falla_mecanica_menor,0.8247,3.8,90407fc87b8430d3031e48be0d8ddd2b
3007,45,2017-07-07,averia,0.3704,7.7,6196e4f322b4f0af89d0900e2990dab8
3008,22,2018-08-12,condicion_climatica,0.6844,7.2,6dc8b8f970d5256ebe88e075c1428321
3009,58,2018-05-03,condicion_climatica,0.971,5.4,2b7e3239c2257eb4a6cc95f73285b970
3010,8,2017-07-07,condicion_climatica,0.9473,8.1,8b1358b5d34e45d8a7a08698b494afee
3011,51,2017-10-20,retraso_trafico,0.7489,1.7,85b65cf0a36d51265b279d78117ea65e
3012,47,2018-05-03,condicion_climatica,0.0577,6.7,bdb36280069ae2b266d0213e7ce5261b
3013,23,2018-05-02,falla_mecanica_menor,0.2809,2.7,8c8a24bf308761df290a5503106a8ae3
3014,27,2017-10-27,retraso_trafico,0.9957,1.1,9fdcbf4559fdbe106a9d0a99db753858
3015,1,2017-10-02,retraso_trafico,1.0,5.5,a5ec79abdf99faceb5f0c305185ef7f5
3016,21,2017-09-05,averia,0.9753,10.8,9f038ec9f60cb6ced5e69f113cdd1147
3017,57,2018-01-25,condicion_climatica,0.7704,5.8,8b39b1a490a2cc8906ec4b08ef88a40c
3018,60,2018-06-15,retraso_trafico,0.7902,3.1,070a8baa5e3a99e5eff94da597b78fa1
3019,48,2018-04-01,averia,0.4649,21.8,70d77f16b85f5aa024c0ae15ba465dd8
3020,30,2017-10-19,retraso_trafico,1.0,5.4,707b6f03abbbc071c056f47706c0d43b
3021,28,2018-04-17,averia,0.8256,21.6,a37d916ab96889e59db281905a87514e
3022,1,2018-08-03,averia,0.2633,9.9,a274d2bbfcca25b8c47ee2467583e81e
3023,56,2017-12-05,retraso_trafico,0.4615,2.3,d809c236053cf2dc908107360b97302e
3024,48,2018-05-02,retraso_trafico,0.8639,4.7,e78d0e875295cd716415732e63b6291b
3025,7,2017-06-21,accidente,0.6054,29.4,5879d76b960909b8b080ac8e212dbdf0
3026,32,2017-03-28,condicion_climatica,0.7468,11.4,66a5c9d33ec9b0db1d894e4812a0f941
3027,60,2018-04-04,retraso_trafico,0.7057,3.9,093e88889ed876560de2968023715771
3028,58,2017-06-27,averia,0.6859,19.7,58199a8d18062ab7c3fee55f16366d45
3029,27,2018-01-19,averia,0.7984,6.0,76540589be9113578df9de836cf6dbf9
3030,51,2018-03-19,condicion_climatica,0.7192,6.8,f6315cf6215547825532e27ff0be9401
3031,56,2018-06-17,retraso_trafico,0.5925,3.8,8bdbc426f547861538f7d59ac2c21c9f
3032,8,2017-12-06,retraso_trafico,0.4033,5.3,000e906b789b55f64edcb1f84030f90d
3033,55,2017-12-08,retraso_trafico,0.8264,5.0,931b5b510d21c486fe86269b2e36fedb
3034,4,2018-07-05,condicion_climatica,1.0,9.5,763cef494955df156986e220c7810b18
3035,40,2018-02-02,retraso_trafico,0.7064,5.3,e3e1d2fe1c3f816ace8a772a4dff8a1d
3036,8,2017-12-25,retraso_trafico,0.7865,3.1,389301eaf2a20607b502d4e224ed1d4b
3037,34,2018-02-02,retraso_trafico,1.0,4.0,1f4010e63b5ac13defa48305766a912a
3038,57,2018-02-04,accidente,0.5671,17.2,83b109feea07a54cdd034845cccd53b3
3039,45,2018-03-03,accidente,0.4436,23.7,9e635c54c1b48e4a6c2dee84d2f4f11a
3040,17,2018-02-14,retraso_trafico,0.7339,5.5,b8cbbd0b8e359a458ae7dbb7b012ee98
3041,38,2017-11-21,retraso_trafico,0.7419,5.9,ba568688e2f462d7c44a3fdc62e6456f
3042,58,2017-09-18,averia,0.7969,16.5,8dc7d1029415223a0367067aeebe711f
3043,40,2018-01-22,retraso_trafico,0.5847,5.6,6d15390c68ad06398621b0a7c976e52b
3044,16,2017-05-26,accidente,0.8199,15.1,362aa88dd1265e7b4ea491b5836fb5f6
3045,3,2018-02-21,averia,1.0,19.6,fbe94831a781d534fefb49c93499dd91
3046,57,2018-04-25,retraso_trafico,0.4947,1.7,d5af3f91478b15918f7250953622d89d
3047,58,2017-08-31,retraso_trafico,0.8553,1.9,5bc78a286b07fd8ad2198daf226ec008
3048,19,2017-10-26,retraso_trafico,0.5117,4.8,2728209b1b0553533bce4afc52716b60
3049,47,2017-05-22,retraso_trafico,0.9725,1.7,b802f0437c5f5c60cda55e03b0a84902
3050,13,2017-12-09,retraso_trafico,0.9082,2.9,e5d48f5d3719ee190629a850e362dc57
3051,42,2017-09-14,retraso_trafico,1.0,1.3,5a0aef62fed458de537f3edb8501befd
3052,9,2017-10-05,condicion_climatica,0.9337,2.6,4722880b47a0cc081c878a5a1ba8fc21
3053,35,2017-10-26,averia,0.8337,16.8,34a9dd848ef0ebd4ae4b60d31720497d
3054,30,2018-06-20,averia,0.6507,21.1,5572d7f32284f0040862f8948d5a20f8
3055,1,2017-06-04,averia,1.0,17.3,fc1d26c4d0639d4e8f684b618b355146
3056,53,2018-06-23,averia,0.9291,7.4,f615e2f340afc051466c50c06d4a453d
3057,13,2018-05-09,retraso_trafico,1.0,5.6,4649bedb89b61c0d443ab07ece8b17ac
3058,1,2018-07-11,condicion_climatica,0.8436,11.4,618f2dc846a3929a1e61bc34ed6fb267
3059,19,2017-11-19,accidente,0.9311,39.3,5128a1fb5fd9f44d87fc13d784b3b9b9
3060,1,2018-08-22,retraso_trafico,0.3159,4.3,970a49012cfe41d81bfd4593b83ce4a5
3061,50,2018-02-07,averia,0.7347,22.8,001862358bf858722e1e2ae000cfed8b
3062,10,2018-04-20,condicion_climatica,0.8387,9.6,89ca1c6fae0e21f0395c0e3b1d89914e
3063,36,2017-11-26,retraso_trafico,1.0,5.3,a30b74313d68098f40df2741bf239601
3064,6,2017-10-13,condicion_climatica,1.0,5.8,12e41d433221ec81392012706ab20ff7
3065,31,2018-07-23,falla_mecanica_menor,1.0,2.7,444baeba76a46804ce48bc19d0d45453
3066,18,2018-03-27,retraso_trafico,0.6834,1.8,d5a9c802f335dab69b88e69434d0dd43
3067,3,2017-07-22,condicion_climatica,0.3648,11.6,afd6fcb99a54aac6b88ff635b2e687ea
3068,48,2017-07-19,retraso_trafico,0.7171,2.2,dc079c0bf55da9490de9675a9c407230
3069,5,2018-07-30,falla_mecanica_menor,0.9164,2.1,520f711ba8d6317f12503d49312f428b
3070,1,2018-08-18,condicion_climatica,0.7454,10.9,e545a4381abd22871120cdfbd0c97a8f
3071,2,2017-11-16,condicion_climatica,0.5523,10.2,dcaeb1396857c15c0cba7456fb469c3e
3072,9,2017-03-16,falla_mecanica_menor,0.9085,1.4,dff1e9a517d39b940f6424c3fdfdbdea
3073,16,2017-02-16,retraso_trafico,0.7829,1.9,a93bb13e55f292aa026428dd42bd1565
3074,7,2018-03-03,condicion_climatica,0.821,10.9,55fa93249d8122a871689fd4c9511e2b
3075,24,2018-06-26,condicion_climatica,1.0,4.8,e8f5f9fb65db20f08e707adec28407c9
3076,29,2017-08-09,condicion_climatica,1.0,11.3,465e8161fdbe4ef42b3b8371bd96100e
3077,18,2018-01-09,condicion_climatica,0.5413,9.0,fd02009200e89316d5b945b9e795ad7a
3078,20,2018-05-25,averia,1.0,8.5,38c173dfe3aac4bedccd485f5424609d
3079,33,2018-02-06,condicion_climatica,1.0,8.8,f1b69a785e2f47e44415f46f270f1545
3080,20,2018-04-22,averia,1.0,14.7,fe857b5ac310b06adabd0e18af932cc5
3081,60,2018-02-12,condicion_climatica,0.7755,10.7,106f773cca522fe33c40267418112669
3082,38,2017-12-07,retraso_trafico,1.0,2.6,34c2e5cfc0bbfadbe4ed3e527e38e17e
3083,29,2017-09-26,retraso_trafico,1.0,2.8,acd788596773fb4328703c9ea80a1913
3084,10,2018-08-09,condicion_climatica,0.581,5.3,fbf5670723916ebf3bd62b1e33ed3ea6
3085,60,2018-03-05,averia,0.4343,17.3,82cb6c717dba0525c42ec35ab00e7f11
3086,16,2017-05-10,condicion_climatica,1.0,4.3,419c1fa500ceff6a8d5ee78cf19d2a6d
3087,35,2018-02-22,averia,1.0,16.6,69a416ca37d8dcf85093a41ddc92fcd5
3088,16,2017-07-06,condicion_climatica,1.0,11.0,a6a3f8407b163d20163f6ea1e0a6d9f4
3089,24,2018-08-04,retraso_trafico,0.3987,5.6,1960190ca65fb64227cf890a91874094
3090,30,2018-05-16,averia,0.5815,15.4,a7e777244d28c9330d778b6626beb029
3091,43,2017-05-15,retraso_trafico,1.0,4.3,fb114a7255e9d0f59416a80b564638d4
3092,8,2017-06-16,averia,1.0,23.9,a0181d5b2ec99d4706d0da0f42a9ee36
3093,57,2017-10-14,averia,1.0,17.2,c804674d437b41cf864db4bf8b66fff6
3094,34,2017-01-28,falla_mecanica_menor,1.0,2.2,fb975e889b11a08705d3b2734b626916
3095,32,2017-12-22,condicion_climatica,0.9152,8.7,3305840d006ff4ecbf347e2c1a38d698
3096,17,2018-05-08,falla_mecanica_menor,0.6066,1.6,c7fbc344dbbad59f3446f56555ed649b
3097,56,2018-08-04,retraso_trafico,0.6931,2.0,75e659c8ca6e2872f6d35430337e5dc6
3098,18,2017-11-27,falla_mecanica_menor,0.2476,1.5,4f22cd3d78d124f7ac060a3171493ef4
3099,21,2018-03-26,retraso_trafico,0.9754,4.9,7caa123a15b319b74f7eb837012a8606
3100,60,2018-08-28,accidente,1.0,39.6,4cf8e5fafb46ec3ef4e9b76e9eb2bf25
3101,21,2017-06-11,condicion_climatica,1.0,10.9,e740ace20346291fd9846ed62c8c7bda
3102,60,2017-03-16,averia,0.7702,8.6,5bf4b0c6624c03f4a531a60082fab3b5
3103,48,2018-03-04,retraso_trafico,0.9292,5.5,4495f1b55b727a6ca639505afc688e17
3104,26,2017-09-09,averia,0.9721,22.2,47420d7f7e141ae9974351d8a438f759
3105,6,2018-07-31,accidente,1.0,8.2,3e5e7b5fa03b93333f27d876d4026ec3
3106,17,2018-03-03,falla_mecanica_menor,1.0,3.2,4cfd9e02ecb9bfecf560fde716675e87
3107,27,2017-06-29,retraso_trafico,1.0,4.6,7fd341d7df58f6cdce68f57bddbc6286
3108,24,2018-06-12,averia,0.7416,18.3,47ced0a7515c9c759da126fad76397d5
3109,35,2018-07-07,averia,0.6344,7.3,3dafc0bec8f7cc53ecc6671ca9c646d7
3110,25,2018-06-02,condicion_climatica,0.7026,9.7,65015387b5d5888e9b5a412340634d26
3111,50,2018-08-12,retraso_trafico,1.0,3.6,f7a398b95f66e7c87f14092ce7310927
3112,18,2017-10-30,falla_mecanica_menor,0.0,1.1,4b6aca1937b0119de6bd8be675067173
3113,26,2017-12-14,retraso_trafico,1.0,3.9,bd1a75149b4f3c4c2810386211835917
3114,13,2017-03-24,retraso_trafico,0.9354,4.8,fd23556a7c693dc9341a263d6b9010cf
3115,56,2017-06-11,retraso_trafico,0.8047,5.7,db4d62e39557516a1ce6145d0c659ae1
3116,43,2018-08-09,condicion_climatica,0.6335,5.8,9b430d2eff640e354b1e8eacb8a30a2c
3117,24,2017-05-01,condicion_climatica,0.4906,3.8,27a940efdd448db29463b53ea0cfa2f4
3118,42,2017-12-09,accidente,0.6379,9.4,db5f0d2b31255bbf42582d67727f1588
3119,60,2017-03-28,retraso_trafico,0.9848,3.3,783f0149c8c49e2539f7a09dc2237b5b
3120,37,2018-01-29,retraso_trafico,0.7182,3.9,c05fcf75b5890915b93e39b636ec81be
3121,23,2017-10-03,condicion_climatica,0.9194,7.8,eae2128fd4c171cf698f967f1e7fbd16
3122,27,2018-01-17,falla_mecanica_menor,0.8923,3.6,830812ac2a32f5c5af831649af03c820
3123,54,2017-12-07,retraso_trafico,0.6595,4.3,1bd843e7f9464231fd6b9314cb092476
3124,60,2017-09-15,retraso_trafico,1.0,4.4,c2be39a9987d992896de790f005d1bf4
3125,53,2017-11-26,retraso_trafico,0.7301,2.0,6bda68469cce9437d05014ddb8d915fd
3126,58,2017-09-17,retraso_trafico,0.7981,2.2,950863e2e170cafe0f1363b6debbf73c
3127,19,2018-02-07,condicion_climatica,0.9433,11.9,078631b9a61981e46492905d792730c2
3128,55,2017-11-14,retraso_trafico,0.9409,4.5,26ba119cb1ecc9d4a697d0c6e077b88e
3129,9,2018-02-23,averia,0.9422,20.3,61b40f2b303f6b312a3563e508baafb7
3130,35,2018-03-19,averia,0.7141,17.6,055ad36ee30e9948bbe9baba852913b2
3131,33,2017-07-09,condicion_climatica,0.985,3.0,8647ff7e5f9536a33f5e6fd7f2c08d2a
3132,41,2018-04-08,condicion_climatica,0.8495,6.4,50997e4944fb68c2da4386a8dedbd498
3133,47,2018-01-06,retraso_trafico,0.794,4.0,5c72a1e93e4f43b00cde64df569c2155
3134,46,2018-05-09,averia,0.6534,4.7,161743a94abde3599def5bdce166684c
3135,15,2018-03-16,retraso_trafico,0.6879,1.8,50dfcf67e810d36666fa94f1a77c6d49
3136,57,2018-05-15,retraso_trafico,0.7166,5.6,7aa8c781677d995a032c4a4a9e60eb2e
3137,15,2018-04-21,averia,1.0,13.6,92c6c7adf4c5b367d2da122056510dbd
3138,17,2018-02-19,retraso_trafico,0.9366,3.7,4a778bf83b14e5f0f74e35bf9dea4a7c
3139,7,2017-04-08,averia,1.0,6.1,44d316d2e1eb305ec56acf91ab65b82a
3140,53,2017-09-26,condicion_climatica,0.444,6.6,713631547f1e4dbf7d1a05eb38012815
3141,1,2017-12-20,retraso_trafico,0.8537,4.8,4d59ce1e8ec1c68f4c79068eb19e1edb
3142,13,2017-06-29,averia,0.7294,11.1,74eba88c228b81196e604cffff7b4fe0
3143,35,2018-07-20,condicion_climatica,0.9422,9.3,b9a505c23bb00c07421e4ef2c9381e5b
3144,33,2018-06-01,retraso_trafico,0.7941,1.1,106b93e7196f2acfb1f73a326770c843
3145,43,2018-04-08,averia,0.4833,8.8,9ac2a680b00d51b787bc374700055ca7
3146,49,2018-08-16,retraso_trafico,0.9383,3.1,00ad1a02d4d9decad15c7e8f8a9470cc
3147,35,2018-05-07,averia,0.744,7.0,1712eb2031d48d8ea695b82d52759888
3148,36,2017-07-16,falla_mecanica_menor,0.9371,3.1,9783d3dd1819fa6e14a26427b1989137
3149,60,2018-08-20,retraso_trafico,0.5002,2.8,70462ebcf26934be8bd0327d2e6103d3
3150,8,2018-02-01,averia,0.9095,17.1,4e9090d70e1791a51c8068f0365965cd
3151,47,2018-05-09,accidente,0.9896,26.4,d2b4111f671e5684fce7ed930aca23cb
3152,41,2018-03-22,condicion_climatica,0.0164,5.1,52a36877de4e2af3ed6280b29d6e9ecb
3153,31,2017-06-15,averia,0.5807,4.3,fd03ffe30a095fcca266721a91c74266
3154,22,2017-05-19,retraso_trafico,0.3916,3.3,9d3c59fdcbaa99d6857084449b8aacd3
3155,10,2018-03-27,retraso_trafico,0.7724,6.0,3de8c740a547c348fa59a160d9bd7a6e
3156,16,2018-04-02,retraso_trafico,0.6526,3.8,b324f4270850cbba23533b9a9d3434a9
3157,55,2017-09-22,condicion_climatica,1.0,10.8,a8224a3529e84b453dd1681ad5788e61
3158,31,2017-12-17,condicion_climatica,1.0,7.3,96f4cc5fae35d1144e51ae9aec601f4b
3159,4,2018-07-01,retraso_trafico,0.2169,4.1,fdef371165dea256526258defc0b326d
3160,22,2017-03-13,retraso_trafico,0.7079,5.3,1c6455382944f30b6a7128f9747cef97
3161,24,2018-03-10,averia,0.6622,15.5,e6a006d997a8902ad7c42ec5719963b7
3162,34,2018-01-27,averia,1.0,21.1,b00226019e5bae10bcb0b8ee041e96d4
3163,29,2018-02-04,retraso_trafico,1.0,1.0,876b3ca0fca7f369345f61f3f526a5c4
3164,19,2018-08-06,retraso_trafico,0.9446,2.3,08bf457a7ecf8ba28efb48f0add11cca
3165,48,2017-02-23,condicion_climatica,0.663,2.9,e2e85885a15f712ba00eb35cf5be7cfd
3166,33,2017-07-08,condicion_climatica,0.4316,5.0,64c4cb66d0d00f017802b2f46c80f74c
3167,57,2017-12-21,condicion_climatica,0.7661,4.1,aa3d4b2c0fb6da178364768f0d3008f2
3168,60,2017-11-24,retraso_trafico,0.854,5.4,b1b0b7314cdf43b80c205664d0199dcb
3169,6,2017-12-04,retraso_trafico,0.6396,4.2,ef2cace7e3c2895b51eae5d230ea336b
3170,15,2018-02-05,retraso_trafico,0.5111,2.2,5232f488a9969383f13b33b2b78731d5
3171,58,2018-04-29,retraso_trafico,0.6939,5.1,8cfb5fe387c2ba3ce85ce201d35a5c30
3172,10,2018-03-24,retraso_trafico,1.0,3.3,38368e3cc7bcd7d57d5a815dc677b3e6
3173,22,2018-03-20,averia,1.0,9.5,18ed15b7c2fadc5faa4db7a9f24d7d61
3174,8,2018-05-27,condicion_climatica,0.4484,11.1,4087849bcc671e4fd0e10770daa7bff2
3175,38,2017-10-04,retraso_trafico,0.8749,2.1,e74fc2142d294fafad4237ffd8b034f9
3176,35,2018-01-02,accidente,0.3497,36.8,2718df8b2c0fc264750dd28232e31eff
3177,48,2018-05-26,averia,0.7954,13.5,07b79f0a3ce4734c9f80f8f932ffd4ab
3178,42,2018-07-06,retraso_trafico,0.6675,1.7,78008d03bd8ef7fcf1568728b316553c
3179,12,2018-02-21,retraso_trafico,1.0,5.6,917b7a118e4b00772ecde85cad8b27d6
3180,19,2018-01-29,averia,0.25,13.2,798b1ba562e78509f5647f85928f069c
3181,24,2018-06-11,condicion_climatica,0.6225,2.6,6c8dc9b7ff1a1e35349382fa962de9fd
3182,52,2017-09-02,averia,0.3655,15.1,b8bf848cf366061f0e9555337da2a9d6
3183,24,2018-07-10,retraso_trafico,0.6102,2.5,330e2bf62773e756f26a7b39ca758c08
3184,2,2017-06-18,condicion_climatica,0.9614,3.7,b56a08892adc73d4813e06c3e62f6bfb
3185,56,2017-11-01,accidente,0.6837,26.3,9018667e72a0eed0c3ce4466639139db
3186,30,2018-03-30,condicion_climatica,1.0,3.6,e87eae32b47767da815139559a6ec52e
3187,6,2018-01-24,averia,0.8781,21.4,89dfa3424af84d352b23e927753fcc2a
3188,1,2018-04-07,accidente,0.768,24.0,f93e43e1c7ad8105d4644ca79c6ffe21
3189,34,2017-12-29,averia,0.9249,12.8,0d45ab2386ccad30dbd572201b2a70c9
3190,29,2018-03-05,condicion_climatica,0.8441,2.0,fba65f440e70a49fc76b781c48ca3e62
3191,42,2018-03-07,retraso_trafico,0.6027,2.7,9646824929f3639e4b1733a40e3ae25a
3192,10,2017-06-12,retraso_trafico,1.0,5.9,464a1b1092ddca5bd47cac2e7a0fa2ee
3193,20,2018-03-16,retraso_trafico,1.0,1.3,73b3f1016ed8574c8260d57ac56522ee
3194,19,2018-05-27,retraso_trafico,0.9065,3.4,9934c4532c0567cd2210f7fd9041bcb7
3195,10,2017-10-08,condicion_climatica,0.7926,9.1,0bec9641279215e466966512f6b444cb
3196,20,2017-02-08,falla_mecanica_menor,0.5374,2.6,7f97f025c45cac922275120fdee4e062
3197,49,2017-03-18,retraso_trafico,0.9409,4.9,e6a1e246119f970eea939974b1ea7651
3198,51,2017-11-29,falla_mecanica_menor,0.4671,3.2,372eae5bd782b2b5d308bb2d2f5e49af
3199,22,2018-06-08,falla_mecanica_menor,0.8905,2.0,b9866b0dfe289f3a7f15e190b0283d34
3200,19,2017-06-26,falla_mecanica_menor,0.6057,2.4,89deea851a216c7ca2da994e5799c9b0
3201,38,2018-04-30,averia,1.0,14.4,df8b7f153141f7be72d422ecae000dac
3202,34,2018-02-22,retraso_trafico,1.0,3.4,81f0dd14eee4b51169dae95b267a199f
3203,36,2018-01-18,falla_mecanica_menor,0.6592,3.6,79186d3a09b1799222f2860be082e832
3204,7,2017-09-03,retraso_trafico,0.1841,4.5,29a5e96ed1133228a266d52f12bcba32
3205,36,2017-05-11,averia,0.7015,4.5,6db6ea05fce4b5694e9c6e6afaddfe4c
3206,22,2017-06-28,condicion_climatica,0.5015,9.0,84bcc016602d9c00bc5178837cacf7e5
3207,36,2018-01-21,condicion_climatica,0.896,3.0,03e4b19921428d651853f2935176e951
3208,29,2017-12-12,averia,1.0,5.0,7ca1ad2143cdd9d02d4d9c1fe9656f4c
3209,60,2017-07-01,retraso_trafico,0.0266,3.1,c1784064d438058cfda657db328c5057
3210,57,2017-06-23,retraso_trafico,0.7856,5.1,358a4d03ca7ff11e1005742a0fac54bf
3211,42,2017-12-13,averia,0.9039,10.4,513b9e2bda619338700b04bdfc97f0f4
3212,34,2017-11-03,condicion_climatica,0.4718,8.7,a596dd0667e64089cd1c927aca8a3bf7
3213,48,2017-10-11,retraso_trafico,1.0,3.9,86f781e4906cef14d537d4e6b205afbd
3214,59,2017-11-28,retraso_trafico,0.7466,2.2,b3786fe1fdaf726bc9e7a5a9138f4cb6
3215,49,2018-01-19,retraso_trafico,0.7266,1.7,86a06021035571b058d6c172b0fae435
3216,33,2017-08-15,retraso_trafico,0.6816,6.0,ba7ba0ff040d6808492c4456eeb13730
3217,34,2017-06-15,condicion_climatica,0.5743,9.5,cb6dff9394d43eeebcff3c8caea9375a
3218,33,2018-02-06,retraso_trafico,1.0,2.8,b74bc3b933611bea834fda513928328e
3219,51,2018-08-09,retraso_trafico,0.7938,4.6,323dc5a41f87be5d3e726a2cd303e6ea
3220,9,2018-06-17,retraso_trafico,1.0,5.1,f9030dd093087acc37d712775c8797a6
3221,50,2017-06-14,retraso_trafico,0.9298,1.4,f84774cb3dcbf3aa3ce51aa77d0f5ddd
3222,47,2018-04-12,retraso_trafico,0.0,1.4,4ece3211dc7b96c8b646fa8a727039e2
3223,8,2018-04-29,falla_mecanica_menor,0.4931,3.3,dac5565e9e4cc5f3bd66470ed608c95c
3224,49,2018-01-13,condicion_climatica,0.828,8.8,13252181a93b4bad74b1611626df60cb
3225,19,2017-04-03,condicion_climatica,0.7086,2.5,49123f75e5d9507cec9455b2ed989913
3226,13,2018-07-16,accidente,1.0,18.1,ae0df271cb3c9838b323a5764478703c
3227,29,2017-02-18,retraso_trafico,0.5325,2.5,a63205aaf6fff889c9499f4cb08e3696
3228,26,2017-09-16,retraso_trafico,0.6387,1.7,fd05ef579e1c9eac0e68b75b7c7ec5b1
3229,25,2018-06-01,retraso_trafico,1.0,3.0,e6e4672e14ca0ff3cbdf2e23e1d6cc30
3230,53,2018-04-24,condicion_climatica,1.0,10.1,615915458e5cdf8939ae422e043ca879
3231,13,2018-02-17,retraso_trafico,0.6823,1.5,b6af24208d3b5b07c4f1bbbfb57dd8c2
3232,58,2018-01-20,condicion_climatica,0.9046,8.0,efc75f1677aeaa527dfe4cda208338c2
3233,24,2018-08-05,retraso_trafico,0.2786,5.0,9a50f016b349f16c4b2e42a4be02d1c3
3234,2,2017-02-18,retraso_trafico,0.5571,1.2,5047f709b6661ac4e79c4818271ee799
3235,49,2018-05-18,condicion_climatica,1.0,9.0,57c6f2325e3b62bc7b43fd0b38d8c200
3236,27,2018-04-16,condicion_climatica,0.9725,11.7,48355743de20d2abaed10440296594e5
3237,55,2017-08-24,retraso_trafico,0.7594,2.6,53fcc6acefb2363ea775e316c810677b
3238,13,2017-08-01,condicion_climatica,0.9942,10.3,782c3666584e68ee1fe25859e30cfbe8
3239,29,2017-08-30,condicion_climatica,0.4977,9.4,831b5d6b49354f211585641a51a48ec2
3240,46,2018-04-11,retraso_trafico,0.1443,4.4,9676a8d4d68b73a967fedb5eb0d82c21
3241,42,2018-03-26,condicion_climatica,0.7084,9.9,596761153565279406f3f9ee6ee947e2
3242,39,2018-04-21,condicion_climatica,1.0,3.0,598296af46cba70d254fa0f069b79ab6
3243,14,2017-05-19,falla_mecanica_menor,1.0,2.1,79bb1292df7d62fc35c5121cf94216dd
3244,51,2017-11-24,retraso_trafico,0.9692,2.6,9bb64540c8b861abd76559cbf18a9230
3245,33,2018-01-30,accidente,0.4792,20.7,9e05a5c7ef1a7074746243745a430219
3246,20,2018-08-04,retraso_trafico,0.4794,3.9,b5590da0e1ed55750c6f09988b5935a2
3247,2,2018-08-10,condicion_climatica,0.8602,2.6,f4c87e038db78ef275deab58f19e5bd2
3248,31,2018-08-07,condicion_climatica,0.7187,3.7,87c883900b2dc61189bb316c6c00250d
3249,2,2017-12-09,retraso_trafico,1.0,5.7,968cb4fb4acbc42bc8ad87fc3caba34d
3250,9,2018-06-07,condicion_climatica,1.0,9.8,555e60e282181725debc9eb2d69fda3f
3251,6,2017-10-27,retraso_trafico,0.6988,3.8,84ea54523a2ce54a924e159fff3affd7
3252,12,2018-04-12,retraso_trafico,0.734,5.2,8136bf2406388feb89749d0801840cbc
3253,34,2017-09-15,retraso_trafico,0.6179,2.4,5cd162546fa462ea71132e5419ab9f09
3254,44,2017-06-21,condicion_climatica,1.0,11.9,a2ddc3a9833596493103ec4890b9871c
3255,27,2017-09-16,falla_mecanica_menor,0.2253,3.0,c2376b3688a7b2bad91daeccb5097ffc
3256,10,2017-06-05,averia,0.8511,14.4,874b937415e8afe58b77b9935e5da04b
3257,57,2018-01-31,averia,0.7598,13.6,d7085875e0a68ee25df2db4f1ec9fc61
3258,19,2018-07-29,falla_mecanica_menor,0.9078,2.7,8f0057f230f19e9f7ad1a5566ef6a980
3259,8,2017-12-04,averia,0.9568,22.8,236d48ee787db9dbdc37e40df613cc92
3260,22,2018-02-09,falla_mecanica_menor,0.9888,1.6,fc133aaee8b52f75e07158ff2b65a5d5
3261,40,2017-11-18,retraso_trafico,1.0,3.0,efa247c04ccbd33d0ddfdcd3817466a9
3262,57,2017-11-14,condicion_climatica,0.7354,4.1,d9f01bcaf3105a86a53c477e4c3b7607
3263,7,2018-05-03,retraso_trafico,0.2536,2.8,5b3a63257bc1c61c9dd42f9b52df223f
3264,41,2017-12-25,retraso_trafico,0.5683,1.5,5766618ba4b6f3761f15ffb639a89aac
3265,24,2017-08-15,falla_mecanica_menor,0.9677,3.0,81bd091401a83e4114ffd21efc7d0a9e
3266,31,2018-04-03,retraso_trafico,0.9005,3.6,c1d47bf45869556f656d75e071338018
3267,6,2018-07-22,condicion_climatica,0.595,7.7,1349d7f4ec671ded42f2360828965692
3268,57,2018-04-13,accidente,0.8031,17.2,eda1d5c35a11575cffaa3e0fa9d0cd5e
3269,34,2018-08-20,retraso_trafico,0.8616,4.2,c5b438d2be9a4bbfd2b0611d477a24b3
3270,53,2018-04-26,averia,0.6055,9.1,502e5055c2b73646d58038d1ece95cf1
3271,19,2017-10-03,condicion_climatica,0.8519,5.5,ef041ca26484a13a31e77758edcf34c5
3272,32,2017-11-21,retraso_trafico,1.0,1.4,153b80864a22f0638fef4339488a2cf3
3273,2,2017-05-27,falla_mecanica_menor,1.0,3.0,6ac9d94329142fa9ed71e07690e9249c
3274,12,2017-10-10,retraso_trafico,0.7761,4.8,bd0ece9767b9088d339d9f68ed6a4738
3275,9,2018-02-06,retraso_trafico,0.8391,3.2,a79f369e816d39951d6f26ef65842903
3276,48,2017-10-22,condicion_climatica,1.0,7.6,8f629e5e6b53ef4c1a6fecd77dea0b27
3277,4,2018-01-26,falla_mecanica_menor,0.7463,2.4,92636fba2bec02c660ed866c0ab6f4bd
3278,34,2018-08-18,averia,0.7966,4.9,b9e84c5345afe0d23623324665a6df5c
3279,33,2018-02-16,retraso_trafico,0.3987,6.0,654d7c4edb2db36fbde5f35f50a02a83
3280,13,2017-12-02,retraso_trafico,0.9982,4.7,769c9e627636f4041274ad3cf6b94fd3
3281,55,2018-06-03,retraso_trafico,0.8375,2.7,fb8705064d6146e5fdc372b0fc2bf60a
3282,26,2017-12-11,condicion_climatica,1.0,11.6,bcb993ae0fa8c8f08fb79b6ec87df917
3283,53,2018-05-28,retraso_trafico,0.7936,3.2,e83de4d40102eb9d76e227fdafff7548
3284,60,2018-03-23,condicion_climatica,0.5903,3.3,669babbcc5a7d69089e009a0be4899d1
3285,50,2018-08-12,retraso_trafico,0.609,1.9,d83d299f99cc0cc92038c685c73f60d6
3286,22,2018-03-26,condicion_climatica,0.6294,6.1,a1147112afc377c2361f5b27f17675f3
3287,31,2017-02-11,accidente,0.0,42.8,f5c948dcc066017d10fd2dd3d01cea6d
3288,24,2018-07-20,retraso_trafico,0.5218,3.2,e02e125437cc2226be342ae222e83a15
3289,18,2017-06-19,averia,0.4546,23.9,38c0ff8cba12452ea772d687ec01ad56
3290,33,2017-02-04,retraso_trafico,0.4977,3.0,dc17c17282032d56b1ca7dfbb291cf07
3291,51,2017-06-03,condicion_climatica,0.2782,2.8,11bc240af3d9e1f77218715480a65b77
3292,37,2018-07-06,retraso_trafico,0.3979,4.1,25876bdef3cecd304a7be7b88c6522df
3293,23,2018-02-17,averia,1.0,5.5,6abaad69b8b349c3a529b4b91ce18e46
3294,24,2018-07-07,retraso_trafico,0.9914,2.8,ac81fb6face0af1b93e2a059ad7b9f23
3295,34,2017-03-10,retraso_trafico,1.0,3.4,7524b4a4e4f4bc62cbc028b40f1e7445
3296,29,2017-12-06,falla_mecanica_menor,1.0,3.9,85a0537b1cab74ec5a1525c3e60c6467
3297,35,2017-12-14,condicion_climatica,0.5407,6.0,0c3edd1850a593f62fea844191a4424c
3298,5,2018-04-14,falla_mecanica_menor,1.0,2.1,07f5b36b83b8a405657140cc50c0a1f9
3299,45,2017-09-10,falla_mecanica_menor,1.0,2.6,52f89521400b32703e434cd646403475
3300,32,2018-08-05,condicion_climatica,0.738,2.4,a0bb81fda7cf88b07f9a884c1be7ba64
3301,33,2017-07-08,accidente,0.9517,18.4,a5db68fbdade236961fa0c90c8264898
3302,30,2018-03-25,averia,0.9251,15.4,5c1b09b16e9d36654fedd10fab2b7861
3303,37,2018-05-10,retraso_trafico,0.9,4.2,25be22c7ea02446031d831e7b5dcd8b7
3304,42,2018-05-03,retraso_trafico,0.8506,1.8,b0930bbc1fdf3886c30a8066bb647148
3305,58,2018-07-23,condicion_climatica,1.0,3.4,75bbbd85d3373487642cee8e47902587
3306,60,2018-04-28,retraso_trafico,0.692,3.9,65bf80b7cf4363113089bc022bfef891
3307,22,2017-06-02,condicion_climatica,1.0,10.1,ffb47bf24e3f64dc0a2059a9181b976a
3308,50,2017-08-28,averia,0.8185,12.4,08bf75dcf867b9f13026785053e87052
3309,13,2018-08-25,retraso_trafico,1.0,5.1,d1e07e954814a237a314e375592363b3
3310,31,2017-07-13,retraso_trafico,0.8397,5.7,3a8841b93b2522714e4143cff4f54ca4
3311,19,2018-06-27,averia,1.0,17.7,3fa77b110b9ab22eac07c61566e1370f
3312,24,2018-06-03,falla_mecanica_menor,1.0,2.8,08fa8b49ff198d1332df4668087150ed
3313,43,2018-05-07,retraso_trafico,0.7666,3.1,971255ac71ca5ab5eccc94b177e081c5
3314,23,2017-02-21,averia,0.9507,12.7,f8b13ccfc06fd1baa3b0b9a9f1d368de
3315,2,2017-08-30,retraso_trafico,0.6948,1.7,343e0513a040565d012874605c433ca4
3316,30,2017-07-22,condicion_climatica,0.6196,9.5,7c5fc2c7ce20f9ea338589aa4fa568b2
3317,47,2018-08-04,retraso_trafico,1.0,4.7,3ba790c8d2e841929c346e8da5c6abed
3318,2,2017-07-22,retraso_trafico,0.1346,3.0,218de7dde39167d2389f3cfd479228b1
3319,34,2018-04-02,averia,0.7044,22.2,e4c01d7732af07fff2a3e083d93f0581
3320,50,2018-02-18,averia,1.0,24.0,b592b39d5b89b9a97358183e80694274
3321,4,2018-06-22,averia,0.8466,16.9,30dbde4bdf3bc12594c469bc67159a8d
3322,53,2017-12-18,condicion_climatica,0.7365,9.8,9d7df8739e1e4f14bec5bc3d090e1ab6
3323,50,2018-05-23,retraso_trafico,0.4798,5.7,47b70930d56276c49d6e642ed8cc70b4
3324,12,2018-03-04,retraso_trafico,0.4886,3.7,af61c5af747aeb578b7e5a08250ed6f2
3325,44,2018-07-17,condicion_climatica,0.6242,4.7,5bb8d2fbca419676d395687e28f5263b
3326,12,2018-02-28,retraso_trafico,0.9888,4.1,c2478e79c7727fe8e2b477e3d79ca802
3327,11,2018-06-14,condicion_climatica,0.6639,6.1,96b40b4538d0adf167b0e331257f7930
3328,34,2017-12-22,retraso_trafico,0.8192,1.5,b80185240ef710443ca7ea53cb1cbce1
3329,39,2018-02-28,averia,1.0,12.9,362c615940e6d0069585388110f8bab1
3330,22,2017-11-15,condicion_climatica,0.577,7.1,578d7094e744d84a1f539b5bf4aa4928
3331,42,2017-12-21,condicion_climatica,1.0,6.2,384552460d294e72bca84e0412609b8d
3332,53,2017-07-31,condicion_climatica,0.5598,4.1,0205c3dd6f4d8e348ee72fffd114fec4
3333,35,2018-02-18,condicion_climatica,0.3222,9.4,667a343388666e0ff92e3ae5fe3b727f
3334,40,2018-07-23,retraso_trafico,0.6241,3.4,dd1b512cf445a2e1d58c294c4d5093e2
3335,48,2017-11-17,averia,0.7356,10.4,c3341ac81d23f61418efcca37cff454d
3336,58,2018-01-09,retraso_trafico,0.801,6.0,33bb5c9c0285bb31b6c9cab48da62224
3337,53,2017-06-02,condicion_climatica,0.549,2.0,85fdee7959b5045582edb56a5ce523b8
3338,19,2017-11-28,averia,0.8092,18.8,283bf1118a872ce76471f83be536cdc8
3339,33,2017-10-02,averia,0.7278,17.6,d0e532f7dc3f516d8fcff81b062f05ec
3340,12,2018-07-22,accidente,0.8604,43.9,d793a2f7a07ce993cbdd2d6ffac8972e
3341,21,2018-02-14,averia,0.4221,20.2,41b939b480e02f40d24e6a2d5429f5c0
3342,58,2018-06-12,retraso_trafico,0.4793,1.2,23d4f61b839ef6570d6bc7210be91d8b
3343,10,2018-06-18,condicion_climatica,0.3608,6.9,e90e7c747cb478cb9b973c929c0994e5
3344,7,2018-04-16,condicion_climatica,0.7918,7.6,cb2ed75db8803d99a171c1056638ae9b
3345,49,2017-04-27,condicion_climatica,1.0,8.1,6cf76644c711a9290b56193c43685a77
3346,15,2018-08-03,retraso_trafico,0.5453,4.8,0a2820ea58a627b97ba956f38567cae8
3347,52,2018-03-05,retraso_trafico,0.5033,2.2,3e1897c6193a83db67bca47e9cd163f8
3348,17,2017-10-12,condicion_climatica,0.3099,10.3,3d9acad4fc9c38c213fea53a19562ecf
3349,47,2017-11-30,falla_mecanica_menor,0.8079,2.8,eca75747f628939976e814e7972bfea8
3350,13,2018-08-13,retraso_trafico,0.9549,2.2,edd9339c2bbb9d43caa9dd4984474273
3351,33,2018-06-25,averia,0.7511,21.3,6853ae5670c85a2bff0f46a53ab4c966
3352,50,2017-11-20,averia,0.7632,5.3,a77a982ca1692469b8cb436e570f3ea4
3353,19,2017-05-17,falla_mecanica_menor,0.8443,3.5,d884aeded7a463f237549f42945b729c
3354,40,2016-10-12,condicion_climatica,0.5426,6.4,67adba02e0955286954975ea56f9d17f
3355,23,2018-04-10,falla_mecanica_menor,0.5568,2.8,df906ca18e91f3bf9c6f0c2a41d54a94
3356,21,2017-08-22,falla_mecanica_menor,1.0,2.1,2edf35d55b806cc2d389c8008e0d7f27
3357,34,2018-04-27,retraso_trafico,1.0,2.1,96d88a64577266cc2aad81a6ec153d72
3358,19,2018-01-17,averia,0.6664,18.1,9cc3e50532214c8372b66872e49ccff9
3359,23,2018-03-19,retraso_trafico,0.7226,2.1,84b8aa364340ac5264c756bf7cb88c7e
3360,25,2017-12-12,condicion_climatica,0.4511,9.3,5fd085507aff13c4bf822411202b4757
3361,17,2018-04-03,retraso_trafico,0.4974,5.9,9695692d040abab63df40b68c2905278
3362,34,2018-04-06,condicion_climatica,0.7132,7.1,62f814c5cee70920ae8e265b400e8ba0
3363,52,2018-02-12,retraso_trafico,0.9424,4.2,e9d368c231d559667f6906ba8421d74e
3364,18,2018-07-21,averia,1.0,14.8,458f5a6d4163d5b6de33cda5ec82ef10
3365,60,2018-06-09,condicion_climatica,0.2028,9.9,7f167760bcfc10e6e7ae769837be536f
3366,29,2017-02-12,retraso_trafico,0.616,2.8,7d960d3f481b040257655876b44e79bc
3367,14,2018-08-26,retraso_trafico,1.0,3.2,1e8d091c9694d77f712f6540b7b54186
3368,37,2017-05-19,averia,0.7623,15.5,5417f73c560c9f52b1a22639681e14ab
3369,11,2017-06-14,averia,0.4279,21.0,660076a2409adb8d95d868172c055e4d
3370,13,2017-08-22,falla_mecanica_menor,0.9705,2.3,b75900fba7c6652e3dc7b6ad4160fee1
3371,25,2017-11-25,retraso_trafico,0.6761,4.5,2bb80d6b50b07a73fb5a18dffecbd3ce
3372,4,2017-09-21,retraso_trafico,0.3117,5.9,7b41dd01e9782f30bce07161d2780740
3373,25,2018-04-02,retraso_trafico,0.4904,2.9,4437322bbcfa3948b387f1e5e3801a24
3374,57,2017-08-08,condicion_climatica,1.0,6.1,4d87feffe740c5cd3c00ed67233c29dd
3375,48,2017-12-04,retraso_trafico,1.0,2.1,926282951ac5113c0a44287b4a30d5bf
3376,36,2017-02-23,falla_mecanica_menor,0.4354,1.9,3ff488af63223ea08fce4e9db03a82dd
3377,31,2017-08-09,retraso_trafico,0.8712,2.0,6b79c53cc0f1caf6aa3b3c6729cbaa15
3378,24,2017-09-11,accidente,0.4497,40.3,cc7608c05975c4f77bb4a033825096bf
3379,12,2017-12-01,condicion_climatica,1.0,3.5,213014b043512462e21606eccb1a4aae
3380,36,2017-03-27,condicion_climatica,1.0,4.9,484e00a4ba79a175cd91af90f5656055
3381,37,2018-06-09,accidente,1.0,37.4,08d862895d238cb8405dffe9b981df25
3382,27,2018-01-28,retraso_trafico,1.0,4.4,81c8c50f5b81cee4d6dab16ff25f5884
3383,6,2017-07-23,retraso_trafico,0.5256,4.5,82d1cc65b6ffc4c9eec8803be7132040
3384,1,2018-08-11,condicion_climatica,1.0,7.0,5eff879c2f04b5e1f7e9c72ae229f074
3385,53,2017-05-21,retraso_trafico,0.4745,3.5,adde6f841dc05dfe3899ed053001e5bc
3386,35,2017-07-27,averia,0.8072,12.7,315c80dae5ee1a5febcce0b470a821a1
3387,42,2017-04-09,condicion_climatica,0.6802,11.6,3c4eb32cdaf179f4dcd0afa93bb88783
3388,58,2018-06-28,accidente,0.8769,11.4,dec16dbd1d355316783dfd6844e61a2f
3389,24,2017-12-04,retraso_trafico,0.7941,3.2,402094e1d8f8b5f681f962bc2554345a
3390,38,2018-07-07,falla_mecanica_menor,1.0,3.7,240ead1a7284667e0ec71d01f80e4d5e
3391,46,2018-01-04,accidente,1.0,24.0,96c36d3faf307d34e6087d144458450f
3392,40,2018-05-03,retraso_trafico,0.9026,1.5,518a89db9918a8553dbc760454cc7634
3393,50,2018-08-08,condicion_climatica,0.6189,6.2,2a197a3a167970df77d91b94905578a1
3394,13,2017-06-01,retraso_trafico,1.0,1.7,2dad641c35a02f34b17ed17a7e2c1d0b
3395,58,2017-12-01,averia,0.4044,23.5,88298d252bed01a2c1f80676edc1d2b9
3396,13,2018-08-07,retraso_trafico,0.6878,5.2,dba5951df5e24339650c2552a565ad2c
3397,14,2018-02-19,averia,0.7159,21.4,6bbf71e04f4d0e748315be02506a1b63
3398,28,2017-07-10,retraso_trafico,0.3229,5.5,902b131c259343f5ed33793abe78e408
3399,2,2018-02-13,condicion_climatica,0.8794,8.5,fb5162f6bb1fae60905bc92d1f1c6e49
3400,10,2017-11-30,condicion_climatica,1.0,10.9,d2dee958cbda7c87cbc097cf2f5f6c1e
3401,24,2017-06-15,accidente,0.8399,30.1,9f3bb89658a46c809fdd407e86914f94
3402,4,2017-09-18,averia,0.9453,23.6,3c8876b8e5a484c81a1aa6c8bc4e65d6
3403,6,2018-02-28,retraso_trafico,0.1453,2.9,e7ce9b9f4c61af74340791cc36964dd8
3404,45,2017-05-05,retraso_trafico,0.9354,4.2,4d65b53f48c951380c38eb2aadc99138
3405,60,2018-04-17,retraso_trafico,0.6895,1.9,dbb56a8ecf60edb17a584daea927824a
3406,42,2018-04-11,condicion_climatica,0.8207,8.4,6be7ed9af3a3acaea3b1385c7bb83221
3407,9,2018-02-01,condicion_climatica,1.0,5.7,7a329b60eae7f23f2633872c2682bf88
3408,50,2018-08-01,falla_mecanica_menor,0.6253,1.1,945977d780700b75a6eb2ccd81566d4a
3409,10,2018-04-25,averia,0.8176,11.1,54544d34fc9df898bc9cf98c1ac24518
3410,17,2017-10-09,retraso_trafico,1.0,3.6,915a4d0a905468e4100c72daa427f02c
3411,24,2017-02-05,condicion_climatica,1.0,8.5,855729ceef5841ce6e1c564027caf14d
3412,28,2018-06-07,condicion_climatica,0.9378,11.5,0606be58306f48924f5b44a39cfab9ec
3413,10,2018-08-03,retraso_trafico,0.6605,1.6,5efadf4b12dd71ad2003ee3b7f2b24c3
3414,16,2018-06-30,averia,0.3532,18.2,5aadbda0877e0d99ba07f785cd29c362
3415,48,2018-05-16,condicion_climatica,1.0,3.5,f2941ef41efb5162199b15316b05ce3e
3416,59,2017-02-13,condicion_climatica,1.0,7.6,9eca84d28a0c3cd0746a25f588705d30
3417,58,2017-10-23,accidente,0.9486,21.1,332e264249f30a888b81bffd7a84e03c
3418,14,2018-02-08,falla_mecanica_menor,0.3957,3.6,a2fa7df5807485a55ac3b93295170f35
3419,60,2017-12-11,accidente,0.9724,36.6,26b6b4704db80d57e1bee54d1a453553
3420,52,2018-08-15,retraso_trafico,0.775,5.1,932c319ee28911384cce008c02f0b448
3421,4,2018-06-24,retraso_trafico,0.819,4.8,74e801561512a92bdc060773683b7a54
3422,60,2018-06-02,averia,0.8102,18.0,bb5229662821e68be478acdd18eea342
3423,37,2018-05-14,averia,0.4533,12.3,39b4d87886cd7b78ff949d84e49dbcbc
3424,38,2018-02-03,falla_mecanica_menor,1.0,2.2,759a74a7a49e86fff1f0f615c2bea8a1
3425,56,2018-01-05,condicion_climatica,0.9016,2.2,52523c7dd8787513f2acd8efc28cca18
3426,4,2017-10-12,averia,1.0,5.5,a8855ad9dbd6bd7a3fddd86f1ac4011b
3427,55,2018-08-15,retraso_trafico,1.0,4.7,c524e7bd2510f74fed9e94b894472306
3428,37,2017-08-13,accidente,0.6802,17.7,edf0616bd376b3416b676c10dffad049
3429,7,2018-06-19,falla_mecanica_menor,0.4577,2.0,3bd40e0c282b7b2b26cf8211b8697490
3430,57,2017-06-01,retraso_trafico,1.0,3.6,5446e615a50f372158d92b957361fecb
3431,2,2017-07-02,condicion_climatica,0.5497,2.4,8c1340adfa38dcce671b3e2eaece6cdb
3432,2,2017-09-13,retraso_trafico,0.7431,3.4,18f946a462c7b48981fb551535be4a74
3433,54,2017-07-29,averia,0.8246,10.6,b3729cd1670144c7b451137853e3f46a
3434,26,2018-07-22,averia,0.9957,9.8,bd02833fc86efad05af6d9d8cc4a8b3e
3435,2,2017-12-30,retraso_trafico,0.315,4.6,c054ae148086d8edf0f55f1dad0987e7
3436,18,2018-07-25,retraso_trafico,0.8515,5.0,a2537ce2ae2da31262ec49c1b83cfc78
3437,38,2018-07-20,retraso_trafico,0.8269,3.8,c2538621b0075c4349e5a100e773f9b5
3438,2,2017-09-30,retraso_trafico,0.562,2.4,652e317bb6d649095346bf24ba207c15
3439,18,2018-07-24,falla_mecanica_menor,0.7326,1.8,cc0482c9c30742e1f8ce96e0e1cebe07
3440,43,2017-09-14,retraso_trafico,0.9715,5.6,950bb159eea525ff8947b92c93b02f8e
3441,60,2018-04-12,retraso_trafico,0.8217,4.2,1116c22b8ac5fd55755a1357d17cb070
3442,43,2018-05-08,averia,0.8989,10.0,ed12c1acf2aa565658a1353aa0443768
3443,36,2017-11-29,averia,0.8396,5.8,b9fbe4b4e0e872ccaa4e477d2a4751a3
3444,9,2018-04-10,retraso_trafico,0.9207,2.5,b337ccac04e3f93847d718df9505597e
3445,48,2017-06-12,falla_mecanica_menor,1.0,1.9,800041272b068eed258fd7c9120a26f4
3446,59,2018-03-09,condicion_climatica,0.8823,8.8,e8aed7e2732f05f26379ccfdd493be62
3447,38,2017-02-02,falla_mecanica_menor,0.5496,2.5,a73a38a5eeac4ab94ef2bcbd90f92e43
3448,16,2018-06-06,condicion_climatica,1.0,8.4,915f541ee5f9fd7b10797945cfabf971
3449,57,2017-11-13,condicion_climatica,0.9979,4.0,169bbd065798362db04a47a4f8abf551
3450,3,2018-02-24,retraso_trafico,1.0,1.6,76a948cd55bf22799753720d4545dd2d
3451,24,2018-07-29,averia,0.8304,13.5,1e28e69f84e592969c53f666961fb156
3452,11,2017-03-09,averia,1.0,8.9,228f12f010b1363cba76e442bd378e53
3453,50,2017-04-11,condicion_climatica,1.0,3.1,0db1503ec6e7230c55407767f4e2cc5d
3454,4,2018-07-05,retraso_trafico,0.7493,6.0,5322755defeb2e8863500740172a082b
3455,30,2018-04-22,averia,0.6642,23.1,e2b6044bf56157198c939856a105b5ed
3456,57,2018-06-06,averia,0.249,6.3,4fc3e7aadb8db1172a7c3bbb29d6295d
3457,40,2017-08-21,accidente,0.5325,42.0,9ddf9aab4ecd8705edefb485abf28a36
3458,6,2018-08-04,retraso_trafico,0.6095,1.0,3cd1fc00785c7052ace31b764290e42c
3459,15,2017-09-26,retraso_trafico,1.0,5.1,c96fce6251b1af10a35cdf0675566dd0
3460,30,2017-06-14,retraso_trafico,1.0,5.7,6e3e15bde53821ada4e7c475f2f98dcc
3461,11,2018-06-30,retraso_trafico,0.7811,2.4,42d23fff3eee93c6c3b0ac65d3ca1e93
3462,38,2017-04-29,falla_mecanica_menor,0.5603,2.9,efdd2a16264f8e4d18564f8e7deb071c
3463,60,2017-07-26,retraso_trafico,1.0,1.6,468459668c11750c4d0a52b54045bf48
3464,8,2017-04-01,condicion_climatica,0.5222,11.2,df63ae0d0b2e5965b6c56834f1ed3ec0
3465,4,2017-12-16,averia,0.2445,20.4,7da444f9eb27358bfecfff2aa071e457
3466,17,2018-07-07,condicion_climatica,0.4608,10.1,f8e0d73a0d29119847eef26cb525bf16
3467,51,2017-03-18,condicion_climatica,0.8705,3.7,c86abff82c66f9db0bbd012aba219921
3468,25,2017-05-10,retraso_trafico,0.7741,4.0,eaaee645b1c3232e02feea76ef993a9e
3469,40,2018-03-24,condicion_climatica,0.7681,8.4,760e70b6d3136376633a2c6369da1c69
3470,7,2017-09-13,retraso_trafico,0.6505,3.9,387a1dd847da1460222bebfcd7c2c7ba
3471,36,2017-09-18,condicion_climatica,1.0,11.2,63033c7afa7443f6f4d862d70fcf413f
3472,8,2018-07-22,condicion_climatica,0.897,8.9,ca37c8860a109a0908b33aa5e1d2f2bc
3473,2,2018-03-09,condicion_climatica,0.8078,6.0,b622754849d8831e9fd50f34f6b9a88b
3474,37,2018-03-11,retraso_trafico,0.9841,1.4,51b49289046dde9892d02a06418f6b89
3475,33,2018-03-05,condicion_climatica,0.8871,6.7,bd93260007f883f2ee0594503add3025
3476,50,2017-09-19,condicion_climatica,0.9689,7.4,a3a3b0aaa23eddcb93f63fad71f13391
3477,57,2017-10-03,retraso_trafico,0.519,3.8,899cdd988dd7bab43d5ed87329a96dd2
3478,45,2018-01-24,falla_mecanica_menor,1.0,2.6,f77ea394864509e417418362e526ce60
3479,43,2017-07-13,condicion_climatica,0.7406,6.3,cc06f04e742657f674ab020cdb9ab887
3480,6,2018-05-20,condicion_climatica,1.0,11.7,172ce73720737cdb83fcfeca26ed4d70
3481,51,2017-05-08,condicion_climatica,0.4217,4.4,a487f3a5b2b3e028ef50c93210a69e71
3482,51,2018-08-01,averia,0.5355,14.6,b7c03d21bfaf98c81b21dd94e82d0391
3483,42,2017-10-11,condicion_climatica,0.8474,6.1,d5baf4bcffbda9d8bb2f9ee4e942c90c
3484,47,2017-11-07,averia,0.4239,16.6,403ed75cff50b04645c2414360fff7b6
3485,56,2018-03-27,averia,0.7418,6.9,37b53df6076f992c15ff3316a0602a3c
3486,20,2017-08-10,falla_mecanica_menor,0.9694,1.7,ebcb5b268095abb9ff8739f83b939864
3487,30,2018-06-13,retraso_trafico,0.788,2.7,4598f231b79970cbd4afa2bc692068cb
3488,41,2018-06-22,retraso_trafico,0.9139,2.9,4da691562dbd0818d7655eeb6dc1de84
3489,35,2018-06-24,falla_mecanica_menor,0.9463,3.5,8394892177e59c9293914e83fe4c4dfe
3490,27,2017-12-13,averia,0.541,17.1,6c575369cec00e2f8bd918f14c1fc0fa
3491,53,2017-11-15,retraso_trafico,0.8863,3.7,e75bd2f9adb46257d65d9e916355326a
3492,36,2018-06-20,retraso_trafico,0.5612,3.6,c190d3402592ee86d5e9978ced572730
3493,40,2018-01-22,retraso_trafico,0.4448,2.6,1db6b3e51590f33eb7c5f063687a8f2d
3494,4,2017-05-11,retraso_trafico,1.0,5.6,7beb8dfe9d03e7b0b7d7b811842a0fc0
3495,22,2018-07-25,accidente,0.7621,46.9,219d7856c8969f8f7087ffe19ae28a36
3496,12,2018-06-09,averia,0.7358,6.8,bb18a7304967722c7cef28dff0a916ed
3497,55,2018-06-21,retraso_trafico,1.0,1.4,63f040d4a7b09c928627e309f6c17552
3498,11,2017-11-08,averia,0.9181,21.6,acbe08c609ccb7901159882c5a558cfa
3499,48,2018-08-18,condicion_climatica,0.7331,8.4,be1170e8310ba4a85f3bac68de9f9acc
3500,48,2018-06-22,averia,0.4054,12.7,e4309eeca1cfe3c6df5a187c38817a5c
3501,16,2018-08-02,retraso_trafico,0.4724,5.9,0e8a52f34b055d2027ea7807c20119c4
3502,37,2018-05-16,retraso_trafico,0.5365,4.6,7b374a3cd8b325fd49e6789ccfa88639
3503,19,2018-04-25,condicion_climatica,1.0,4.5,9447fa0766ef67494824cbbdc2d58bcf
3504,43,2018-08-26,retraso_trafico,0.6227,3.1,b2bee079651c0bf6a1a92b39c2dbe5cf
3505,32,2017-11-18,averia,0.6423,20.0,ddbc3c65368eb9c4bcb2f1dc4feaea56
3506,40,2018-07-29,retraso_trafico,0.4096,1.9,45c5f1ab99efdaf580f4d57769aee540
3507,9,2018-08-28,accidente,0.5148,46.1,20db59f6705840a0ce5c76b77487ad03
3508,23,2018-07-19,condicion_climatica,0.5612,8.5,a5e8bd40b3d57b6a26a1e79bafcae9ea
3509,33,2018-04-18,falla_mecanica_menor,0.4468,3.0,68005513d670f9fc899928aed4963d22
3510,41,2018-01-07,retraso_trafico,0.9956,5.8,14983a8e9fbbb6ec172cbfcdc13aa291
3511,31,2017-06-28,accidente,0.817,18.8,d4f1f8bb167c14ceae69adb36c2634b2
3512,51,2018-04-03,condicion_climatica,0.8679,4.5,11353d8c2550bd22ef8c18735c303f5f
3513,31,2017-12-05,condicion_climatica,0.5129,5.8,4125f12333bad3b4866e6145396cf2b1
3514,4,2017-10-13,condicion_climatica,0.6598,7.6,1aca9e580244f9953137f85a9eb5d143
3515,4,2018-01-22,accidente,1.0,40.0,f5fd5a60ecd5d154ea3e307e70188123
3516,25,2017-02-21,condicion_climatica,0.6184,6.9,c5b8cd8bc7a66f7e451018f7eb332b76
3517,39,2018-04-30,condicion_climatica,0.8849,5.8,b1c87cf3c9ac90d18dbf33b6a5c32d83
3518,4,2018-08-28,retraso_trafico,1.0,3.5,499a762fa72fde835e39b03db3b95cbf
3519,1,2018-04-02,condicion_climatica,0.5884,11.2,807a4c5f5dab3090fbad1dd16140f706
3520,41,2018-07-31,retraso_trafico,0.7971,4.2,0d92f9c47e96d946ca421dd3ea531b2a
3521,22,2017-01-31,averia,0.9471,18.2,65e96eb0ec0c05756d035e9eb8fce071
3522,55,2018-08-15,retraso_trafico,0.7481,5.0,3720597f28a3c3c4dd7e603f98e67af1
3523,40,2018-01-31,retraso_trafico,0.7386,4.5,71ba7b3f5aca19e723b21de8b67fc3a3
3524,36,2017-10-16,condicion_climatica,0.9702,3.2,0286e258217733541e80588e29c208c1
3525,1,2018-03-12,averia,1.0,5.8,9c023f649696f2561725807e212a584d
3526,29,2018-06-05,averia,0.5882,20.3,3a9ba7770cd43147a6d152187d05be65
3527,57,2018-08-04,retraso_trafico,0.7064,2.1,b300e160f5892169bafa006e670a43f5
3528,32,2017-03-23,condicion_climatica,0.6948,3.4,830e68f85c573a0b3ad78cc4915e0fcd
3529,54,2018-04-09,averia,0.3351,17.1,d9715bd8635503e2e6bf01a078df8c10
3530,49,2017-10-29,retraso_trafico,0.5057,1.2,fa710f5c53997c4bbed66aedea46a917
3531,41,2018-03-31,retraso_trafico,1.0,4.3,7ca7a07f7d966253bdf088730665e423
3532,24,2017-12-26,retraso_trafico,0.8011,1.5,b1e3487949a5a179250f5e81214578e6
3533,58,2018-01-21,accidente,0.9364,26.5,522649ba1f9bbb27383b7e8dcd92e746
3534,54,2017-03-04,retraso_trafico,0.92,2.2,ed03eb86a3fefd1113fbaece583c1e76
3535,34,2017-12-11,averia,0.717,5.0,834e9097bcd25d276e01695c82562ea7
3536,40,2018-06-10,retraso_trafico,0.9315,4.5,a017bed18c5f129119f36a92642a1cc0
3537,7,2018-04-04,averia,0.5323,19.0,e4a25d24b8ace6dee14556ace31e9ff2
3538,20,2018-02-15,retraso_trafico,0.6862,3.9,fa9832914e7afeaf41fc9fbda5ca335f
3539,42,2017-09-30,averia,1.0,13.2,43cf87bce9a2df259cbe04f3effece28
3540,8,2018-05-13,retraso_trafico,0.2307,1.3,4bad08b56f16face64a87351f339d728
3541,16,2018-04-10,retraso_trafico,1.0,2.5,b316c449e8b0f35e4766fcb0583fcb20
3542,16,2018-08-02,condicion_climatica,0.6292,10.9,f478f5a8d328a5e473e8c09106bfb312
3543,22,2018-05-19,averia,0.6674,16.6,f67f6b887c390a91e5077e54f3fb5823
3544,40,2018-04-03,condicion_climatica,0.6373,8.9,3a336bcc0b32d1c0af48b63419314ff5
3545,35,2017-07-11,averia,0.9815,6.6,bac0803bc0669a1e85a35ce2acec9348
3546,25,2017-12-04,falla_mecanica_menor,0.4362,3.0,fe651d656936812bc74e091ac78fd844
3547,5,2018-07-09,condicion_climatica,0.6328,3.5,4144eb32a48743c5f18f443d704fbdb4
3548,33,2017-08-18,retraso_trafico,1.0,3.6,846d9f177cd197194d2933fdf0dcc68b
3549,8,2018-05-16,condicion_climatica,0.3674,4.1,0bb77e62d791c3e5b009815ac19825be
3550,31,2018-02-02,retraso_trafico,0.8307,2.2,4b2d035932915aa9c2a0d4d84cd6d3b0
3551,33,2017-10-20,retraso_trafico,0.8283,3.4,dbe73e59815a2106ffcba61fa14592e9
3552,43,2017-11-25,retraso_trafico,0.7828,3.5,b6d5def32b42c4da4683c57a8e43fbbb
3553,1,2017-12-01,retraso_trafico,0.8242,4.2,0d5e83d654308d73e110119ef237b375
3554,6,2018-08-05,falla_mecanica_menor,0.8114,2.9,a2bb1bcee7e5d4f4cd507e33d3e2cef9
3555,51,2018-04-07,condicion_climatica,0.554,8.5,b408f4a2019ebaf05a37c861b4c611bc
3556,7,2017-12-06,retraso_trafico,1.0,3.0,442ec78ed357a4b45b7a0a5b67c2f050
3557,25,2018-03-12,retraso_trafico,0.8195,3.8,5046ecbc1ce636485cc146ddd706a55b
3558,29,2018-01-27,falla_mecanica_menor,1.0,2.9,e1b095573ee9260b571257f2ff8a4798
3559,60,2017-12-02,retraso_trafico,0.5624,2.6,c401e0f907a3a0912a86473918b3aaa0
3560,41,2018-01-11,accidente,0.7278,23.3,2ab88224f93f4cc491bf62def6bb9bd0
3561,55,2018-02-23,falla_mecanica_menor,1.0,3.4,41fd6d7314a043c3efb80fa61af305a2
3562,2,2017-07-01,averia,0.8827,12.5,2681f4e9d333e5795a30836c81340c85
3563,14,2018-08-07,retraso_trafico,0.8444,3.4,74599b2f01a4dc2150e3e9c9d8ecab7f
3564,52,2018-07-17,condicion_climatica,0.8324,5.0,18e31cb8bc58dab57503adbfcf9426df
3565,52,2017-10-02,condicion_climatica,0.8715,3.8,63c1f65a4171fb69929e4fd2652f5617
3566,51,2017-08-08,averia,1.0,21.6,dd7e0efbe1cde6192eff0ea57a7b2888
3567,16,2018-03-29,retraso_trafico,0.712,4.1,62fd709303ada1fdabb94af48092000b
3568,16,2018-03-06,falla_mecanica_menor,0.2628,2.4,3b2306ebbd3f8e2923984f42b2c03228
3569,60,2018-06-28,retraso_trafico,0.579,2.5,21a3c351610b2487460c404bbbdbda67
3570,2,2018-08-22,retraso_trafico,0.5264,4.7,bd158f500dead88056547802d8fba362
3571,38,2018-01-01,condicion_climatica,0.7429,6.5,15d4f841b96cfb3f782523aa7a562b9a
3572,53,2018-05-25,condicion_climatica,1.0,6.7,875457c60d42163f5d8bc4b4e94b2412
3573,16,2018-01-09,accidente,1.0,41.7,9aff2e622002df9b94eb9255485fec96
3574,40,2017-09-03,retraso_trafico,0.7305,1.6,2739ecbc7e87995e0d2efb6f603f6c2c
3575,25,2018-08-02,condicion_climatica,1.0,8.5,dff351d499a7a16d302eb0c77d6fc100
3576,36,2017-08-18,condicion_climatica,0.4296,10.2,f62e6208120b502c087a5bbd9b2567e4
3577,43,2017-07-29,condicion_climatica,0.799,7.3,647c2286962851bb7b82d2238a2af37e
3578,51,2017-01-30,condicion_climatica,0.6234,3.8,319ccdc182a8c5d60b228310a6432460
3579,2,2018-08-25,falla_mecanica_menor,0.3841,2.3,7f081049d243d9a51d4235dfc310a73f
3580,30,2018-06-16,falla_mecanica_menor,0.9404,1.5,935a65ea45bc5c2692cdb3d0141941ca
3581,41,2017-12-26,averia,0.5276,17.5,64220eaa18136b28efa65c5af7519c3f
3582,57,2018-05-22,retraso_trafico,0.8071,5.5,141f7d3071b3a6ebbc34ea1454624e3f
3583,51,2016-10-08,retraso_trafico,0.6927,5.4,d2945e686c883978378a10e49be7fb24
3584,15,2017-06-02,condicion_climatica,0.8695,7.5,cea0364e8ea12a04f546c4dccc33d293
3585,50,2018-07-24,condicion_climatica,0.7492,8.5,7170c855b98cfed5dc82dc9e9b122b64
3586,13,2017-01-25,condicion_climatica,1.0,10.0,6f748695717d537b882406da58acefec
3587,58,2018-01-23,condicion_climatica,0.7887,10.1,01a3ee1c837fb57db23d898f0eb5111d
3588,49,2018-01-09,averia,0.3731,9.8,243e51c6daa403a763ee38c31ebdb883
3589,42,2017-03-28,retraso_trafico,0.81,3.4,ee042330f80b0d87dd274c9f9b29a46b
3590,52,2017-09-21,averia,0.6864,12.1,c39da54f19d2aa7b89667e4817f05629
3591,4,2018-03-03,accidente,0.2856,28.5,f942f4561527e662c38b37acfc493464
3592,35,2018-06-07,accidente,0.578,28.6,9036c3ce0a28353732668a2822a0a1c8
3593,51,2017-06-03,condicion_climatica,1.0,11.8,4ff17917a5050a11678d9af3fb12ef57
3594,2,2018-08-13,condicion_climatica,0.6199,3.8,f419e615bbdeb34741d4bdd661ff8599
3595,14,2017-04-22,averia,0.4897,13.7,e6fdd5628869deef14230ee582a7a4c0
3596,41,2017-01-19,falla_mecanica_menor,0.505,2.8,77c34615b2963e4bf4b48d59da0eb5e1
3597,37,2017-08-09,averia,1.0,13.1,f01bca7e8e6bedab1bbcee4ccddca238
3598,17,2018-05-20,retraso_trafico,0.3286,3.6,35572bdee2c8dfe1085aa9f6fd8ac60d
3599,27,2018-06-24,retraso_trafico,0.4827,1.1,7a5472f7c8cecc2e1cf43d12271e4eca
3600,21,2017-06-25,averia,1.0,8.7,ce170c4c87651a4312275b8139e76fd0
3601,15,2018-08-05,retraso_trafico,0.5349,4.4,f66ab2fcf6eb4fbb8c027f16de902cdc
3602,35,2017-10-28,condicion_climatica,0.9434,8.6,cde3a38426f2025992e76394bfed732c
3603,54,2018-05-10,averia,1.0,7.3,34f9adeb19b3048fe136cfc0fd8340a1
3604,1,2017-11-12,retraso_trafico,0.6003,2.7,49e9e78cdbec6c106e1958234d752ce4
3605,51,2018-04-24,falla_mecanica_menor,0.8003,3.8,14e741c1e9b28bfb6dbfcd4f9910a0f2
3606,4,2018-07-20,condicion_climatica,0.3634,2.9,f723bed53ca7e20f8a052677b83983e6
3607,14,2017-05-07,retraso_trafico,0.7776,5.9,c3d5c6fc77f1986421777d4d61779aca
3608,38,2018-02-20,averia,1.0,11.7,5c98b0371ccabb3658a8094d57525994
3609,47,2018-06-27,retraso_trafico,0.5217,3.5,cb71dc72237d3c654e1ac60c2ea343e2
3610,17,2018-05-03,condicion_climatica,0.8756,3.3,378cd0e3d827f4072ec92db9f0afeaf9
3611,11,2017-06-21,averia,0.873,20.7,39e9c38b504f39d0e4ee71af8823bc45
3612,19,2018-03-09,retraso_trafico,0.7676,3.4,f48360c3ded0f45d12be854d83cf01bd
